row,ID,group,fold,model,y,score,policy_pred,global_pred,top20_pred,age_band,income_quartile,education,children_at_home,household
0,5524,611,1,Logistic Regression,1,0.9518991561169352,1,1,1,50–64,Q3,Graduation,No children at home,Not partnered
1,2174,1993,4,XGBoost,0,0.14461871981620789,0,0,0,50–64,Q2,Graduation,Children at home,Not partnered
2,4141,1297,1,Logistic Regression,0,0.06749569808588604,0,0,0,35–49,Q4,Graduation,No children at home,Partnered
3,6182,1133,1,Logistic Regression,0,0.04596628573255047,0,0,0,Under 35,Q1,Graduation,Children at home,Partnered
4,5324,953,5,XGBoost,0,0.008734874427318573,0,0,0,Under 35,Q3,PhD,Children at home,Partnered
5,7446,1799,4,XGBoost,0,0.10438456386327744,0,0,0,35–49,Q3,Master,Children at home,Partnered
6,965,1977,5,XGBoost,0,0.3681134581565857,0,0,0,35–49,Q3,Graduation,Children at home,Not partnered
7,6177,431,5,XGBoost,0,0.30857908725738525,0,0,0,Under 35,Q1,PhD,Children at home,Partnered
8,4855,951,2,Logistic Regression,1,0.7521888335973622,1,0,1,35–49,Q1,PhD,Children at home,Partnered
9,5899,716,1,Logistic Regression,0,0.996467292807448,1,1,1,50–64,Q1,PhD,Children at home,Partnered
10,1994,729,4,XGBoost,0,0.26505693793296814,0,0,0,Under 35,Unknown,Graduation,Children at home,Partnered
11,387,250,2,Logistic Regression,0,0.08552097062003093,0,0,0,35–49,Q1,Basic,No children at home,Partnered
12,2125,301,4,XGBoost,0,0.20430965721607208,0,0,0,50–64,Q3,Graduation,No children at home,Not partnered
13,8180,966,1,Logistic Regression,0,0.09630223880854707,0,0,0,50–64,Q3,Master,Children at home,Not partnered
14,2569,573,4,XGBoost,0,0.2223905473947525,0,0,0,Under 35,Q1,Graduation,No children at home,Partnered
15,2114,169,2,Logistic Regression,1,0.9725774562381004,1,1,1,65+,Q4,PhD,No children at home,Not partnered
16,9736,1809,2,Logistic Regression,0,0.1831967755692291,0,0,0,Under 35,Q2,Graduation,Children at home,Partnered
17,4939,485,2,Logistic Regression,0,0.5075106596963529,0,0,0,65+,Q2,Graduation,No children at home,Partnered
18,6565,210,2,Logistic Regression,0,0.2895133270228598,0,0,0,65+,Q4,Master,Children at home,Partnered
19,2278,1245,1,Logistic Regression,0,0.18386129739635446,0,0,0,Under 35,Q1,2n Cycle,Children at home,Not partnered
20,9360,249,1,Logistic Regression,0,0.5203426863899275,0,0,0,Under 35,Q2,Graduation,No children at home,Partnered
21,5376,7,1,Logistic Regression,0,0.9926927759417077,1,1,1,35–49,Q1,Graduation,Children at home,Partnered
22,1993,514,4,XGBoost,0,0.4721183478832245,0,0,0,65+,Q3,PhD,Children at home,Partnered
23,4047,1441,3,SVM RBF,0,0.023485167091328377,0,0,0,50–64,Q3,PhD,Children at home,Partnered
24,1409,1670,1,Logistic Regression,0,0.10758245452785224,0,0,0,50–64,Q2,Graduation,Children at home,Partnered
25,7892,832,4,XGBoost,0,0.23576226830482483,0,0,0,35–49,Q1,Graduation,No children at home,Not partnered
26,2404,1967,2,Logistic Regression,0,0.3233964516596435,0,0,0,35–49,Q3,Graduation,Children at home,Partnered
27,5255,435,3,SVM RBF,0,0.2624787953782863,0,0,1,Under 35,Unknown,Graduation,Children at home,Not partnered
28,9422,377,5,XGBoost,0,0.028472138568758965,0,0,0,Under 35,Q2,Graduation,Children at home,Partnered
29,1966,701,3,SVM RBF,0,0.14883056063660846,0,0,0,35–49,Q4,PhD,No children at home,Partnered
30,6864,1533,2,Logistic Regression,0,0.4418756704138198,0,0,0,Under 35,Q1,Master,No children at home,Not partnered
31,3033,38,5,XGBoost,0,0.04063652455806732,0,0,0,50–64,Q2,Master,No children at home,Partnered
32,5710,737,5,XGBoost,0,0.05018137767910957,0,0,0,35–49,Q2,Graduation,Children at home,Partnered
33,7373,1919,4,XGBoost,1,0.8785523772239685,1,1,1,50–64,Q2,PhD,Children at home,Not partnered
34,8755,1199,2,Logistic Regression,0,0.8204731446845626,0,1,1,65+,Q4,Master,No children at home,Partnered
35,10738,884,1,Logistic Regression,0,0.11961746427856074,0,0,0,50–64,Q2,Master,Children at home,Not partnered
36,4339,1123,1,Logistic Regression,0,0.03169031064417325,0,0,0,35–49,Q3,PhD,Children at home,Partnered
37,10755,1301,3,SVM RBF,0,0.02154064629145747,0,0,0,35–49,Q1,2n Cycle,Children at home,Partnered
38,8595,754,3,SVM RBF,0,0.001510468705435732,0,0,0,35–49,Q2,Graduation,Children at home,Not partnered
39,2968,546,3,SVM RBF,1,0.9443730443085104,1,1,1,65+,Q2,PhD,No children at home,Not partnered
40,8601,708,4,XGBoost,0,0.5451394319534302,1,0,0,Under 35,Q4,Graduation,Children at home,Partnered
41,503,1671,2,Logistic Regression,0,0.16362902379658104,0,0,0,Under 35,Q1,Master,Children at home,Partnered
42,8430,515,4,XGBoost,0,0.17227408289909363,0,0,0,50–64,Q1,Graduation,Children at home,Partnered
43,7281,1744,1,Logistic Regression,0,0.00012483844787423883,0,0,0,50–64,Unknown,PhD,No children at home,Not partnered
44,2139,893,4,XGBoost,0,0.1561988741159439,0,0,0,35–49,Q1,Master,Children at home,Partnered
45,1371,77,5,XGBoost,0,0.046175044029951096,0,0,0,35–49,Q4,Graduation,No children at home,Not partnered
46,9909,398,3,SVM RBF,1,0.20008571005979026,0,0,0,Under 35,Q1,2n Cycle,No children at home,Partnered
47,7286,1608,1,Logistic Regression,0,0.12047019745927967,0,0,0,35–49,Q2,Graduation,Children at home,Partnered
48,7244,1580,3,SVM RBF,0,0.004252535983958979,0,0,0,50–64,Unknown,Graduation,Children at home,Not partnered
49,6566,211,3,SVM RBF,0,0.18966898095502954,0,0,0,50–64,Q4,PhD,Children at home,Partnered
50,8614,213,3,SVM RBF,0,0.002329417070550175,0,0,0,50–64,Q3,Graduation,Children at home,Not partnered
51,4114,277,4,XGBoost,0,0.5760838985443115,0,0,0,50–64,Q4,Master,No children at home,Partnered
52,1331,1720,4,XGBoost,0,0.28103628754615784,0,0,0,35–49,Q2,Graduation,Children at home,Not partnered
53,2225,88,4,XGBoost,1,0.8577663898468018,1,1,1,35–49,Q4,Graduation,No children at home,Not partnered
54,9381,254,4,XGBoost,0,0.08703459799289703,0,0,0,35–49,Q3,Graduation,Children at home,Partnered
55,6260,1504,5,XGBoost,1,0.10993029177188873,0,0,0,50–64,Q4,Master,No children at home,Partnered
56,10383,142,5,XGBoost,1,0.4142692983150482,0,0,0,35–49,Q4,Graduation,No children at home,Not partnered
57,7437,267,3,SVM RBF,0,0.006683150778091875,0,0,0,Under 35,Q1,Graduation,Children at home,Not partnered
58,8557,61,4,XGBoost,0,0.1252901554107666,0,0,0,Under 35,Unknown,Graduation,Children at home,Not partnered
59,8375,1210,1,Logistic Regression,0,0.018415680704899153,0,0,0,35–49,Q3,PhD,Children at home,Partnered
60,6853,1841,2,Logistic Regression,1,0.9747651606003453,1,1,1,Under 35,Q4,Master,No children at home,Not partnered
61,3076,454,5,XGBoost,0,0.023282499983906746,0,0,0,35–49,Q3,Graduation,Children at home,Partnered
62,1012,1851,1,Logistic Regression,0,0.42973774635485307,0,0,0,50–64,Q3,Graduation,Children at home,Not partnered
63,6518,303,2,Logistic Regression,0,0.32548898740296656,0,0,0,50–64,Q4,PhD,Children at home,Not partnered
64,4137,1588,1,Logistic Regression,0,0.2621916321792912,0,0,0,65+,Q4,Graduation,No children at home,Partnered
65,8082,963,2,Logistic Regression,1,0.05764936665051758,0,0,0,35–49,Q1,Graduation,Children at home,Partnered
66,1386,696,2,Logistic Regression,0,0.024920609459273407,0,0,0,35–49,Q1,Graduation,Children at home,Partnered
67,9369,1804,3,SVM RBF,1,0.39780506215430933,0,0,1,35–49,Q4,2n Cycle,Children at home,Not partnered
68,4477,1712,4,XGBoost,0,0.28022390604019165,0,0,0,50–64,Q4,Graduation,Children at home,Partnered
69,1357,753,5,XGBoost,0,0.16739660501480103,0,0,0,35–49,Q4,Graduation,Children at home,Partnered
70,1402,1447,3,SVM RBF,0,0.6134733005339663,0,1,1,50–64,Q3,Master,No children at home,Partnered
71,10629,1180,5,XGBoost,0,0.7724013924598694,1,1,1,35–49,Unknown,2n Cycle,Children at home,Partnered
72,6312,152,5,XGBoost,0,0.03160986304283142,0,0,0,50–64,Q3,Graduation,Children at home,Partnered
73,8132,682,4,XGBoost,0,0.17512646317481995,0,0,0,35–49,Q3,PhD,Children at home,Partnered
74,1050,532,1,Logistic Regression,0,0.005442192948104185,0,0,0,50–64,Q1,Graduation,No children at home,Partnered
75,5846,723,2,Logistic Regression,0,0.3545231152564505,0,0,0,35–49,Q2,Graduation,Children at home,Not partnered
76,1859,1026,5,XGBoost,1,0.7927857637405396,1,1,1,35–49,Q4,Master,No children at home,Partnered
77,7503,1647,3,SVM RBF,1,0.8204512911566771,1,1,1,35–49,Q4,Graduation,No children at home,Not partnered
78,10401,1114,3,SVM RBF,0,0.017114146807010767,0,0,0,35–49,Q1,2n Cycle,No children at home,Partnered
79,1618,692,5,XGBoost,1,0.7752281427383423,1,1,1,35–49,Q3,Graduation,No children at home,Partnered
80,3332,912,5,XGBoost,0,0.5068204402923584,1,0,1,Under 35,Q1,Graduation,Children at home,Not partnered
81,2261,1065,2,Logistic Regression,0,0.43115332427239494,0,0,0,35–49,Q1,Graduation,Children at home,Partnered
82,5346,79,4,XGBoost,0,0.07017337530851364,0,0,0,35–49,Q1,2n Cycle,Children at home,Partnered
83,4119,38,5,XGBoost,0,0.04063652455806732,0,0,0,50–64,Q2,Master,No children at home,Partnered
84,535,1940,5,XGBoost,0,0.44473543763160706,0,0,0,Under 35,Q4,Graduation,No children at home,Not partnered
85,5268,1402,5,XGBoost,0,0.0011810361174866557,0,0,0,50–64,Q1,Graduation,Children at home,Partnered
86,273,506,5,XGBoost,0,0.09490659087896347,0,0,0,35–49,Q2,Master,Children at home,Partnered
87,4452,1056,2,Logistic Regression,1,0.8068583696420051,1,1,1,50–64,Q2,Graduation,Children at home,Not partnered
88,8504,2010,4,XGBoost,0,0.3533431589603424,0,0,0,35–49,Q4,Graduation,No children at home,Partnered
89,771,779,4,XGBoost,0,0.02755289524793625,0,0,0,35–49,Q3,Graduation,Children at home,Partnered
90,8996,1222,1,Logistic Regression,0,0.04772060028604717,0,0,0,50–64,Unknown,PhD,Children at home,Partnered
91,9235,1163,4,XGBoost,0,0.08688177168369293,0,0,0,50–64,Unknown,Graduation,Children at home,Not partnered
92,5798,232,4,XGBoost,0,0.031397461891174316,0,0,0,35–49,Unknown,Master,No children at home,Partnered
93,11178,767,4,XGBoost,0,0.029325012117624283,0,0,0,35–49,Q2,Master,Children at home,Not partnered
94,2230,324,5,XGBoost,0,0.004895393270999193,0,0,0,35–49,Q1,PhD,Children at home,Partnered
95,7516,223,1,Logistic Regression,0,0.03166318546901503,0,0,0,Under 35,Q1,Graduation,Children at home,Partnered
96,7247,1288,3,SVM RBF,0,0.22172976416524473,0,0,1,50–64,Q2,Graduation,Children at home,Not partnered
97,11100,1476,3,SVM RBF,0,0.04911078026105422,0,0,0,35–49,Q2,Graduation,Children at home,Not partnered
98,4646,2013,3,SVM RBF,0,0.03878786931187708,0,0,0,50–64,Q4,2n Cycle,No children at home,Partnered
99,3037,1477,5,XGBoost,0,0.03774924576282501,0,0,0,Under 35,Q2,PhD,No children at home,Partnered
100,1473,746,5,XGBoost,0,0.12641234695911407,0,0,0,50–64,Q2,2n Cycle,Children at home,Not partnered
101,1016,113,2,Logistic Regression,0,0.10998971909316288,0,0,0,50–64,Q2,PhD,Children at home,Not partnered
102,4518,1509,5,XGBoost,0,0.019751960411667824,0,0,0,35–49,Q4,Graduation,Children at home,Partnered
103,9370,1286,2,Logistic Regression,0,0.19524882775616748,0,0,0,65+,Q3,PhD,No children at home,Partnered
104,8908,1620,2,Logistic Regression,1,0.477333725678859,0,0,0,50–64,Q4,Graduation,No children at home,Partnered
105,8373,1984,5,XGBoost,0,0.0014225940685719252,0,0,0,35–49,Q1,Basic,Children at home,Partnered
106,7533,1239,1,Logistic Regression,0,0.12471508690619108,0,0,0,50–64,Q2,Graduation,Children at home,Partnered
107,2683,797,4,XGBoost,0,0.12743960320949554,0,0,0,35–49,Q3,Graduation,Children at home,Partnered
108,3629,234,2,Logistic Regression,0,0.6147706646492838,1,0,1,35–49,Q2,Graduation,Children at home,Not partnered
109,10991,130,3,SVM RBF,0,0.12196466711986867,0,0,0,50–64,Q4,Master,No children at home,Partnered
110,5077,1717,5,XGBoost,0,0.021751193329691887,0,0,0,35–49,Q4,Graduation,Children at home,Partnered
111,7431,1016,2,Logistic Regression,1,0.9786903146963029,1,1,1,Under 35,Q4,PhD,No children at home,Not partnered
112,3267,876,3,SVM RBF,0,0.00767722133688178,0,0,0,50–64,Q3,Master,Children at home,Partnered
113,999,1729,2,Logistic Regression,1,0.4347548390124835,0,0,0,Under 35,Q4,Graduation,No children at home,Not partnered
114,9215,615,2,Logistic Regression,0,0.6455291688210073,1,0,1,Under 35,Q2,PhD,Children at home,Partnered
115,2286,987,1,Logistic Regression,0,0.2434480618603456,0,0,0,50–64,Q2,Graduation,Children at home,Not partnered
116,1592,556,4,XGBoost,0,0.85841965675354,1,1,1,35–49,Q4,Graduation,No children at home,Partnered
117,367,1757,1,Logistic Regression,0,0.1252060664093453,0,0,0,35–49,Q2,2n Cycle,Children at home,Partnered
118,5234,503,1,Logistic Regression,0,0.009171210472460473,0,0,0,35–49,Q1,2n Cycle,Children at home,Partnered
119,9862,581,3,SVM RBF,0,0.021557586794091557,0,0,0,35–49,Q1,Graduation,Children at home,Partnered
120,9805,418,4,XGBoost,0,0.056709062308073044,0,0,0,50–64,Q3,Master,Children at home,Partnered
121,6205,1112,1,Logistic Regression,1,0.3386511014940864,0,0,0,35–49,Q1,Master,Children at home,Not partnered
122,8442,1653,1,Logistic Regression,0,0.03425158433706646,0,0,0,Under 35,Q1,Master,Children at home,Partnered
123,7386,1576,4,XGBoost,0,0.042095255106687546,0,0,0,35–49,Q1,Graduation,Children at home,Not partnered
124,7215,1263,5,XGBoost,1,0.8115445971488953,1,1,1,Under 35,Q4,Graduation,No children at home,Not partnered
125,1491,1376,5,XGBoost,0,0.010689450427889824,0,0,0,35–49,Q4,2n Cycle,No children at home,Partnered
126,11071,371,4,XGBoost,1,0.8087016344070435,0,1,1,Under 35,Q4,Graduation,No children at home,Not partnered
127,3381,569,1,Logistic Regression,0,0.0053911111063910085,0,0,0,50–64,Q3,Master,Children at home,Partnered
128,8268,40,5,XGBoost,0,0.04425840452313423,0,0,0,50–64,Unknown,PhD,Children at home,Partnered
129,11051,1237,4,XGBoost,0,0.019913194701075554,0,0,0,50–64,Q4,PhD,Children at home,Partnered
130,8026,257,2,Logistic Regression,0,0.46067708634010157,0,0,0,50–64,Q3,Graduation,Children at home,Partnered
131,433,1011,2,Logistic Regression,0,0.3896681570738717,0,0,0,50–64,Q3,Master,Children at home,Not partnered
132,9597,194,3,SVM RBF,0,0.01021924801451006,0,0,0,35–49,Q4,Graduation,No children at home,Partnered
133,1295,823,5,XGBoost,0,0.012791169807314873,0,0,0,50–64,Unknown,Graduation,Children at home,Partnered
134,5290,1398,1,Logistic Regression,0,0.1312720107021452,0,0,0,50–64,Q2,PhD,Children at home,Partnered
135,1685,915,3,SVM RBF,0,0.19304304440359307,0,0,0,35–49,Q3,PhD,No children at home,Partnered
136,5342,348,3,SVM RBF,0,0.08198927116853895,0,0,0,35–49,Q1,Basic,Children at home,Not partnered
137,9579,1666,3,SVM RBF,0,0.07716431404070058,0,0,0,50–64,Q1,PhD,Children at home,Partnered
138,7660,660,1,Logistic Regression,1,0.7834749923242048,1,0,1,35–49,Q2,PhD,Children at home,Not partnered
139,1461,1063,3,SVM RBF,0,0.060224526401602946,0,0,0,35–49,Q2,PhD,Children at home,Not partnered
140,821,1478,2,Logistic Regression,0,0.7229625106720601,0,0,1,Under 35,Q4,Master,No children at home,Not partnered
141,11084,343,3,SVM RBF,1,0.009055125803948431,0,0,0,35–49,Q3,Master,Children at home,Partnered
142,8690,192,2,Logistic Regression,0,0.29532549561169474,0,0,0,50–64,Q4,Graduation,No children at home,Partnered
143,2937,690,2,Logistic Regression,0,0.2119257632960553,0,0,0,35–49,Q4,PhD,Children at home,Not partnered
144,9701,1388,3,SVM RBF,0,0.131994687732353,0,0,0,Under 35,Q2,Graduation,Children at home,Partnered
145,9949,52,1,Logistic Regression,0,0.24955901862238636,0,0,0,35–49,Q3,Graduation,Children at home,Partnered
146,10837,722,1,Logistic Regression,1,0.23254736492348066,0,0,0,35–49,Q1,Graduation,Children at home,Partnered
147,3120,1639,4,XGBoost,0,0.08500494062900543,0,0,0,Under 35,Q2,Graduation,Children at home,Partnered
148,5885,369,2,Logistic Regression,0,0.20647676185231034,0,0,0,35–49,Q2,2n Cycle,Children at home,Partnered
149,4050,603,5,XGBoost,0,0.005449372809380293,0,0,0,35–49,Q2,Master,No children at home,Partnered
150,3830,752,2,Logistic Regression,0,0.0047402492052728016,0,0,0,50–64,Q3,Master,Children at home,Partnered
151,7987,589,4,XGBoost,0,0.0726865753531456,0,0,0,35–49,Q3,Graduation,Children at home,Partnered
152,7798,637,5,XGBoost,0,0.1314319223165512,0,0,0,35–49,Q2,2n Cycle,Children at home,Partnered
153,92,123,2,Logistic Regression,0,0.6061632112228723,1,0,1,Under 35,Q1,Graduation,Children at home,Not partnered
154,7055,1677,3,SVM RBF,0,0.06543281562457512,0,0,0,50–64,Q3,PhD,Children at home,Partnered
155,10240,888,5,XGBoost,1,0.9548872113227844,1,1,1,65+,Q4,Graduation,No children at home,Partnered
156,3025,493,3,SVM RBF,0,0.13373103569509726,0,0,0,50–64,Q2,Graduation,Children at home,Not partnered
157,9283,114,3,SVM RBF,0,0.00909213098815534,0,0,0,35–49,Q3,Graduation,Children at home,Not partnered
158,9970,845,5,XGBoost,0,0.17206084728240967,0,0,0,35–49,Q3,Graduation,Children at home,Partnered
159,2730,1422,2,Logistic Regression,0,0.08237442006501218,0,0,0,50–64,Q4,Graduation,No children at home,Not partnered
160,2795,1953,3,SVM RBF,0,0.10269833380969662,0,0,0,50–64,Q1,Master,Children at home,Not partnered
161,9260,959,4,XGBoost,0,0.5118715763092041,0,0,0,65+,Q4,PhD,No children at home,Partnered
162,8182,742,4,XGBoost,0,0.0571398064494133,0,0,0,Under 35,Q1,Graduation,Children at home,Partnered
163,10095,1445,3,SVM RBF,0,0.32986752463661534,0,0,1,35–49,Q4,PhD,No children at home,Not partnered
164,8475,278,3,SVM RBF,0,0.06944633559731997,0,0,0,35–49,Q4,PhD,Children at home,Partnered
165,4370,182,1,Logistic Regression,0,0.03468938092877356,0,0,0,35–49,Q2,Graduation,Children at home,Partnered
166,10573,1486,4,XGBoost,0,0.8211661577224731,0,1,1,50–64,Q3,Graduation,No children at home,Not partnered
167,3712,836,3,SVM RBF,0,0.017769504365171936,0,0,0,50–64,Q3,Graduation,No children at home,Not partnered
168,6637,283,4,XGBoost,0,0.28108522295951843,0,0,0,Under 35,Q3,Graduation,No children at home,Not partnered
169,3152,1875,5,XGBoost,0,0.04385509341955185,0,0,0,50–64,Q1,Graduation,Children at home,Partnered
170,5610,1139,1,Logistic Regression,0,0.026541597493266997,0,0,0,35–49,Q1,Graduation,Children at home,Partnered
171,6460,206,5,XGBoost,0,0.032951727509498596,0,0,0,Under 35,Q1,Graduation,Children at home,Partnered
172,1349,1364,4,XGBoost,0,0.2596086263656616,0,0,0,35–49,Q2,Graduation,Children at home,Partnered
173,1880,528,3,SVM RBF,0,0.018694435457940282,0,0,0,50–64,Q3,PhD,Children at home,Partnered
174,641,564,5,XGBoost,0,0.248901829123497,0,0,0,35–49,Q3,Graduation,Children at home,Not partnered
175,8717,1154,4,XGBoost,0,0.41913917660713196,0,0,0,35–49,Q4,PhD,Children at home,Partnered
176,10314,698,5,XGBoost,1,0.9543663263320923,1,1,1,65+,Q4,PhD,No children at home,Partnered
177,10854,829,2,Logistic Regression,0,0.009536372821122028,0,0,0,35–49,Q2,PhD,Children at home,Partnered
178,10492,730,5,XGBoost,0,0.0008003843831829727,0,0,0,50–64,Q2,Graduation,Children at home,Partnered
179,6935,2013,3,SVM RBF,0,0.03878786931187708,0,0,0,50–64,Q4,2n Cycle,No children at home,Partnered
180,7698,1656,3,SVM RBF,0,0.0019191005463507172,0,0,0,35–49,Q2,PhD,Children at home,Partnered
181,3559,1675,1,Logistic Regression,0,0.003313338346336077,0,0,0,Under 35,Q1,2n Cycle,Children at home,Partnered
182,10562,2002,3,SVM RBF,0,0.005164611265405107,0,0,0,65+,Q3,Master,No children at home,Partnered
183,10796,572,2,Logistic Regression,0,0.031975176144951836,0,0,0,Under 35,Q1,Master,Children at home,Partnered
184,2563,1932,3,SVM RBF,0,0.0013958348513876872,0,0,0,50–64,Q1,Basic,No children at home,Partnered
185,3518,391,4,XGBoost,0,0.34552496671676636,0,0,0,Under 35,Q1,Graduation,Children at home,Partnered
186,5823,1674,5,XGBoost,0,0.000805285235401243,0,0,0,35–49,Q1,PhD,Children at home,Not partnered
187,3934,1833,5,XGBoost,0,0.016215266659855843,0,0,0,35–49,Q3,Graduation,Children at home,Partnered
188,6982,45,5,XGBoost,0,0.385566771030426,0,0,0,35–49,Q4,Graduation,No children at home,Partnered
189,6431,94,4,XGBoost,0,0.40087130665779114,0,0,0,50–64,Q2,PhD,Children at home,Partnered
190,9733,1981,5,XGBoost,0,0.8391394019126892,1,1,1,35–49,Q1,Basic,Children at home,Partnered
191,5602,773,4,XGBoost,0,0.07125567644834518,0,0,0,Under 35,Q3,PhD,No children at home,Partnered
192,1324,58,1,Logistic Regression,0,0.05879944933206501,0,0,0,Under 35,Q2,Graduation,Children at home,Partnered
193,326,786,5,XGBoost,0,0.023650331422686577,0,0,0,35–49,Q3,Graduation,Children at home,Partnered
194,7224,1735,3,SVM RBF,0,0.036443049607423034,0,0,0,35–49,Q1,Graduation,Children at home,Partnered
195,6999,1896,1,Logistic Regression,0,0.0015132557223551425,0,0,0,Under 35,Q4,Master,No children at home,Partnered
196,9938,526,4,XGBoost,0,0.30498504638671875,0,0,0,50–64,Q4,Graduation,No children at home,Partnered
197,6422,769,3,SVM RBF,0,0.26522051130308727,0,0,1,50–64,Q4,Graduation,No children at home,Partnered
198,3182,413,4,XGBoost,1,0.46161097288131714,0,0,0,35–49,Q2,PhD,Children at home,Not partnered
199,7300,1355,1,Logistic Regression,0,0.05364064014742445,0,0,0,50–64,Q4,Graduation,Children at home,Not partnered
200,10424,1040,1,Logistic Regression,0,0.07559558300570576,0,0,0,35–49,Q4,Graduation,No children at home,Not partnered
201,8727,1027,3,SVM RBF,0,0.017104733877786132,0,0,0,35–49,Q3,Graduation,Children at home,Not partnered
202,2798,1271,4,XGBoost,1,0.8936015963554382,1,1,1,35–49,Q4,PhD,No children at home,Partnered
203,1030,308,4,XGBoost,0,0.09288839250802994,0,0,0,35–49,Q2,PhD,Children at home,Not partnered
204,624,1334,3,SVM RBF,1,0.6375152969828386,0,1,1,Under 35,Q1,Master,No children at home,Not partnered
205,5176,911,4,XGBoost,0,0.05497581139206886,0,0,0,Under 35,Q1,Graduation,Children at home,Partnered
206,5552,218,3,SVM RBF,0,0.13553666310933163,0,0,0,50–64,Q2,Master,Children at home,Not partnered
207,868,899,4,XGBoost,0,0.014061611145734787,0,0,0,35–49,Q2,Graduation,Children at home,Partnered
208,380,1934,2,Logistic Regression,1,0.9827969242971519,1,1,1,50–64,Q3,Graduation,Children at home,Not partnered
209,2677,409,1,Logistic Regression,0,0.30476464169120926,0,0,0,50–64,Q2,Graduation,Children at home,Partnered
210,6521,751,1,Logistic Regression,0,0.05855075309487741,0,0,0,50–64,Q4,Graduation,No children at home,Partnered
211,6927,1045,3,SVM RBF,0,0.46976030589667356,1,0,1,35–49,Q2,PhD,Children at home,Partnered
212,2877,1392,5,XGBoost,0,0.2029036432504654,0,0,0,35–49,Q2,Master,Children at home,Partnered
213,0,1513,3,SVM RBF,0,0.03462419440861899,0,0,0,Under 35,Q4,Graduation,No children at home,Partnered
214,1584,735,4,XGBoost,0,0.17872139811515808,0,0,0,35–49,Q2,Graduation,Children at home,Partnered
215,7264,1741,5,XGBoost,0,0.04747899994254112,0,0,0,35–49,Q3,2n Cycle,Children at home,Not partnered
216,6274,1142,5,XGBoost,0,0.8229977488517761,1,1,1,65+,Q4,Master,No children at home,Partnered
217,1377,53,2,Logistic Regression,0,0.3339751113331423,0,0,0,50–64,Q2,Master,Children at home,Not partnered
218,454,1371,2,Logistic Regression,0,0.05749464185263408,0,0,0,Under 35,Q4,Graduation,Children at home,Partnered
219,1755,1409,2,Logistic Regression,0,0.00107884434811906,0,0,0,Under 35,Q2,2n Cycle,Children at home,Partnered
220,2075,1209,5,XGBoost,0,0.08035771548748016,0,0,0,35–49,Q4,Graduation,No children at home,Partnered
221,4785,1824,3,SVM RBF,0,0.005493859079512397,0,0,0,35–49,Q4,PhD,Children at home,Partnered
222,9076,952,3,SVM RBF,0,0.3168224483805056,0,0,1,Under 35,Q1,PhD,Children at home,Partnered
223,7079,913,1,Logistic Regression,0,0.5471476400584157,0,0,0,50–64,Q3,Graduation,Children at home,Not partnered
224,4653,174,3,SVM RBF,0,0.05628913246938215,0,0,0,35–49,Q2,Graduation,Children at home,Partnered
225,7375,1013,1,Logistic Regression,0,0.1295726436065719,0,0,0,35–49,Q3,Graduation,Children at home,Partnered
226,709,1706,3,SVM RBF,0,0.03461309712802187,0,0,0,50–64,Q2,Graduation,Children at home,Not partnered
227,460,390,2,Logistic Regression,0,0.4381766463573525,0,0,0,35–49,Q4,PhD,No children at home,Partnered
228,3726,1714,5,XGBoost,0,0.09127935022115707,0,0,0,Under 35,Q1,PhD,Children at home,Partnered
229,6798,1684,5,XGBoost,1,0.4218587875366211,0,0,0,35–49,Q2,Graduation,Children at home,Not partnered
230,5341,1214,5,XGBoost,0,0.9225780367851257,1,1,1,50–64,Q4,2n Cycle,Children at home,Not partnered
231,1606,851,3,SVM RBF,0,0.016782761341917724,0,0,0,35–49,Q2,Graduation,Children at home,Partnered
232,9617,1556,5,XGBoost,0,0.005398992449045181,0,0,0,50–64,Q1,Graduation,No children at home,Not partnered
233,3233,1290,5,XGBoost,0,0.04295635595917702,0,0,0,35–49,Q3,PhD,Children at home,Partnered
234,89,1208,4,XGBoost,0,0.0629708543419838,0,0,0,35–49,Q1,2n Cycle,Children at home,Partnered
235,2936,329,4,XGBoost,0,0.01615782268345356,0,0,0,Under 35,Q1,Master,Children at home,Partnered
236,9449,869,3,SVM RBF,0,0.01910606703630918,0,0,0,50–64,Q4,PhD,Children at home,Not partnered
237,7297,17,3,SVM RBF,0,0.06030266385354223,0,0,0,35–49,Q1,Graduation,Children at home,Not partnered
238,313,396,2,Logistic Regression,0,0.1744957566824614,0,0,0,35–49,Q4,Graduation,No children at home,Not partnered
239,9940,2011,1,Logistic Regression,0,0.03996306335517077,0,0,0,50–64,Q3,Graduation,Children at home,Partnered
240,10735,1884,1,Logistic Regression,0,0.06799743136823563,0,0,0,35–49,Q1,Graduation,Children at home,Not partnered
241,9529,694,5,XGBoost,1,0.42855268716812134,0,0,0,Under 35,Q4,Graduation,No children at home,Partnered
242,6439,1308,3,SVM RBF,0,0.16217233331527717,0,0,0,50–64,Q3,Graduation,Children at home,Partnered
243,7411,946,2,Logistic Regression,0,0.058656810469248394,0,0,0,50–64,Q1,PhD,Children at home,Partnered
244,2176,1899,4,XGBoost,1,0.8109648823738098,1,1,1,35–49,Q4,Graduation,Children at home,Partnered
245,9265,1136,4,XGBoost,0,0.1846219003200531,0,0,0,50–64,Q4,Graduation,Children at home,Partnered
246,8867,1243,5,XGBoost,0,0.3202385902404785,0,0,0,Under 35,Q4,PhD,No children at home,Partnered
247,8932,1374,3,SVM RBF,0,0.1130212596726142,0,0,0,35–49,Q3,Master,Children at home,Partnered
248,10236,1615,4,XGBoost,0,0.13584250211715698,0,0,0,35–49,Q1,Master,Children at home,Not partnered
249,6340,820,4,XGBoost,0,0.042581405490636826,0,0,0,Under 35,Q1,Graduation,Children at home,Not partnered
250,10089,1593,4,XGBoost,1,0.9737048149108887,1,1,1,35–49,Q4,Graduation,No children at home,Not partnered
251,2227,922,3,SVM RBF,0,0.011713342257797289,0,0,0,50–64,Q1,2n Cycle,No children at home,Partnered
252,10992,1537,4,XGBoost,0,0.13838312029838562,0,0,0,35–49,Q4,Graduation,Children at home,Partnered
253,5304,502,5,XGBoost,0,0.1218157410621643,0,0,0,35–49,Q1,PhD,Children at home,Not partnered
254,309,600,5,XGBoost,0,0.8684012293815613,1,1,1,50–64,Q3,PhD,Children at home,Partnered
255,3406,647,2,Logistic Regression,0,0.0504005732056632,0,0,0,50–64,Q2,Graduation,Children at home,Not partnered
256,2661,1147,4,XGBoost,0,0.03708239644765854,0,0,0,50–64,Q1,Graduation,Children at home,Not partnered
257,3153,1207,2,Logistic Regression,0,0.2547924499591945,0,0,0,50–64,Q2,PhD,Children at home,Not partnered
258,10264,688,3,SVM RBF,1,0.7668395474189933,1,1,1,35–49,Q1,Graduation,Children at home,Not partnered
259,1184,395,1,Logistic Regression,0,0.38351859357707935,0,0,0,35–49,Q4,PhD,Children at home,Not partnered
260,4200,940,1,Logistic Regression,0,0.001683464201618218,0,0,0,35–49,Q2,Master,Children at home,Partnered
261,9396,84,5,XGBoost,0,0.2514665126800537,0,0,0,35–49,Q2,PhD,Children at home,Partnered
262,2387,1066,4,XGBoost,1,0.5588024854660034,1,0,0,50–64,Q2,Master,Children at home,Partnered
263,6690,216,1,Logistic Regression,0,0.5802548909798512,0,0,0,35–49,Q2,Master,Children at home,Partnered
264,1225,1415,1,Logistic Regression,0,0.14195145679527008,0,0,0,50–64,Q4,Graduation,No children at home,Partnered
265,9703,1668,4,XGBoost,1,0.8564165830612183,1,1,1,35–49,Q2,PhD,Children at home,Partnered
266,291,1192,4,XGBoost,0,0.39019039273262024,0,0,0,35–49,Q4,Graduation,No children at home,Partnered
267,4557,1004,4,XGBoost,0,0.5987316370010376,1,1,1,35–49,Q1,Graduation,Children at home,Partnered
268,2379,665,1,Logistic Regression,1,0.938945796597774,1,1,1,50–64,Q4,Graduation,No children at home,Not partnered
269,5726,1498,5,XGBoost,0,0.24437084794044495,0,0,0,Under 35,Q1,Master,Children at home,Not partnered
270,3066,224,3,SVM RBF,0,0.03407174150401141,0,0,0,35–49,Q3,PhD,Children at home,Partnered
271,6336,1710,2,Logistic Regression,0,0.06737443506505048,0,0,0,50–64,Q1,Graduation,Children at home,Partnered
272,10967,1404,2,Logistic Regression,0,0.5803612779906122,1,0,0,50–64,Q1,Graduation,Children at home,Not partnered
273,2304,791,4,XGBoost,0,0.017422661185264587,0,0,0,50–64,Q3,PhD,Children at home,Partnered
274,3445,879,2,Logistic Regression,1,0.41120320074101563,0,0,0,50–64,Q3,Graduation,No children at home,Not partnered
275,7828,1302,4,XGBoost,0,0.12260358780622482,0,0,0,Under 35,Q4,Master,No children at home,Partnered
276,3762,568,3,SVM RBF,1,0.7830264885671125,1,1,1,Under 35,Q4,PhD,No children at home,Not partnered
277,4391,1150,1,Logistic Regression,0,0.10193260157431187,0,0,0,35–49,Q3,Master,Children at home,Not partnered
278,4669,914,4,XGBoost,0,0.1674279123544693,0,0,0,Under 35,Q1,Basic,Children at home,Partnered
279,10144,1013,1,Logistic Regression,0,0.1295726436065719,0,0,0,35–49,Q3,Graduation,Children at home,Partnered
280,8652,485,2,Logistic Regression,0,0.5075106596963529,0,0,0,65+,Q2,Graduation,No children at home,Partnered
281,1672,1847,2,Logistic Regression,0,0.009594673462212766,0,0,0,35–49,Q3,PhD,Children at home,Partnered
282,8962,1930,1,Logistic Regression,0,0.027285281210735104,0,0,0,35–49,Q2,Master,Children at home,Partnered
283,9974,1382,2,Logistic Regression,0,0.057268701822861756,0,0,0,35–49,Q1,Graduation,Children at home,Partnered
284,10983,1820,4,XGBoost,0,0.2456059455871582,0,0,0,50–64,Q4,Graduation,No children at home,Partnered
285,8148,472,4,XGBoost,0,0.11292260885238647,0,0,0,50–64,Q3,Master,Children at home,Partnered
286,10102,1865,5,XGBoost,0,0.7779419422149658,1,1,1,35–49,Q4,Graduation,No children at home,Not partnered
287,4697,644,5,XGBoost,0,0.39655497670173645,0,0,0,65+,Q2,Master,No children at home,Not partnered
288,9262,1780,1,Logistic Regression,0,0.5565881402627055,0,0,0,Under 35,Q1,2n Cycle,No children at home,Partnered
289,7254,605,1,Logistic Regression,0,0.04849018302683665,0,0,0,35–49,Q2,Graduation,Children at home,Partnered
290,4543,175,4,XGBoost,0,0.7484913468360901,0,1,1,Under 35,Q4,Graduation,No children at home,Partnered
291,4927,834,5,XGBoost,0,0.09004512429237366,0,0,0,35–49,Q1,Graduation,Children at home,Partnered
292,10451,1554,3,SVM RBF,0,0.03469024975041194,0,0,0,35–49,Q1,Graduation,Children at home,Partnered
293,2926,892,5,XGBoost,0,0.49649131298065186,1,0,1,50–64,Q3,Master,Children at home,Partnered
294,2874,1384,4,XGBoost,0,0.07747983187437057,0,0,0,Under 35,Q1,2n Cycle,Children at home,Not partnered
295,9738,1954,5,XGBoost,0,0.04432347044348717,0,0,0,Under 35,Q2,Master,Children at home,Partnered
296,7119,639,3,SVM RBF,0,0.11928002145907732,0,0,0,Under 35,Q3,Graduation,No children at home,Not partnered
297,3924,475,2,Logistic Regression,0,0.2922110911234991,0,0,0,35–49,Q3,PhD,Children at home,Not partnered
298,5827,625,1,Logistic Regression,0,0.05334765841866084,0,0,0,50–64,Q1,Graduation,Children at home,Not partnered
299,5596,835,3,SVM RBF,0,0.0019719220168360353,0,0,0,50–64,Q3,2n Cycle,Children at home,Partnered
300,10812,457,3,SVM RBF,0,0.0047754570789397275,0,0,0,35–49,Q2,PhD,Children at home,Partnered
301,1717,2031,5,XGBoost,0,0.09142106771469116,0,0,0,Under 35,Q2,Graduation,Children at home,Not partnered
302,9491,1412,4,XGBoost,0,0.14961162209510803,0,0,0,Under 35,Q1,Graduation,Children at home,Partnered
303,9274,728,3,SVM RBF,0,0.14496877481920373,0,0,0,50–64,Q4,Master,No children at home,Partnered
304,6609,595,3,SVM RBF,1,0.10438702904710831,0,0,0,35–49,Q1,Graduation,No children at home,Not partnered
305,6963,759,2,Logistic Regression,0,0.11794810107186443,0,0,0,65+,Q4,Graduation,No children at home,Not partnered
306,4440,41,3,SVM RBF,0,0.008971239372784896,0,0,0,50–64,Q3,Master,Children at home,Partnered
307,1379,1269,2,Logistic Regression,0,0.2842841765596185,0,0,0,Under 35,Q2,Master,No children at home,Partnered
308,10032,541,3,SVM RBF,0,0.023561968482661202,0,0,0,35–49,Q1,Graduation,Children at home,Not partnered
309,2826,1926,2,Logistic Regression,0,0.040971768366577295,0,0,0,35–49,Q1,Graduation,Children at home,Partnered
310,2437,2030,4,XGBoost,0,0.6745785474777222,0,1,1,Under 35,Unknown,Graduation,No children at home,Partnered
311,6320,1960,5,XGBoost,0,0.6046699285507202,0,0,1,35–49,Q4,Master,No children at home,Not partnered
312,3050,1900,2,Logistic Regression,0,0.07667756725851871,0,0,0,35–49,Q3,Graduation,Children at home,Partnered
313,231,804,3,SVM RBF,0,0.002211389975268879,0,0,0,50–64,Q1,Master,Children at home,Partnered
314,2392,1922,3,SVM RBF,0,0.013895413642686592,0,0,0,35–49,Q2,Graduation,Children at home,Partnered
315,9478,165,4,XGBoost,0,0.5119210481643677,1,0,0,Under 35,Q3,Graduation,Children at home,Not partnered
316,113,1082,4,XGBoost,0,0.054163288325071335,0,0,0,50–64,Q1,Graduation,Children at home,Partnered
317,2863,1456,5,XGBoost,0,0.327867716550827,0,0,0,35–49,Unknown,Graduation,Children at home,Not partnered
318,1802,66,2,Logistic Regression,0,0.053611537974786114,0,0,0,35–49,Q3,Graduation,Children at home,Partnered
319,520,545,2,Logistic Regression,0,0.04927402028947431,0,0,0,35–49,Q1,Graduation,Children at home,Partnered
320,8275,1854,3,SVM RBF,0,0.058280704895892405,0,0,0,35–49,Q2,PhD,Children at home,Not partnered
321,9750,42,4,XGBoost,0,0.42769724130630493,0,0,0,50–64,Q3,PhD,Children at home,Not partnered
322,2607,1170,5,XGBoost,0,0.10498670488595963,0,0,0,50–64,Q2,Graduation,Children at home,Not partnered
323,7214,1808,1,Logistic Regression,0,0.13764781203419696,0,0,0,50–64,Q3,Graduation,No children at home,Partnered
324,5835,1186,1,Logistic Regression,0,0.6574419541213234,0,0,1,35–49,Q1,PhD,Children at home,Not partnered
325,3896,540,5,XGBoost,0,0.042086921632289886,0,0,0,Under 35,Q1,Graduation,Children at home,Partnered
326,10350,902,1,Logistic Regression,0,0.03189537943627601,0,0,0,50–64,Q3,PhD,Children at home,Partnered
327,7786,438,3,SVM RBF,0,0.711563479791717,1,1,1,Under 35,Q1,PhD,Children at home,Not partnered
328,2861,1610,5,XGBoost,0,0.06039908155798912,0,0,0,Under 35,Q1,Graduation,Children at home,Not partnered
329,663,1669,5,XGBoost,0,0.02746313251554966,0,0,0,Under 35,Q1,PhD,No children at home,Not partnered
330,10675,1182,2,Logistic Regression,1,0.07638141093123474,0,0,0,50–64,Q3,PhD,Children at home,Partnered
331,2521,1177,2,Logistic Regression,1,0.8731213246659061,1,1,1,35–49,Q2,Master,Children at home,Partnered
332,9592,1747,5,XGBoost,0,0.03466090187430382,0,0,0,Under 35,Q1,Graduation,Children at home,Partnered
333,10151,205,3,SVM RBF,0,0.02361057445800913,0,0,0,50–64,Q3,Graduation,Children at home,Not partnered
334,7381,1408,1,Logistic Regression,1,0.9994013018424357,1,1,1,35–49,Q4,Graduation,No children at home,Not partnered
335,4099,170,3,SVM RBF,0,0.09893434415385559,0,0,0,35–49,Q1,Graduation,Children at home,Partnered
336,9560,1190,4,XGBoost,1,0.8374615907669067,1,1,1,35–49,Q4,Graduation,No children at home,Partnered
337,10172,339,2,Logistic Regression,0,0.3274373059018019,0,0,0,Under 35,Q4,Graduation,No children at home,Not partnered
338,11191,453,1,Logistic Regression,0,0.4726972414038353,0,0,0,Under 35,Q2,Graduation,No children at home,Not partnered
339,9707,1683,4,XGBoost,0,0.7983964681625366,1,1,1,35–49,Q3,PhD,Children at home,Partnered
340,6245,1479,4,XGBoost,0,0.03898000344634056,0,0,0,50–64,Q3,PhD,Children at home,Partnered
341,8234,297,1,Logistic Regression,1,0.0052087447414837975,0,0,0,35–49,Q1,Basic,Children at home,Partnered
342,1411,671,3,SVM RBF,0,0.1013296156344891,0,0,0,50–64,Q4,Graduation,No children at home,Not partnered
343,8553,1074,2,Logistic Regression,0,0.018298110149813012,0,0,0,35–49,Q2,Graduation,Children at home,Partnered
344,1826,334,5,XGBoost,1,0.6780354380607605,0,1,1,35–49,Q4,Graduation,No children at home,Not partnered
345,8842,428,2,Logistic Regression,0,0.6771199570200901,1,0,1,35–49,Q1,Graduation,Children at home,Not partnered
346,11030,1719,3,SVM RBF,0,0.06183371484879487,0,0,0,35–49,Q1,Master,Children at home,Partnered
347,2579,416,2,Logistic Regression,0,0.01072252250452063,0,0,0,50–64,Q4,Graduation,Children at home,Partnered
348,175,726,1,Logistic Regression,0,0.7262429631190626,1,0,1,Under 35,Q4,Graduation,Children at home,Partnered
349,9185,1458,2,Logistic Regression,1,0.8621518505681758,0,1,1,35–49,Q4,PhD,No children at home,Not partnered
350,11056,304,3,SVM RBF,0,0.10309207654658213,0,0,0,35–49,Q4,Graduation,No children at home,Partnered
351,9365,826,1,Logistic Regression,0,0.7299433148728046,1,0,1,35–49,Q3,PhD,Children at home,Not partnered
352,6201,1814,2,Logistic Regression,0,0.10160858641041953,0,0,0,35–49,Q2,Graduation,Children at home,Not partnered
353,2061,1258,5,XGBoost,0,0.06258398294448853,0,0,0,50–64,Q2,Graduation,Children at home,Partnered
354,6184,296,4,XGBoost,0,0.6601942777633667,0,1,1,35–49,Q3,PhD,No children at home,Partnered
355,6142,340,4,XGBoost,0,0.041975464671850204,0,0,0,65+,Q3,Master,No children at home,Partnered
356,4107,1276,2,Logistic Regression,0,0.07248008597299734,0,0,0,65+,Q2,PhD,Children at home,Partnered
357,7274,1840,1,Logistic Regression,0,0.3264444035426756,0,0,0,50–64,Q4,Graduation,No children at home,Partnered
358,9336,1956,4,XGBoost,0,0.11922641098499298,0,0,0,35–49,Q3,PhD,Children at home,Not partnered
359,2958,961,4,XGBoost,0,0.04333813115954399,0,0,0,35–49,Q1,Graduation,Children at home,Partnered
360,933,84,5,XGBoost,0,0.2514665126800537,0,0,0,35–49,Q2,PhD,Children at home,Partnered
361,5837,492,5,XGBoost,0,0.15459831058979034,0,0,0,35–49,Q3,Graduation,Children at home,Partnered
362,10704,1955,4,XGBoost,0,0.3176805377006531,0,0,0,35–49,Q3,Graduation,Children at home,Not partnered
363,5125,157,2,Logistic Regression,0,0.30855686057148024,0,0,0,50–64,Q4,Graduation,No children at home,Partnered
364,4432,1523,2,Logistic Regression,0,0.32047651075960304,0,0,0,35–49,Q1,Graduation,Children at home,Not partnered
365,5955,1651,4,XGBoost,0,0.47420141100883484,0,0,0,50–64,Q4,Graduation,No children at home,Partnered
366,2928,2022,2,Logistic Regression,0,0.2100078440430399,0,0,0,35–49,Q3,PhD,Children at home,Not partnered
367,5680,1659,1,Logistic Regression,0,0.0016538545983726047,0,0,0,Under 35,Q1,2n Cycle,Children at home,Partnered
368,10313,470,1,Logistic Regression,0,0.2982447989389587,0,0,0,35–49,Q2,Graduation,Children at home,Partnered
369,2557,1959,3,SVM RBF,0,0.29173379224815593,0,0,1,35–49,Q1,Master,Children at home,Not partnered
370,1245,51,4,XGBoost,0,0.6539053916931152,1,1,1,35–49,Q3,Graduation,Children at home,Not partnered
371,1519,126,1,Logistic Regression,1,0.9456461020120613,1,1,1,35–49,Q2,PhD,Children at home,Not partnered
372,10703,1698,2,Logistic Regression,0,0.5558255541775248,1,0,0,35–49,Q2,Master,Children at home,Not partnered
373,1726,1378,4,XGBoost,1,0.9062138795852661,1,1,1,35–49,Q1,Graduation,No children at home,Not partnered
374,4459,1084,3,SVM RBF,0,0.18951325561427781,0,0,0,Under 35,Q1,Graduation,Children at home,Not partnered
375,1729,1879,1,Logistic Regression,0,0.17372207018935404,0,0,0,50–64,Q3,PhD,Children at home,Partnered
376,1517,6,3,SVM RBF,0,0.005547072661154779,0,0,0,35–49,Q1,Graduation,Children at home,Not partnered
377,2098,609,3,SVM RBF,0,0.13400566459449598,0,0,0,35–49,Q1,PhD,Children at home,Partnered
378,9543,1727,1,Logistic Regression,0,0.0036459563973798787,0,0,0,Under 35,Q1,Graduation,Children at home,Partnered
379,6878,148,4,XGBoost,0,0.8346026539802551,0,1,1,50–64,Q1,Graduation,No children at home,Not partnered
380,3310,369,2,Logistic Regression,0,0.20647676185231034,0,0,0,35–49,Q2,2n Cycle,Children at home,Partnered
381,2724,1023,1,Logistic Regression,0,0.00527839635910623,0,0,0,Under 35,Q2,Master,Children at home,Not partnered
382,948,1087,2,Logistic Regression,0,0.6061882455364938,1,0,1,35–49,Q1,Graduation,Children at home,Not partnered
383,6720,1437,2,Logistic Regression,1,0.700111450210764,1,0,1,35–49,Q2,Master,Children at home,Partnered
384,6202,1782,3,SVM RBF,0,0.00427666418138294,0,0,0,50–64,Q3,Graduation,Children at home,Partnered
385,2066,1974,3,SVM RBF,0,0.027811177054528805,0,0,0,65+,Q2,Graduation,Children at home,Partnered
386,9799,1515,5,XGBoost,0,0.019389683380723,0,0,0,35–49,Q4,PhD,Children at home,Not partnered
387,8318,702,4,XGBoost,0,0.811090350151062,0,1,1,35–49,Q4,Graduation,No children at home,Partnered
388,5642,486,4,XGBoost,0,0.30160656571388245,0,0,0,35–49,Q3,Master,Children at home,Partnered
389,2669,2019,3,SVM RBF,0,0.02337675906840337,0,0,0,Under 35,Q4,Graduation,No children at home,Not partnered
390,455,1660,2,Logistic Regression,0,0.14358647233144436,0,0,0,65+,Q2,PhD,No children at home,Partnered
391,7683,1414,4,XGBoost,0,0.042678818106651306,0,0,0,35–49,Q4,Master,Children at home,Partnered
392,3428,653,4,XGBoost,0,0.10866311192512512,0,0,0,Under 35,Q4,PhD,No children at home,Partnered
393,7414,333,4,XGBoost,0,0.5820920467376709,1,0,0,35–49,Q2,Graduation,Children at home,Partnered
394,6354,212,4,XGBoost,1,0.6203159093856812,1,1,1,Under 35,Q1,Graduation,Children at home,Partnered
395,798,2006,1,Logistic Regression,0,0.17852018381364046,0,0,0,Under 35,Q1,Graduation,Children at home,Not partnered
396,8213,1291,1,Logistic Regression,1,0.13635135691597677,0,0,0,Under 35,Q1,2n Cycle,Children at home,Partnered
397,2488,931,2,Logistic Regression,0,0.257696795035987,0,0,0,50–64,Q1,2n Cycle,Children at home,Not partnered
398,9999,945,1,Logistic Regression,0,0.6458425915849247,0,0,1,35–49,Q4,Graduation,No children at home,Partnered
399,7617,447,1,Logistic Regression,0,0.07956755774610538,0,0,0,35–49,Q2,Graduation,Children at home,Not partnered
400,615,128,2,Logistic Regression,0,0.5280607512240987,0,0,0,50–64,Q1,Graduation,No children at home,Partnered
401,2552,889,1,Logistic Regression,1,0.9180191495022868,1,1,1,50–64,Q3,PhD,Children at home,Not partnered
402,194,1274,5,XGBoost,0,0.003987413831055164,0,0,0,35–49,Q2,Graduation,Children at home,Partnered
403,3645,1558,1,Logistic Regression,1,0.9675876723772336,1,1,1,35–49,Q1,PhD,Children at home,Not partnered
404,8890,1661,3,SVM RBF,0,0.07524063349010941,0,0,0,35–49,Q3,PhD,Children at home,Not partnered
405,5049,951,2,Logistic Regression,0,0.7521888335973622,1,0,1,35–49,Q1,PhD,Children at home,Partnered
406,9973,813,5,XGBoost,0,0.03764816001057625,0,0,0,50–64,Q2,Graduation,Children at home,Partnered
407,7301,1979,2,Logistic Regression,1,0.3086580792900575,0,0,0,Under 35,Q1,2n Cycle,Children at home,Not partnered
408,10882,1367,2,Logistic Regression,0,0.18992185513494045,0,0,0,35–49,Q3,Graduation,Children at home,Partnered
409,7030,89,5,XGBoost,0,0.8592623472213745,1,1,1,50–64,Q3,PhD,Children at home,Partnered
410,7422,725,5,XGBoost,0,0.019585158675909042,0,0,0,Under 35,Q2,Graduation,Children at home,Not partnered
411,3523,380,1,Logistic Regression,0,0.032314425903594,0,0,0,50–64,Q4,Graduation,Children at home,Partnered
412,7106,1444,2,Logistic Regression,0,0.04357014286301898,0,0,0,65+,Q4,PhD,No children at home,Partnered
413,6504,923,2,Logistic Regression,0,0.6382877755969627,1,0,1,35–49,Q1,2n Cycle,Children at home,Partnered
414,5067,656,1,Logistic Regression,0,0.9946788868431896,1,1,1,Under 35,Q4,Graduation,No children at home,Partnered
415,4216,253,5,XGBoost,1,0.938140869140625,1,1,1,Under 35,Q4,Graduation,No children at home,Not partnered
416,8581,519,5,XGBoost,0,0.5876100063323975,1,0,1,35–49,Q2,Master,Children at home,Partnered
417,5929,1829,2,Logistic Regression,0,0.3485541184286529,0,0,0,35–49,Q2,PhD,Children at home,Partnered
418,3129,223,1,Logistic Regression,0,0.03166318546901503,0,0,0,Under 35,Q1,Graduation,Children at home,Partnered
419,6528,441,5,XGBoost,0,0.007260079961270094,0,0,0,Under 35,Q1,Master,Children at home,Partnered
420,1361,1913,3,SVM RBF,1,0.3106015460778461,0,0,1,35–49,Q4,Master,No children at home,Partnered
421,6932,958,5,XGBoost,0,0.7556003928184509,0,1,1,65+,Q4,PhD,No children at home,Partnered
422,7284,482,5,XGBoost,0,0.11564856022596359,0,0,0,50–64,Q2,Graduation,Children at home,Partnered
423,1340,379,2,Logistic Regression,0,0.7993576475521328,0,1,1,Under 35,Q4,Graduation,No children at home,Partnered
424,8746,1434,5,XGBoost,0,0.30953460931777954,0,0,0,Under 35,Q4,Graduation,Children at home,Partnered
425,5987,1715,2,Logistic Regression,0,0.01869303186139419,0,0,0,Under 35,Q1,2n Cycle,Children at home,Partnered
426,3767,536,2,Logistic Regression,0,0.2462265877673534,0,0,0,35–49,Q3,Graduation,Children at home,Partnered
427,3725,706,3,SVM RBF,1,0.7961469647368656,1,1,1,50–64,Q4,PhD,No children at home,Not partnered
428,4324,1673,4,XGBoost,0,0.4786553978919983,0,0,0,Under 35,Q2,Graduation,Children at home,Partnered
429,238,663,2,Logistic Regression,0,0.26333372009427036,0,0,0,35–49,Q3,2n Cycle,Children at home,Partnered
430,6694,1001,5,XGBoost,0,0.024324292317032814,0,0,0,50–64,Q4,Graduation,Children at home,Partnered
431,498,1707,4,XGBoost,0,0.1712752878665924,0,0,0,35–49,Q1,Graduation,Children at home,Not partnered
432,9347,1387,2,Logistic Regression,0,0.033235947853248404,0,0,0,50–64,Q2,Master,Children at home,Partnered
433,9699,662,4,XGBoost,0,0.3727743327617645,0,0,0,35–49,Q3,Graduation,Children at home,Not partnered
434,10664,501,4,XGBoost,0,0.4472658932209015,0,0,0,65+,Q3,Master,Children at home,Not partnered
435,5455,1298,5,XGBoost,0,0.005847764667123556,0,0,0,35–49,Q1,PhD,Children at home,Partnered
436,456,436,4,XGBoost,0,0.0436040461063385,0,0,0,Under 35,Q1,2n Cycle,Children at home,Partnered
437,5012,925,2,Logistic Regression,0,0.08056790215903753,0,0,0,Under 35,Q1,Graduation,Children at home,Partnered
438,7495,1189,3,SVM RBF,0,0.0033490135287317473,0,0,0,65+,Q3,PhD,Children at home,Partnered
439,5029,1080,3,SVM RBF,0,0.018994189694444767,0,0,0,65+,Q1,Graduation,No children at home,Partnered
440,10642,1084,3,SVM RBF,0,0.18951325561427781,0,0,0,Under 35,Q1,Graduation,Children at home,Not partnered
441,2106,1320,2,Logistic Regression,0,0.01242466335173879,0,0,0,35–49,Q1,2n Cycle,No children at home,Partnered
442,10364,397,3,SVM RBF,0,0.010991177527956128,0,0,0,50–64,Q1,Graduation,No children at home,Not partnered
443,5954,1118,2,Logistic Regression,0,0.10505380713834765,0,0,0,35–49,Q2,Master,Children at home,Not partnered
444,1137,1503,5,XGBoost,0,0.6545460820198059,0,1,1,50–64,Q4,Graduation,No children at home,Not partnered
445,2541,1638,3,SVM RBF,0,0.12739670730370217,0,0,0,35–49,Q1,Graduation,Children at home,Partnered
446,1142,1507,3,SVM RBF,0,0.001507638381263603,0,0,0,50–64,Q3,PhD,Children at home,Partnered
447,2276,720,4,XGBoost,0,0.14540134370326996,0,0,0,50–64,Q3,Graduation,Children at home,Not partnered
448,2807,1253,4,XGBoost,0,0.2072068750858307,0,0,0,35–49,Q3,Graduation,Children at home,Partnered
449,6471,279,5,XGBoost,0,0.19140788912773132,0,0,0,35–49,Q2,Master,Children at home,Not partnered
450,6131,1616,4,XGBoost,0,0.023799335584044456,0,0,0,Under 35,Q4,2n Cycle,Children at home,Partnered
451,6233,1990,1,Logistic Regression,0,0.5888358596620492,0,0,0,35–49,Q3,Graduation,Children at home,Partnered
452,4148,1540,1,Logistic Regression,0,0.18068736473920444,0,0,0,35–49,Q2,Graduation,Children at home,Partnered
453,4947,703,1,Logistic Regression,1,0.9865254012223802,1,1,1,35–49,Q4,2n Cycle,No children at home,Not partnered
454,3225,670,1,Logistic Regression,1,0.4633078099778618,0,0,0,Under 35,Q2,Master,Children at home,Partnered
455,7540,386,1,Logistic Regression,0,0.0007224770157528886,0,0,0,50–64,Q2,Graduation,Children at home,Partnered
456,10648,112,5,XGBoost,0,0.16375306248664856,0,0,0,Under 35,Q3,2n Cycle,No children at home,Partnered
457,1992,1450,5,XGBoost,1,0.4850417971611023,0,0,1,50–64,Q3,Graduation,Children at home,Partnered
458,7851,1394,1,Logistic Regression,0,0.07333013789588762,0,0,0,65+,Q4,Graduation,No children at home,Not partnered
459,8594,448,2,Logistic Regression,0,0.19494959196025388,0,0,0,50–64,Q2,PhD,Children at home,Not partnered
460,7059,1415,1,Logistic Regression,0,0.14195145679527008,0,0,0,50–64,Q4,Graduation,No children at home,Partnered
461,2815,758,1,Logistic Regression,0,0.1343047255755989,0,0,0,35–49,Q1,Graduation,Children at home,Partnered
462,2416,523,3,SVM RBF,0,0.025358427576100892,0,0,0,35–49,Q3,PhD,No children at home,Not partnered
463,7999,926,4,XGBoost,1,0.8981464505195618,1,1,1,50–64,Q4,PhD,No children at home,Partnered
464,9213,1730,3,SVM RBF,0,0.33407964374834564,0,0,1,35–49,Q1,Graduation,Children at home,Not partnered
465,9697,718,5,XGBoost,0,0.0012909171637147665,0,0,0,50–64,Q3,Graduation,Children at home,Partnered
466,3916,1534,3,SVM RBF,0,0.0607546032221092,0,0,0,35–49,Q2,PhD,Children at home,Partnered
467,2021,1293,4,XGBoost,0,0.11685381084680557,0,0,0,35–49,Q3,Graduation,Children at home,Partnered
468,1581,1012,4,XGBoost,1,0.16774138808250427,0,0,0,Under 35,Q2,Graduation,Children at home,Partnered
469,564,626,4,XGBoost,1,0.4673440456390381,0,0,0,Under 35,Q3,PhD,Children at home,Partnered
470,6619,1381,5,XGBoost,0,0.005127086769789457,0,0,0,35–49,Q2,Graduation,Children at home,Partnered
471,9081,1964,4,XGBoost,0,0.05200174078345299,0,0,0,Under 35,Q1,Graduation,Children at home,Not partnered
472,178,1171,1,Logistic Regression,0,0.05775746646222093,0,0,0,50–64,Q3,Graduation,Children at home,Partnered
473,916,1832,4,XGBoost,0,0.02718372829258442,0,0,0,35–49,Q2,PhD,Children at home,Not partnered
474,5512,1532,1,Logistic Regression,0,0.0048345696758371965,0,0,0,35–49,Q3,Master,Children at home,Partnered
475,8970,782,1,Logistic Regression,0,0.07073993295561606,0,0,0,35–49,Q3,PhD,Children at home,Partnered
476,10581,196,4,XGBoost,0,0.5788471698760986,1,0,0,35–49,Q2,Graduation,Children at home,Partnered
477,5300,986,4,XGBoost,0,0.14400701224803925,0,0,0,35–49,Q2,Master,Children at home,Partnered
478,5154,1614,3,SVM RBF,0,0.014122194946477451,0,0,0,35–49,Q2,Master,Children at home,Not partnered
479,8346,1861,3,SVM RBF,1,0.8829776356968605,1,1,1,35–49,Q1,Graduation,Children at home,Not partnered
480,1676,1128,3,SVM RBF,0,0.014710152547850396,0,0,0,35–49,Q2,Graduation,Children at home,Partnered
481,9286,189,5,XGBoost,0,0.12637147307395935,0,0,0,50–64,Q4,Master,No children at home,Partnered
482,2426,268,5,XGBoost,1,0.42283114790916443,0,0,0,50–64,Q4,PhD,No children at home,Not partnered
483,5172,343,3,SVM RBF,0,0.009055125803948431,0,0,0,35–49,Q3,Master,Children at home,Partnered
484,5562,1883,5,XGBoost,0,0.003151536453515291,0,0,0,35–49,Q3,Graduation,Children at home,Partnered
485,3436,679,3,SVM RBF,0,0.010501231599047395,0,0,0,35–49,Q1,Graduation,Children at home,Partnered
486,3921,487,5,XGBoost,0,0.5891416072845459,0,0,1,50–64,Q1,2n Cycle,No children at home,Not partnered
487,3403,1721,5,XGBoost,0,0.3200729191303253,0,0,0,50–64,Q4,PhD,Children at home,Partnered
488,22,1970,4,XGBoost,0,0.207636296749115,0,0,0,35–49,Q2,Graduation,Children at home,Not partnered
489,10965,235,3,SVM RBF,0,0.1263216442423735,0,0,0,50–64,Q4,Graduation,No children at home,Partnered
490,9426,1603,3,SVM RBF,0,0.04420259214497981,0,0,0,50–64,Q3,Master,Children at home,Not partnered
491,6605,882,5,XGBoost,0,0.44828420877456665,0,0,0,65+,Q3,PhD,No children at home,Not partnered
492,3136,968,1,Logistic Regression,0,0.05809053550389351,0,0,0,50–64,Q3,Master,Children at home,Not partnered
493,8737,1992,3,SVM RBF,0,0.009904936636492018,0,0,0,35–49,Q3,Graduation,Children at home,Not partnered
494,11088,784,4,XGBoost,0,0.07937853783369064,0,0,0,35–49,Q4,PhD,Children at home,Partnered
495,716,1054,5,XGBoost,0,0.011577128432691097,0,0,0,65+,Q4,PhD,Children at home,Partnered
496,466,1184,4,XGBoost,0,0.2592791020870209,0,0,0,65+,Q3,Graduation,No children at home,Partnered
497,9135,481,4,XGBoost,0,0.4360491633415222,0,0,0,50–64,Q1,Graduation,Children at home,Partnered
498,10623,1313,4,XGBoost,0,0.07896728068590164,0,0,0,50–64,Q2,Master,Children at home,Partnered
499,8151,1193,1,Logistic Regression,0,0.0038561213437402855,0,0,0,Under 35,Q1,Basic,No children at home,Partnered
500,5140,1544,2,Logistic Regression,0,0.0888170363353578,0,0,0,Under 35,Q3,PhD,Children at home,Partnered
501,10160,1387,2,Logistic Regression,0,0.033235947853248404,0,0,0,50–64,Q2,Master,Children at home,Partnered
502,4945,1262,4,XGBoost,0,0.6834572553634644,0,1,1,50–64,Q3,Graduation,No children at home,Not partnered
503,10584,1818,2,Logistic Regression,0,0.018054323746568696,0,0,0,35–49,Q3,Graduation,Children at home,Partnered
504,6071,1736,4,XGBoost,0,0.2161165028810501,0,0,0,Under 35,Q4,Graduation,No children at home,Not partnered
505,3386,1227,4,XGBoost,0,0.11022527515888214,0,0,0,Under 35,Q1,Graduation,No children at home,Partnered
506,8939,476,3,SVM RBF,0,0.021755878969696746,0,0,0,50–64,Q3,Graduation,Children at home,Not partnered
507,9925,714,3,SVM RBF,0,0.526792461344678,1,1,1,Under 35,Q2,PhD,Children at home,Partnered
508,4320,1806,5,XGBoost,0,0.14027373492717743,0,0,0,35–49,Q3,Graduation,Children at home,Not partnered
509,5389,1195,3,SVM RBF,0,0.011071535382242101,0,0,0,50–64,Q2,Graduation,Children at home,Partnered
510,6036,366,5,XGBoost,0,0.20449082553386688,0,0,0,50–64,Q4,Master,No children at home,Partnered
511,182,246,2,Logistic Regression,0,0.1866943395390883,0,0,0,65+,Q2,PhD,Children at home,Partnered
512,203,805,1,Logistic Regression,0,0.5414269158877969,0,0,0,35–49,Q4,Master,No children at home,Not partnered
513,11025,1323,5,XGBoost,0,0.8497915267944336,1,1,1,50–64,Q2,Graduation,Children at home,Partnered
514,10203,1385,1,Logistic Regression,0,0.03808614904733226,0,0,0,Under 35,Q1,Graduation,Children at home,Not partnered
515,4607,1594,1,Logistic Regression,0,0.32732035638338636,0,0,0,50–64,Q4,Graduation,No children at home,Partnered
516,3711,1863,2,Logistic Regression,0,0.8845701516349387,1,1,1,65+,Q4,Master,No children at home,Partnered
517,3696,1978,1,Logistic Regression,0,0.03409631754633922,0,0,0,35–49,Q1,Graduation,Children at home,Not partnered
518,2532,461,2,Logistic Regression,0,0.317738607879422,0,0,0,Under 35,Q4,Master,No children at home,Not partnered
519,9214,1188,3,SVM RBF,0,0.0056774469876439415,0,0,0,Under 35,Q2,Graduation,No children at home,Partnered
520,4943,1442,1,Logistic Regression,0,0.8220352322410404,0,1,1,50–64,Q4,Graduation,No children at home,Partnered
521,35,81,3,SVM RBF,1,0.31405895312461773,0,0,1,Under 35,Q1,Graduation,Children at home,Partnered
522,2258,561,3,SVM RBF,0,0.014934565922060251,0,0,0,Under 35,Q1,Graduation,Children at home,Partnered
523,4322,909,2,Logistic Regression,0,0.2250872567844883,0,0,0,50–64,Q4,PhD,No children at home,Partnered
524,713,1277,3,SVM RBF,0,0.0008417767752706941,0,0,0,35–49,Q2,Master,No children at home,Partnered
525,4702,244,1,Logistic Regression,0,0.9638468354640178,1,1,1,50–64,Q3,Graduation,No children at home,Not partnered
526,3281,1611,5,XGBoost,0,0.03109409660100937,0,0,0,50–64,Q2,PhD,Children at home,Partnered
527,702,1272,1,Logistic Regression,0,0.03366987400484119,0,0,0,35–49,Q2,2n Cycle,Children at home,Not partnered
528,2004,445,4,XGBoost,0,0.10684631764888763,0,0,0,35–49,Q4,Graduation,Children at home,Not partnered
529,4769,1771,2,Logistic Regression,0,0.0896880815790247,0,0,0,35–49,Q3,Master,Children at home,Partnered
530,4437,1319,1,Logistic Regression,0,0.04644384481972212,0,0,0,50–64,Q3,Graduation,Children at home,Partnered
531,8724,141,3,SVM RBF,0,0.08808709031014705,0,0,0,Under 35,Q1,Graduation,Children at home,Not partnered
532,10741,1931,2,Logistic Regression,0,0.18227577567782202,0,0,0,50–64,Q2,Master,Children at home,Partnered
533,1991,97,1,Logistic Regression,0,0.014145126757894491,0,0,0,35–49,Q2,Graduation,Children at home,Partnered
534,6931,1438,3,SVM RBF,1,0.5115483809121666,0,0,1,35–49,Q4,Graduation,No children at home,Not partnered
535,11096,164,2,Logistic Regression,0,0.010400354044983549,0,0,0,50–64,Q3,2n Cycle,Children at home,Partnered
536,304,1679,5,XGBoost,0,0.09987905621528625,0,0,0,Under 35,Q1,Master,Children at home,Not partnered
537,3665,674,5,XGBoost,0,0.15147408843040466,0,0,0,35–49,Q1,2n Cycle,Children at home,Partnered
538,10591,1285,1,Logistic Regression,0,0.8131506068962137,1,1,1,35–49,Q2,Graduation,Children at home,Not partnered
539,5036,2014,4,XGBoost,0,0.46329018473625183,0,0,0,Under 35,Q2,PhD,Children at home,Not partnered
540,5547,1579,2,Logistic Regression,1,0.9794944596505191,1,1,1,Under 35,Q4,PhD,No children at home,Partnered
541,7822,1030,2,Logistic Regression,0,0.07767618167191719,0,0,0,35–49,Q3,Graduation,Children at home,Partnered
542,8541,1359,1,Logistic Regression,0,0.0008930609287611612,0,0,0,Under 35,Q1,2n Cycle,Children at home,Partnered
543,10955,1353,3,SVM RBF,1,0.167759274303524,0,0,0,50–64,Q4,Graduation,No children at home,Not partnered
544,4368,3,3,SVM RBF,0,0.0019079699160569601,0,0,0,Under 35,Q2,Graduation,Children at home,Partnered
545,9671,792,5,XGBoost,1,0.8232900500297546,1,1,1,35–49,Q1,Graduation,Children at home,Partnered
546,2256,1090,1,Logistic Regression,0,0.005424364159401539,0,0,0,35–49,Q1,Master,Children at home,Partnered
547,4279,415,1,Logistic Regression,0,0.0037180616337951734,0,0,0,50–64,Q2,2n Cycle,Children at home,Not partnered
548,5371,900,5,XGBoost,1,0.9047968983650208,1,1,1,Under 35,Q1,Graduation,Children at home,Not partnered
549,9240,183,2,Logistic Regression,0,0.01634040136151574,0,0,0,35–49,Q3,PhD,Children at home,Not partnered
550,9460,491,4,XGBoost,0,0.21996352076530457,0,0,0,50–64,Q1,Graduation,No children at home,Partnered
551,9504,1746,3,SVM RBF,1,0.05260874868463778,0,0,0,65+,Q4,Master,No children at home,Partnered
552,8692,1305,2,Logistic Regression,0,0.5996749211475375,1,0,0,50–64,Q2,Graduation,Children at home,Partnered
553,448,54,4,XGBoost,0,0.18631233274936676,0,0,0,35–49,Q3,PhD,Children at home,Not partnered
554,8314,394,3,SVM RBF,0,0.48727820812884814,0,0,1,Under 35,Q4,Graduation,No children at home,Partnered
555,8420,1874,3,SVM RBF,0,0.020968602881113043,0,0,0,35–49,Q1,2n Cycle,No children at home,Partnered
556,3174,684,2,Logistic Regression,1,0.9774521956677429,1,1,1,50–64,Q4,Graduation,Children at home,Partnered
557,7685,1115,4,XGBoost,0,0.18451829254627228,0,0,0,35–49,Q1,Graduation,Children at home,Partnered
558,3179,13,1,Logistic Regression,0,0.5245985301419761,0,0,0,Under 35,Q4,Graduation,No children at home,Not partnered
559,9780,46,3,SVM RBF,0,0.004482266319447875,0,0,0,35–49,Q4,Master,Children at home,Partnered
560,10681,867,2,Logistic Regression,0,0.07829317675732422,0,0,0,35–49,Q3,2n Cycle,Children at home,Partnered
561,10232,1360,2,Logistic Regression,0,0.36350289317487927,0,0,0,50–64,Q2,PhD,Children at home,Not partnered
562,4184,144,1,Logistic Regression,0,0.008422853857862529,0,0,0,50–64,Q3,PhD,Children at home,Partnered
563,9120,1368,3,SVM RBF,0,0.02427575812463243,0,0,0,50–64,Q3,Graduation,Children at home,Not partnered
564,891,1709,1,Logistic Regression,0,0.011954193927512388,0,0,0,50–64,Q1,Master,Children at home,Partnered
565,10381,1886,1,Logistic Regression,0,0.09733344237956251,0,0,0,35–49,Q2,Graduation,Children at home,Not partnered
566,3525,1858,1,Logistic Regression,0,0.147946153878471,0,0,0,35–49,Q2,Graduation,Children at home,Partnered
567,6818,1270,3,SVM RBF,0,0.4258401304803592,1,0,1,35–49,Q2,Graduation,Children at home,Partnered
568,3526,885,3,SVM RBF,0,0.01207238403240751,0,0,0,35–49,Q2,PhD,Children at home,Partnered
569,8181,1574,2,Logistic Regression,0,0.42134259776808664,0,0,0,35–49,Q2,2n Cycle,Children at home,Not partnered
570,1029,331,1,Logistic Regression,0,0.13269495039550042,0,0,0,35–49,Q3,PhD,Children at home,Partnered
571,7369,18,1,Logistic Regression,0,0.1039090779554475,0,0,0,Under 35,Q2,Master,Children at home,Partnered
572,2574,713,2,Logistic Regression,1,0.9374037457736222,1,1,1,35–49,Q3,PhD,Children at home,Partnered
573,8159,1973,2,Logistic Regression,0,0.1111203509360976,0,0,0,35–49,Q2,Graduation,Children at home,Partnered
574,1160,542,4,XGBoost,0,0.12739364802837372,0,0,0,35–49,Q1,Graduation,Children at home,Partnered
575,10242,1485,3,SVM RBF,0,0.022127295163403508,0,0,0,35–49,Q2,PhD,Children at home,Partnered
576,5253,748,2,Logistic Regression,0,0.0793847422562789,0,0,0,50–64,Q3,Master,Children at home,Partnered
577,5966,1704,1,Logistic Regression,0,0.2337026192493864,0,0,0,35–49,Q2,PhD,Children at home,Partnered
578,5314,1670,1,Logistic Regression,0,0.10758245452785224,0,0,0,50–64,Q2,Graduation,Children at home,Partnered
579,5081,299,3,SVM RBF,0,0.003439938151592907,0,0,0,35–49,Q2,2n Cycle,Children at home,Partnered
580,5123,1980,4,XGBoost,0,0.11056400835514069,0,0,0,50–64,Q1,Master,No children at home,Partnered
581,5756,1699,3,SVM RBF,0,0.002828097745528267,0,0,0,Under 35,Q2,Graduation,Children at home,Partnered
582,8036,427,5,XGBoost,0,0.19252489507198334,0,0,0,35–49,Q1,2n Cycle,Children at home,Partnered
583,9058,1218,4,XGBoost,1,0.9868137836456299,1,1,1,50–64,Q4,Graduation,No children at home,Not partnered
584,5057,217,2,Logistic Regression,0,0.012165286749447682,0,0,0,50–64,Q3,Master,Children at home,Partnered
585,254,645,3,SVM RBF,0,0.019462749062984182,0,0,0,50–64,Q3,Graduation,Children at home,Partnered
586,4179,1812,4,XGBoost,0,0.026264864951372147,0,0,0,50–64,Q1,Graduation,No children at home,Partnered
587,3710,768,5,XGBoost,1,0.9028355479240417,1,1,1,Under 35,Q2,PhD,Children at home,Not partnered
588,7627,617,1,Logistic Regression,1,0.9975134838947702,1,1,1,35–49,Q4,Master,No children at home,Partnered
589,4501,337,5,XGBoost,0,0.15979239344596863,0,0,0,35–49,Q4,Master,No children at home,Not partnered
590,6424,1092,3,SVM RBF,0,0.0073027273386409575,0,0,0,35–49,Q1,Graduation,Children at home,Partnered
591,3075,640,1,Logistic Regression,0,0.1528568589007025,0,0,0,35–49,Q3,PhD,No children at home,Partnered
592,4992,967,2,Logistic Regression,1,0.7628289521950667,1,1,1,35–49,Q1,Master,Children at home,Partnered
593,5252,305,5,XGBoost,0,0.214930921792984,0,0,0,35–49,Q1,Graduation,Children at home,Not partnered
594,7444,627,2,Logistic Regression,0,0.18361821527001707,0,0,0,35–49,Q2,Master,Children at home,Partnered
595,6919,1652,4,XGBoost,0,0.19389508664608002,0,0,0,35–49,Q1,2n Cycle,Children at home,Partnered
596,3537,233,1,Logistic Regression,0,0.318471609420226,0,0,0,Under 35,Q1,Graduation,Children at home,Partnered
597,10277,1564,2,Logistic Regression,0,0.1022038819540791,0,0,0,50–64,Q1,Graduation,Children at home,Not partnered
598,2453,1449,2,Logistic Regression,0,0.020933794629853404,0,0,0,50–64,Q3,Graduation,Children at home,Partnered
599,7972,1628,4,XGBoost,0,0.26590484380722046,0,0,0,50–64,Q4,Graduation,No children at home,Not partnered
600,895,1695,1,Logistic Regression,0,0.07049164879032303,0,0,0,65+,Q3,PhD,Children at home,Partnered
601,1177,420,2,Logistic Regression,0,0.13515884257852648,0,0,0,35–49,Q2,Master,Children at home,Partnered
602,7141,1446,5,XGBoost,1,0.9314366579055786,1,1,1,Under 35,Q1,Master,Children at home,Not partnered
603,7232,754,3,SVM RBF,0,0.001510468705435732,0,0,0,35–49,Q2,Graduation,Children at home,Not partnered
604,8477,661,3,SVM RBF,0,0.028902727171075924,0,0,0,50–64,Q1,Graduation,Children at home,Not partnered
605,2457,1682,3,SVM RBF,0,0.06132033283294526,0,0,0,35–49,Q1,Basic,Children at home,Partnered
606,988,422,5,XGBoost,0,0.09765344858169556,0,0,0,35–49,Q4,Graduation,No children at home,Partnered
607,7930,1701,5,XGBoost,0,0.2089240401983261,0,0,0,35–49,Q1,Master,No children at home,Not partnered
608,4587,648,4,XGBoost,0,0.12249843031167984,0,0,0,65+,Q2,Master,No children at home,Not partnered
609,6682,1756,5,XGBoost,0,0.023952290415763855,0,0,0,35–49,Q1,Basic,Children at home,Partnered
610,6222,1926,2,Logistic Regression,0,0.040971768366577295,0,0,0,35–49,Q1,Graduation,Children at home,Partnered
611,10299,373,1,Logistic Regression,1,0.4462139184450331,0,0,0,35–49,Q2,PhD,No children at home,Not partnered
612,3083,1327,2,Logistic Regression,0,0.02381242681905599,0,0,0,35–49,Q2,Graduation,Children at home,Partnered
613,8953,1560,3,SVM RBF,0,0.009712136014403674,0,0,0,35–49,Q1,Master,Children at home,Not partnered
614,1503,770,1,Logistic Regression,0,0.017406805475903276,0,0,0,35–49,Q4,PhD,Children at home,Partnered
615,8650,1294,2,Logistic Regression,0,0.27184833631678146,0,0,0,35–49,Q3,Graduation,Children at home,Not partnered
616,10862,1634,4,XGBoost,0,0.6807190179824829,1,1,1,50–64,Q1,Master,Children at home,Partnered
617,2782,1064,1,Logistic Regression,0,0.09378303632160967,0,0,0,50–64,Q3,PhD,Children at home,Partnered
618,6941,664,5,XGBoost,0,0.10214199870824814,0,0,0,35–49,Q1,Graduation,No children at home,Not partnered
619,10972,1602,2,Logistic Regression,0,0.5259313655639246,0,0,0,65+,Q4,Graduation,No children at home,Not partnered
620,10708,19,2,Logistic Regression,0,0.07357890225276241,0,0,0,35–49,Q2,2n Cycle,Children at home,Not partnered
621,6583,1958,2,Logistic Regression,0,0.49924387183593094,0,0,0,50–64,Q4,2n Cycle,No children at home,Partnered
622,3641,587,1,Logistic Regression,0,0.025711700196456702,0,0,0,35–49,Q1,Graduation,Children at home,Partnered
623,10156,1035,2,Logistic Regression,0,0.21246923251570488,0,0,0,35–49,Q4,Graduation,Children at home,Not partnered
624,4299,392,5,XGBoost,1,0.6435730457305908,1,1,1,50–64,Q4,Graduation,Children at home,Partnered
625,3469,500,2,Logistic Regression,0,0.6017736352360048,1,0,0,35–49,Q2,PhD,Children at home,Not partnered
626,5063,982,1,Logistic Regression,0,0.6089829158728978,0,0,0,35–49,Q1,Graduation,Children at home,Not partnered
627,10727,1657,4,XGBoost,0,0.07800450176000595,0,0,0,35–49,Q4,PhD,Children at home,Partnered
628,9624,100,4,XGBoost,0,0.06361173838376999,0,0,0,50–64,Q3,PhD,No children at home,Partnered
629,5156,867,2,Logistic Regression,0,0.07829317675732422,0,0,0,35–49,Q3,2n Cycle,Children at home,Partnered
630,4376,1022,3,SVM RBF,1,0.17858777393941602,0,0,0,50–64,Q1,2n Cycle,No children at home,Not partnered
631,8923,731,1,Logistic Regression,1,0.9296168097265463,1,1,1,35–49,Q4,Graduation,No children at home,Not partnered
632,8461,251,3,SVM RBF,0,0.01754054246114581,0,0,0,50–64,Q2,Graduation,Children at home,Not partnered
633,6945,788,1,Logistic Regression,0,0.8515547200041244,0,1,1,50–64,Q4,Graduation,No children at home,Not partnered
634,944,345,5,XGBoost,0,0.28490832448005676,0,0,0,50–64,Q3,Graduation,Children at home,Partnered
635,1907,186,4,XGBoost,1,0.39600637555122375,0,0,0,50–64,Q3,Master,Children at home,Not partnered
636,701,35,4,XGBoost,0,0.2799249291419983,0,0,0,35–49,Q4,Graduation,Children at home,Partnered
637,3856,1782,3,SVM RBF,0,0.00427666418138294,0,0,0,50–64,Q3,Graduation,Children at home,Partnered
638,4149,1148,2,Logistic Regression,0,0.3258870821305828,0,0,0,65+,Q4,PhD,No children at home,Partnered
639,2131,1578,1,Logistic Regression,0,0.8060926676421757,1,1,1,50–64,Q3,PhD,Children at home,Not partnered
640,2942,1994,5,XGBoost,0,0.6554262042045593,1,1,1,50–64,Q2,Graduation,Children at home,Not partnered
641,1173,1511,2,Logistic Regression,1,0.9183728009709867,1,1,1,65+,Q4,Master,No children at home,Partnered
642,4381,1098,5,XGBoost,0,0.052713532000780106,0,0,0,35–49,Q2,PhD,Children at home,Partnered
643,4611,2015,5,XGBoost,1,0.2890704870223999,0,0,0,35–49,Q4,Graduation,No children at home,Partnered
644,3376,1443,4,XGBoost,0,0.46345996856689453,0,0,0,35–49,Q3,Master,Children at home,Not partnered
645,4679,1160,1,Logistic Regression,0,0.008010879533893615,0,0,0,35–49,Q4,Master,Children at home,Partnered
646,10928,724,4,XGBoost,0,0.10347205400466919,0,0,0,50–64,Q3,Graduation,Children at home,Partnered
647,4248,518,3,SVM RBF,0,0.1968632018289811,0,0,0,50–64,Q4,Master,No children at home,Not partnered
648,6728,1711,3,SVM RBF,0,0.22984629012370095,0,0,1,Under 35,Q1,Graduation,Children at home,Partnered
649,6661,1763,1,Logistic Regression,0,0.14299786195183434,0,0,0,35–49,Q3,Graduation,Children at home,Partnered
650,4725,269,1,Logistic Regression,0,0.0037952259526260507,0,0,0,50–64,Q2,PhD,Children at home,Partnered
651,3277,1888,4,XGBoost,0,0.7960241436958313,1,1,1,50–64,Q2,Graduation,Children at home,Not partnered
652,5555,1205,1,Logistic Regression,0,0.00039035004832817526,0,0,0,35–49,Q4,Graduation,No children at home,Not partnered
653,2564,133,3,SVM RBF,0,0.0009123615664482791,0,0,0,50–64,Q3,Graduation,Children at home,Partnered
654,946,922,3,SVM RBF,0,0.011713342257797289,0,0,0,50–64,Q1,2n Cycle,No children at home,Partnered
655,3867,1483,1,Logistic Regression,0,0.20089944990272204,0,0,0,65+,Q4,PhD,Children at home,Partnered
656,6940,1725,4,XGBoost,0,0.22318489849567413,0,0,0,35–49,Q2,PhD,Children at home,Not partnered
657,55,1047,5,XGBoost,0,0.0034395696129649878,0,0,0,50–64,Q3,Graduation,Children at home,Partnered
658,7093,1727,1,Logistic Regression,0,0.0036459563973798787,0,0,0,Under 35,Q1,Graduation,Children at home,Partnered
659,5084,850,5,XGBoost,0,0.0034881846513599157,0,0,0,35–49,Q3,Graduation,Children at home,Not partnered
660,1777,1972,1,Logistic Regression,0,0.0022057103085563975,0,0,0,Under 35,Q1,Basic,No children at home,Partnered
661,8162,1788,4,XGBoost,0,0.05083952471613884,0,0,0,50–64,Q1,Master,No children at home,Partnered
662,10826,1454,3,SVM RBF,0,0.01085038779885848,0,0,0,50–64,Q1,Graduation,No children at home,Partnered
663,8754,990,3,SVM RBF,0,0.07896534141097937,0,0,0,35–49,Q2,PhD,Children at home,Partnered
664,1987,739,1,Logistic Regression,0,0.00042321681767067826,0,0,0,Under 35,Q1,Basic,Children at home,Not partnered
665,11007,1316,2,Logistic Regression,0,0.0701284918579074,0,0,0,35–49,Q1,PhD,Children at home,Partnered
666,7426,225,4,XGBoost,0,0.036507315933704376,0,0,0,35–49,Q3,2n Cycle,Children at home,Partnered
667,9153,1344,2,Logistic Regression,0,0.0904010849167944,0,0,0,50–64,Q3,PhD,Children at home,Partnered
668,10379,364,3,SVM RBF,0,0.0022427338078502236,0,0,0,50–64,Q3,Master,Children at home,Not partnered
669,9204,1678,4,XGBoost,0,0.38694703578948975,0,0,0,35–49,Q3,Graduation,Children at home,Not partnered
670,3197,1877,4,XGBoost,0,0.07623270153999329,0,0,0,Under 35,Q4,Graduation,Children at home,Partnered
671,2920,2022,2,Logistic Regression,0,0.2100078440430399,0,0,0,35–49,Q3,PhD,Children at home,Not partnered
672,6961,1468,4,XGBoost,0,0.08470319956541061,0,0,0,35–49,Q1,Graduation,Children at home,Partnered
673,4673,591,4,XGBoost,1,0.8572800755500793,1,1,1,50–64,Q4,PhD,Children at home,Partnered
674,9937,1126,4,XGBoost,0,0.14930061995983124,0,0,0,35–49,Q4,Graduation,No children at home,Not partnered
675,8779,2017,2,Logistic Regression,1,0.9418403171950513,1,1,1,Under 35,Q2,2n Cycle,Children at home,Partnered
676,9596,1304,5,XGBoost,0,0.04327364265918732,0,0,0,Under 35,Q3,PhD,No children at home,Not partnered
677,2891,1106,5,XGBoost,0,0.11635348945856094,0,0,0,50–64,Q4,Graduation,Children at home,Not partnered
678,4910,405,4,XGBoost,0,0.684801459312439,0,1,1,35–49,Q4,Graduation,No children at home,Not partnered
679,75,272,4,XGBoost,0,0.20855501294136047,0,0,0,Under 35,Q2,2n Cycle,No children at home,Partnered
680,10120,293,4,XGBoost,0,0.05128096789121628,0,0,0,50–64,Q2,Graduation,Children at home,Partnered
681,6327,384,4,XGBoost,0,0.04488470405340195,0,0,0,35–49,Q3,Graduation,No children at home,Partnered
682,10142,1535,4,XGBoost,0,0.11333373934030533,0,0,0,35–49,Q3,PhD,Children at home,Not partnered
683,9826,1605,2,Logistic Regression,1,0.43575138436920136,0,0,0,35–49,Q4,PhD,No children at home,Not partnered
684,1501,37,2,Logistic Regression,0,0.9999871245649865,1,1,1,Under 35,Q4,PhD,No children at home,Partnered
685,10767,1342,4,XGBoost,0,0.5413958430290222,0,0,0,Under 35,Q4,PhD,No children at home,Partnered
686,7279,1952,2,Logistic Regression,0,0.868708652419257,1,1,1,35–49,Q4,PhD,No children at home,Partnered
687,7230,800,5,XGBoost,1,0.1612946093082428,0,0,0,50–64,Q2,PhD,Children at home,Not partnered
688,143,643,4,XGBoost,0,0.28553202748298645,0,0,0,35–49,Q3,Graduation,No children at home,Not partnered
689,450,571,1,Logistic Regression,0,0.01632793580499842,0,0,0,50–64,Q2,Master,Children at home,Partnered
690,9316,195,2,Logistic Regression,0,0.08395875386049297,0,0,0,50–64,Q1,Basic,No children at home,Partnered
691,6379,318,3,SVM RBF,1,0.23691245462967161,0,0,1,65+,Q2,Master,Children at home,Not partnered
692,9239,346,1,Logistic Regression,0,0.0017483674023185917,0,0,0,50–64,Q3,Master,Children at home,Partnered
693,8315,1028,1,Logistic Regression,0,0.18634994620806145,0,0,0,Under 35,Q1,Graduation,No children at home,Not partnered
694,2868,1601,5,XGBoost,1,0.42691245675086975,0,0,0,65+,Q1,PhD,Children at home,Not partnered
695,10888,352,2,Logistic Regression,0,0.36912371187722637,0,0,0,50–64,Q2,Graduation,No children at home,Not partnered
696,1277,1596,2,Logistic Regression,0,0.4159395274364389,0,0,0,50–64,Q4,Graduation,No children at home,Partnered
697,9977,2005,2,Logistic Regression,0,0.07032202162412449,0,0,0,35–49,Q4,Graduation,Children at home,Not partnered
698,10196,562,2,Logistic Regression,0,0.034822040310447284,0,0,0,35–49,Q4,Graduation,Children at home,Partnered
699,6384,1908,3,SVM RBF,0,0.08211037453422024,0,0,0,35–49,Q4,Graduation,Children at home,Not partnered
700,8029,230,5,XGBoost,1,0.8693535327911377,1,1,1,Under 35,Q4,Master,No children at home,Not partnered
701,968,2026,1,Logistic Regression,0,0.2285693949778605,0,0,0,35–49,Q2,Master,Children at home,Not partnered
702,6988,726,1,Logistic Regression,0,0.7262429631190626,1,0,1,Under 35,Q4,Graduation,Children at home,Partnered
703,4472,1587,5,XGBoost,0,0.02417488396167755,0,0,0,35–49,Q2,PhD,Children at home,Not partnered
704,6991,1734,2,Logistic Regression,0,0.030977827490556716,0,0,0,50–64,Q2,Graduation,Children at home,Not partnered
705,3336,300,5,XGBoost,0,0.025467555969953537,0,0,0,65+,Q3,PhD,Children at home,Partnered
706,4301,1177,2,Logistic Regression,1,0.8731213246659061,1,1,1,35–49,Q2,Master,Children at home,Partnered
707,1940,607,3,SVM RBF,0,0.03829410361225458,0,0,0,Under 35,Q1,Graduation,Children at home,Partnered
708,1272,973,5,XGBoost,0,0.07203896343708038,0,0,0,35–49,Q3,Master,Children at home,Not partnered
709,1388,1058,1,Logistic Regression,0,0.8215873185251028,1,1,1,35–49,Q1,Graduation,Children at home,Not partnered
710,1044,1566,4,XGBoost,0,0.1485036164522171,0,0,0,50–64,Q3,Graduation,No children at home,Partnered
711,6969,1481,3,SVM RBF,0,0.0047959059660873105,0,0,0,Under 35,Q2,Graduation,Children at home,Partnered
712,10479,115,4,XGBoost,0,0.260407418012619,0,0,0,35–49,Q4,PhD,No children at home,Partnered
713,3619,847,1,Logistic Regression,1,0.9723598323820183,1,1,1,50–64,Q4,2n Cycle,No children at home,Not partnered
714,1715,956,2,Logistic Regression,0,0.3167537788757425,0,0,0,35–49,Q1,Graduation,Children at home,Partnered
715,10159,1853,2,Logistic Regression,0,0.4240115041719854,0,0,0,35–49,Q3,Graduation,Children at home,Not partnered
716,1463,1332,4,XGBoost,0,0.1537587195634842,0,0,0,50–64,Q2,Graduation,Children at home,Not partnered
717,5114,1881,3,SVM RBF,0,0.12803963379097247,0,0,0,35–49,Q4,Master,Children at home,Partnered
718,4990,1687,2,Logistic Regression,0,0.04163643116669001,0,0,0,50–64,Q3,Graduation,No children at home,Partnered
719,4329,1722,2,Logistic Regression,0,0.10649486012860988,0,0,0,Under 35,Q1,PhD,Children at home,Partnered
720,10936,930,1,Logistic Regression,0,0.1877684219417713,0,0,0,35–49,Q4,Graduation,No children at home,Partnered
721,4692,1215,1,Logistic Regression,1,0.9949438055450162,1,1,1,35–49,Q1,Graduation,Children at home,Partnered
722,7212,899,4,XGBoost,0,0.014061611145734787,0,0,0,35–49,Q2,Graduation,Children at home,Partnered
723,6086,1929,5,XGBoost,0,0.12503474950790405,0,0,0,50–64,Q4,Graduation,No children at home,Partnered
724,437,678,2,Logistic Regression,0,0.13750415845077635,0,0,0,35–49,Q4,Master,No children at home,Not partnered
725,11171,1100,1,Logistic Regression,0,0.09280165957728381,0,0,0,35–49,Q3,Master,Children at home,Partnered
726,11101,744,1,Logistic Regression,0,0.9340606348810702,1,1,1,Under 35,Q4,Graduation,No children at home,Partnered
727,5329,202,5,XGBoost,0,0.0015819405671209097,0,0,0,65+,Q2,PhD,Children at home,Not partnered
728,610,1059,2,Logistic Regression,0,0.5456729787835118,1,0,0,50–64,Q3,PhD,Children at home,Partnered
729,9384,254,4,XGBoost,0,0.08703459799289703,0,0,0,35–49,Q3,Graduation,Children at home,Partnered
730,5956,641,3,SVM RBF,0,0.1294070230415858,0,0,0,65+,Q2,PhD,Children at home,Not partnered
731,10430,978,2,Logistic Regression,0,0.9798768729991479,1,1,1,35–49,Q4,Graduation,Children at home,Not partnered
732,7875,1786,2,Logistic Regression,1,0.8351450058859029,0,1,1,65+,Q4,Graduation,No children at home,Partnered
733,7072,1145,2,Logistic Regression,0,0.1094326039444319,0,0,0,35–49,Q3,Graduation,Children at home,Partnered
734,6255,1452,1,Logistic Regression,0,0.009613981414252131,0,0,0,50–64,Q4,Master,Children at home,Partnered
735,6516,226,5,XGBoost,0,0.0035825299564749002,0,0,0,Under 35,Q1,Basic,Children at home,Partnered
736,5564,743,5,XGBoost,0,0.5327990055084229,1,0,1,35–49,Q3,Graduation,Children at home,Partnered
737,5682,316,5,XGBoost,0,0.2624257504940033,0,0,0,50–64,Q3,PhD,Children at home,Not partnered
738,7458,1982,3,SVM RBF,0,0.10104577557561746,0,0,0,50–64,Q1,Master,Children at home,Partnered
739,5237,464,3,SVM RBF,0,0.026490224627488627,0,0,0,50–64,Q2,PhD,Children at home,Not partnered
740,7761,1838,5,XGBoost,0,0.028240418061614037,0,0,0,35–49,Q2,2n Cycle,Children at home,Partnered
741,5278,537,4,XGBoost,0,0.1583443433046341,0,0,0,50–64,Q4,Graduation,No children at home,Partnered
742,3560,434,3,SVM RBF,0,0.13466735346573036,0,0,0,50–64,Q4,Graduation,No children at home,Partnered
743,7235,1435,4,XGBoost,0,0.07707337290048599,0,0,0,35–49,Q1,2n Cycle,Children at home,Partnered
744,10548,1784,5,XGBoost,0,0.0904565155506134,0,0,0,Under 35,Q4,Graduation,No children at home,Not partnered
745,2281,439,4,XGBoost,0,0.32833370566368103,0,0,0,35–49,Q1,Graduation,Children at home,Not partnered
746,4073,48,1,Logistic Regression,1,0.8854598737701591,0,1,1,50–64,Q3,2n Cycle,No children at home,Partnered
747,6974,669,5,XGBoost,0,0.21461720764636993,0,0,0,35–49,Q4,PhD,No children at home,Partnered
748,7938,353,4,XGBoost,0,0.015991436317563057,0,0,0,50–64,Q3,PhD,Children at home,Partnered
749,7094,850,5,XGBoost,0,0.0034881846513599157,0,0,0,35–49,Q3,Graduation,Children at home,Not partnered
750,3667,1923,4,XGBoost,1,0.904062032699585,1,1,1,35–49,Q4,Graduation,No children at home,Partnered
751,7723,359,3,SVM RBF,0,0.009484666055603497,0,0,0,35–49,Q4,Graduation,No children at home,Partnered
752,3870,777,1,Logistic Regression,0,0.08576115561029786,0,0,0,35–49,Q3,2n Cycle,No children at home,Partnered
753,4012,710,4,XGBoost,1,0.3072751462459564,0,0,0,35–49,Q3,PhD,Children at home,Partnered
754,5909,1645,4,XGBoost,0,0.09522780776023865,0,0,0,50–64,Q3,Graduation,Children at home,Partnered
755,10470,771,2,Logistic Regression,0,0.5035555152165598,1,0,0,35–49,Q2,Master,Children at home,Partnered
756,6488,873,2,Logistic Regression,0,0.005026841847009625,0,0,0,50–64,Q2,PhD,Children at home,Partnered
757,10270,1816,5,XGBoost,0,0.1889486163854599,0,0,0,Under 35,Q2,2n Cycle,Children at home,Partnered
758,6887,668,2,Logistic Regression,0,0.11895003535782528,0,0,0,35–49,Q4,Graduation,Children at home,Not partnered
759,6406,1997,3,SVM RBF,0,0.03944546228323396,0,0,0,Under 35,Q4,Master,No children at home,Partnered
760,7573,256,1,Logistic Regression,1,0.9643877822365872,1,1,1,35–49,Q1,PhD,Children at home,Not partnered
761,4508,1937,2,Logistic Regression,0,0.13150447475344648,0,0,0,50–64,Q4,Graduation,No children at home,Not partnered
762,221,1951,1,Logistic Regression,0,0.017416982568654173,0,0,0,50–64,Q2,Graduation,Children at home,Partnered
763,5331,1416,2,Logistic Regression,0,0.768669453369887,0,1,1,35–49,Q4,Graduation,No children at home,Partnered
764,1911,1331,2,Logistic Regression,0,0.6032453876559342,0,0,0,Under 35,Q3,Graduation,No children at home,Partnered
765,20,1635,5,XGBoost,0,0.004581710789352655,0,0,0,35–49,Q2,2n Cycle,Children at home,Partnered
766,8786,361,1,Logistic Regression,0,0.06887566298514851,0,0,0,50–64,Q3,Master,Children at home,Partnered
767,10582,1947,5,XGBoost,0,0.14977779984474182,0,0,0,35–49,Q4,Graduation,Children at home,Partnered
768,1915,1144,1,Logistic Regression,0,0.2003853435236342,0,0,0,50–64,Q4,PhD,No children at home,Partnered
769,8897,1229,2,Logistic Regression,1,0.7769297981314318,1,1,1,35–49,Q2,Graduation,Children at home,Not partnered
770,2371,927,4,XGBoost,0,0.16150444746017456,0,0,0,35–49,Q1,Graduation,Children at home,Partnered
771,4303,1969,3,SVM RBF,0,0.024864618965025027,0,0,0,50–64,Q1,PhD,Children at home,Partnered
772,6825,1211,2,Logistic Regression,0,0.00868161569039139,0,0,0,50–64,Q2,Graduation,Children at home,Partnered
773,1072,763,1,Logistic Regression,0,0.09599190809750016,0,0,0,35–49,Q2,PhD,Children at home,Not partnered
774,4964,1354,3,SVM RBF,0,0.013401267786097395,0,0,0,50–64,Q4,PhD,No children at home,Partnered
775,2461,1158,3,SVM RBF,0,0.005841578714019565,0,0,0,50–64,Q2,Master,Children at home,Not partnered
776,10736,582,1,Logistic Regression,0,0.31850495944459584,0,0,0,35–49,Q4,Graduation,Children at home,Not partnered
777,3194,64,3,SVM RBF,0,0.06170843531015262,0,0,0,35–49,Q4,PhD,No children at home,Not partnered
778,10839,349,4,XGBoost,0,0.020508047193288803,0,0,0,35–49,Q2,Graduation,Children at home,Partnered
779,49,1609,3,SVM RBF,0,0.008035536237687248,0,0,0,35–49,Q1,Graduation,Children at home,Not partnered
780,4290,1242,3,SVM RBF,0,0.03143690668909728,0,0,0,35–49,Q1,Graduation,Children at home,Partnered
781,10219,846,3,SVM RBF,0,0.019737480297727084,0,0,0,35–49,Q1,Graduation,Children at home,Partnered
782,4211,1081,2,Logistic Regression,0,0.3306836870097933,0,0,0,Under 35,Q1,Basic,Children at home,Partnered
783,1135,1999,5,XGBoost,0,0.002806473057717085,0,0,0,50–64,Q1,Master,Children at home,Partnered
784,6299,1585,3,SVM RBF,1,0.9459687263051626,1,1,1,35–49,Q2,PhD,Children at home,Not partnered
785,10846,258,5,XGBoost,0,0.3970568776130676,0,0,0,35–49,Q2,Master,Children at home,Partnered
786,347,1604,4,XGBoost,0,0.622428297996521,1,1,1,35–49,Q2,Graduation,Children at home,Not partnered
787,6543,414,3,SVM RBF,0,0.21669027727843065,0,0,0,65+,Q3,Master,No children at home,Partnered
788,10446,796,2,Logistic Regression,1,0.9937200270712822,1,1,1,50–64,Q4,PhD,No children at home,Partnered
789,3479,1933,4,XGBoost,0,0.4272441864013672,0,0,0,50–64,Q1,Graduation,No children at home,Not partnered
790,11075,1281,3,SVM RBF,0,0.008274524542084284,0,0,0,35–49,Q2,Graduation,Children at home,Partnered
791,4442,187,5,XGBoost,0,0.03965114802122116,0,0,0,50–64,Q2,Graduation,Children at home,Not partnered
792,199,68,4,XGBoost,0,0.7867721319198608,0,1,1,50–64,Q2,Master,No children at home,Not partnered
793,6722,1247,4,XGBoost,0,0.043513450771570206,0,0,0,50–64,Q4,PhD,Children at home,Partnered
794,796,1700,4,XGBoost,0,0.5915225148200989,1,0,0,35–49,Q3,2n Cycle,Children at home,Not partnered
795,3749,262,2,Logistic Regression,0,0.09816734158989708,0,0,0,35–49,Q4,Graduation,No children at home,Partnered
796,8523,281,1,Logistic Regression,0,0.08783521460331778,0,0,0,35–49,Q1,Graduation,Children at home,Partnered
797,310,460,1,Logistic Regression,0,0.005335970115926389,0,0,0,35–49,Q3,Master,Children at home,Partnered
798,8629,991,4,XGBoost,0,0.054929688572883606,0,0,0,50–64,Q2,Graduation,Children at home,Not partnered
799,236,2020,4,XGBoost,0,0.1773579716682434,0,0,0,50–64,Q1,Graduation,Children at home,Partnered
800,9930,285,1,Logistic Regression,0,0.8317608995906501,0,1,1,65+,Q4,PhD,No children at home,Not partnered
801,3483,1732,5,XGBoost,1,0.2730444669723511,0,0,0,50–64,Q2,Graduation,No children at home,Partnered
802,4599,199,2,Logistic Regression,0,0.018102274732788918,0,0,0,35–49,Q2,Master,Children at home,Partnered
803,7326,1761,5,XGBoost,0,0.0025655131321400404,0,0,0,35–49,Q3,Master,Children at home,Partnered
804,7352,242,5,XGBoost,0,0.02283531427383423,0,0,0,50–64,Q3,Graduation,Children at home,Partnered
805,2350,179,3,SVM RBF,0,0.0497102072054608,0,0,0,35–49,Q3,Graduation,Children at home,Partnered
806,9145,55,5,XGBoost,0,0.1287708878517151,0,0,0,35–49,Q4,Graduation,Children at home,Not partnered
807,2964,1950,4,XGBoost,0,0.41929832100868225,0,0,0,Under 35,Q1,Graduation,No children at home,Partnered
808,5585,1300,1,Logistic Regression,1,0.8162863053593189,1,1,1,35–49,Q1,Graduation,Children at home,Not partnered
809,9687,942,3,SVM RBF,0,0.11194768215359473,0,0,0,35–49,Q4,Graduation,No children at home,Not partnered
810,3732,1691,4,XGBoost,0,0.14519354701042175,0,0,0,50–64,Q3,Master,Children at home,Partnered
811,6303,1089,4,XGBoost,0,0.142552450299263,0,0,0,Under 35,Q4,PhD,No children at home,Partnered
812,11176,624,5,XGBoost,0,0.02578836865723133,0,0,0,35–49,Q3,PhD,Children at home,Partnered
813,2986,1283,5,XGBoost,0,0.0013741047587245703,0,0,0,35–49,Q1,Graduation,Children at home,Partnered
814,7462,65,1,Logistic Regression,0,0.8757609842376202,0,1,1,50–64,Q1,Graduation,No children at home,Not partnered
815,3900,1903,3,SVM RBF,0,0.000632112467202445,0,0,0,35–49,Q3,Graduation,Children at home,Partnered
816,7034,1724,3,SVM RBF,0,0.023395225527090686,0,0,0,35–49,Q1,2n Cycle,Children at home,Partnered
817,9493,2001,2,Logistic Regression,1,0.995565387231735,1,1,1,Under 35,Q4,PhD,No children at home,Not partnered
818,1143,474,5,XGBoost,0,0.0803038701415062,0,0,0,35–49,Q1,Graduation,Children at home,Partnered
819,1,1457,1,Logistic Regression,1,0.5842674864404727,0,0,0,50–64,Q3,Graduation,No children at home,Not partnered
820,3855,491,4,XGBoost,0,0.21996352076530457,0,0,0,50–64,Q1,Graduation,No children at home,Partnered
821,5536,684,2,Logistic Regression,1,0.9774521956677429,1,1,1,50–64,Q4,Graduation,Children at home,Partnered
822,5989,490,2,Logistic Regression,0,0.22023862880456957,0,0,0,50–64,Q4,2n Cycle,Children at home,Not partnered
823,9499,1962,2,Logistic Regression,0,0.19613011192530247,0,0,0,50–64,Q4,Graduation,Children at home,Partnered
824,6768,239,3,SVM RBF,0,0.03151261534032209,0,0,0,50–64,Q2,Graduation,Children at home,Not partnered
825,2150,1499,1,Logistic Regression,0,0.5970679463081026,0,0,0,50–64,Q4,PhD,Children at home,Not partnered
826,6646,26,5,XGBoost,0,0.002394595183432102,0,0,0,Under 35,Q1,Graduation,Children at home,Partnered
827,4887,288,2,Logistic Regression,0,0.18665923920743607,0,0,0,35–49,Q3,PhD,Children at home,Not partnered
828,8560,1536,5,XGBoost,0,0.20980772376060486,0,0,0,Under 35,Q2,Graduation,No children at home,Not partnered
829,3321,156,1,Logistic Regression,0,0.11507853516741585,0,0,0,35–49,Q3,PhD,Children at home,Partnered
830,11003,1546,3,SVM RBF,0,0.04585712758110686,0,0,0,Under 35,Q1,2n Cycle,Children at home,Partnered
831,10402,1836,2,Logistic Regression,0,0.015338832016337886,0,0,0,35–49,Q2,Graduation,Children at home,Partnered
832,9904,1936,1,Logistic Regression,0,0.09007824894368079,0,0,0,50–64,Q4,Graduation,Children at home,Partnered
833,6141,1356,4,XGBoost,0,0.2894558608531952,0,0,0,35–49,Q2,Master,Children at home,Not partnered
834,5687,992,5,XGBoost,0,0.38987964391708374,0,0,0,Under 35,Q4,Graduation,No children at home,Not partnered
835,10856,740,2,Logistic Regression,0,0.044516720848952814,0,0,0,Under 35,Q2,2n Cycle,Children at home,Not partnered
836,5121,1238,5,XGBoost,0,0.6170102953910828,1,0,1,35–49,Q3,Graduation,Children at home,Not partnered
837,4186,1169,4,XGBoost,0,0.40164265036582947,0,0,0,50–64,Q1,Graduation,Children at home,Partnered
838,368,1667,5,XGBoost,0,0.05471940338611603,0,0,0,35–49,Q2,Graduation,Children at home,Partnered
839,3312,123,2,Logistic Regression,0,0.6061632112228723,1,0,0,Under 35,Q1,Graduation,Children at home,Not partnered
840,11121,1224,2,Logistic Regression,0,0.5286932540016085,1,0,0,Under 35,Q1,Graduation,Children at home,Partnered
841,5332,145,2,Logistic Regression,0,0.4069572218159106,0,0,0,50–64,Q4,2n Cycle,No children at home,Partnered
842,5848,198,1,Logistic Regression,1,0.9924872451637363,1,1,1,35–49,Q4,Graduation,No children at home,Partnered
843,10343,319,4,XGBoost,0,0.7460933923721313,0,1,1,Under 35,Q3,2n Cycle,No children at home,Not partnered
844,5935,12,4,XGBoost,0,0.2523389458656311,0,0,0,50–64,Q3,Master,Children at home,Not partnered
845,2895,411,4,XGBoost,0,0.05672869458794594,0,0,0,50–64,Q2,Graduation,Children at home,Not partnered
846,10262,1470,2,Logistic Regression,0,0.05287602705218897,0,0,0,Under 35,Q1,Graduation,Children at home,Partnered
847,7848,1280,2,Logistic Regression,0,0.4214449279686075,0,0,0,35–49,Q2,Graduation,Children at home,Not partnered
848,9477,1441,3,SVM RBF,0,0.023485167091328377,0,0,0,50–64,Q3,PhD,Children at home,Partnered
849,4856,1425,2,Logistic Regression,0,0.9690388154422382,1,1,1,50–64,Q4,2n Cycle,No children at home,Partnered
850,7186,408,3,SVM RBF,0,0.27084140282919883,0,0,1,35–49,Q1,PhD,Children at home,Partnered
851,5794,622,2,Logistic Regression,1,0.6603352289475319,1,0,1,35–49,Q2,PhD,Children at home,Partnered
852,1456,2018,5,XGBoost,0,0.06077587977051735,0,0,0,35–49,Q3,Graduation,Children at home,Not partnered
853,4877,121,1,Logistic Regression,0,0.014983703196445678,0,0,0,35–49,Q2,Master,Children at home,Partnered
854,425,998,4,XGBoost,0,0.07486071437597275,0,0,0,Under 35,Q3,Graduation,Children at home,Partnered
855,3007,1790,2,Logistic Regression,0,0.11953734501864095,0,0,0,35–49,Q2,Graduation,Children at home,Partnered
856,1031,350,5,XGBoost,0,0.8112918138504028,1,1,1,Under 35,Q4,2n Cycle,No children at home,Partnered
857,4297,801,3,SVM RBF,0,0.009376880176889769,0,0,0,35–49,Q1,Graduation,Children at home,Partnered
858,807,808,5,XGBoost,0,0.30255457758903503,0,0,0,35–49,Q2,Master,Children at home,Partnered
859,9553,715,5,XGBoost,0,0.0003827411856036633,0,0,0,Under 35,Q1,Graduation,No children at home,Partnered
860,4271,28,1,Logistic Regression,0,0.11227640184882456,0,0,0,Under 35,Q2,2n Cycle,Children at home,Partnered
861,4120,306,1,Logistic Regression,0,0.0944951127290653,0,0,0,35–49,Q2,2n Cycle,Children at home,Not partnered
862,2036,1173,3,SVM RBF,0,0.04085010330811085,0,0,0,35–49,Q3,PhD,Children at home,Partnered
863,115,122,5,XGBoost,0,0.17567767202854156,0,0,0,35–49,Q2,Master,Children at home,Not partnered
864,4259,628,3,SVM RBF,0,0.01161832329041695,0,0,0,Under 35,Q1,Master,Children at home,Not partnered
865,8687,4,4,XGBoost,0,0.07476910203695297,0,0,0,35–49,Q3,Graduation,Children at home,Partnered
866,2447,1983,4,XGBoost,0,0.27949586510658264,0,0,0,35–49,Q1,Graduation,Children at home,Partnered
867,10140,1401,4,XGBoost,0,0.6388298869132996,0,1,1,Under 35,Q4,PhD,No children at home,Partnered
868,9353,1021,2,Logistic Regression,0,0.2901885424781086,0,0,0,50–64,Q3,Graduation,Children at home,Not partnered
869,3623,1531,5,XGBoost,0,0.023633699864149094,0,0,0,35–49,Q1,Graduation,Children at home,Partnered
870,738,2027,3,SVM RBF,0,0.019421576578138856,0,0,0,Under 35,Q2,2n Cycle,Children at home,Not partnered
871,7631,227,1,Logistic Regression,0,0.03529684829938407,0,0,0,35–49,Q3,Master,Children at home,Partnered
872,4789,140,2,Logistic Regression,0,0.8349207070983858,0,1,1,50–64,Q4,Graduation,No children at home,Partnered
873,773,1236,3,SVM RBF,0,0.05768408663588688,0,0,0,35–49,Q2,Master,Children at home,Not partnered
874,10602,1420,1,Logistic Regression,0,0.4859399341360931,0,0,0,Under 35,Q2,Graduation,Children at home,Partnered
875,1446,238,2,Logistic Regression,0,0.685621637012869,0,0,1,50–64,Q4,Master,No children at home,Not partnered
876,3270,1791,3,SVM RBF,0,0.04718493051309036,0,0,0,35–49,Q1,2n Cycle,Children at home,Partnered
877,8443,1225,3,SVM RBF,1,0.7385832728426045,1,1,1,35–49,Q1,Graduation,Children at home,Not partnered
878,9653,271,2,Logistic Regression,0,0.5480209750311706,1,0,0,35–49,Q2,Graduation,Children at home,Partnered
879,8916,1768,4,XGBoost,0,0.017615443095564842,0,0,0,35–49,Q2,Graduation,Children at home,Not partnered
880,8017,1794,2,Logistic Regression,0,0.005721730046369465,0,0,0,Under 35,Q2,2n Cycle,Children at home,Partnered
881,5830,1605,2,Logistic Regression,1,0.43575138436920136,0,0,0,35–49,Q4,PhD,No children at home,Not partnered
882,4597,72,1,Logistic Regression,0,0.033609565214248606,0,0,0,35–49,Q4,PhD,No children at home,Partnered
883,7023,1366,1,Logistic Regression,0,0.5731227901073626,0,0,0,50–64,Q2,PhD,Children at home,Not partnered
884,8086,1329,3,SVM RBF,0,0.00878174114967743,0,0,0,50–64,Q2,Graduation,Children at home,Partnered
885,8825,274,3,SVM RBF,0,0.14826217767567326,0,0,0,50–64,Q2,Graduation,Children at home,Partnered
886,2930,1811,5,XGBoost,0,0.32702574133872986,0,0,0,35–49,Q4,Master,No children at home,Not partnered
887,1928,1633,3,SVM RBF,0,0.4260606398547717,1,0,1,35–49,Q1,Graduation,Children at home,Partnered
888,7108,388,2,Logistic Regression,0,0.5448999439849013,1,0,0,35–49,Q3,Master,Children at home,Not partnered
889,10925,1122,5,XGBoost,0,0.007174170576035976,0,0,0,Under 35,Q4,Graduation,No children at home,Partnered
890,9960,241,5,XGBoost,0,0.0009889529319480062,0,0,0,Under 35,Q1,Basic,Children at home,Not partnered
891,8800,546,3,SVM RBF,1,0.9443730443085104,1,1,1,65+,Q2,PhD,No children at home,Not partnered
892,9224,533,3,SVM RBF,0,0.17459324162910556,0,0,0,35–49,Q3,PhD,Children at home,Not partnered
893,5519,1246,3,SVM RBF,1,0.02473388938257073,0,0,0,50–64,Q3,Graduation,Children at home,Partnered
894,5046,809,1,Logistic Regression,0,0.01919114650427497,0,0,0,50–64,Q4,Graduation,Children at home,Not partnered
895,7037,1423,3,SVM RBF,0,0.021956855808760264,0,0,0,35–49,Q2,PhD,Children at home,Partnered
896,905,1267,4,XGBoost,0,0.2603413164615631,0,0,0,Under 35,Q1,Graduation,Children at home,Not partnered
897,8624,632,3,SVM RBF,0,0.02375374385690235,0,0,0,50–64,Q4,Graduation,No children at home,Partnered
898,8945,134,2,Logistic Regression,0,0.05558740329038269,0,0,0,35–49,Q3,Graduation,Children at home,Not partnered
899,6445,802,1,Logistic Regression,0,0.09738059892147004,0,0,0,35–49,Q3,Graduation,No children at home,Partnered
900,2727,683,1,Logistic Regression,0,0.06249623130404119,0,0,0,35–49,Q3,Graduation,No children at home,Partnered
901,6404,449,4,XGBoost,0,0.5403487682342529,1,0,0,35–49,Q3,Graduation,Children at home,Partnered
902,11074,2021,1,Logistic Regression,0,0.006272944296431369,0,0,0,35–49,Q4,Graduation,No children at home,Not partnered
903,10150,1641,5,XGBoost,1,0.9653783440589905,1,1,1,50–64,Q4,Graduation,No children at home,Not partnered
904,1968,1792,4,XGBoost,0,0.04814751073718071,0,0,0,35–49,Q2,Graduation,Children at home,Not partnered
905,6534,1739,3,SVM RBF,0,0.0016182106091213863,0,0,0,35–49,Q2,Graduation,Children at home,Partnered
906,9485,891,3,SVM RBF,0,0.008865972724517137,0,0,0,Under 35,Q2,PhD,No children at home,Partnered
907,7053,11,4,XGBoost,0,0.3869282007217407,0,0,0,35–49,Q4,PhD,No children at home,Not partnered
908,4654,794,3,SVM RBF,0,0.028534994973168974,0,0,0,Under 35,Q4,Graduation,No children at home,Partnered
909,9760,2008,3,SVM RBF,1,0.2640676377038194,0,0,1,50–64,Q3,PhD,Children at home,Not partnered
910,1048,1621,3,SVM RBF,1,0.07114936331624452,0,0,0,35–49,Q1,Master,Children at home,Partnered
911,10619,106,3,SVM RBF,1,0.9404301280071101,1,1,1,Under 35,Q4,Graduation,No children at home,Not partnered
912,9308,108,1,Logistic Regression,0,0.04322613356866046,0,0,0,50–64,Q3,Graduation,No children at home,Partnered
913,10505,505,3,SVM RBF,0,0.0008591759155338489,0,0,0,50–64,Q4,Master,No children at home,Partnered
914,8362,1579,2,Logistic Regression,1,0.9794944596505191,1,1,1,Under 35,Q4,PhD,No children at home,Partnered
915,2625,1348,5,XGBoost,0,0.021716086193919182,0,0,0,50–64,Q2,2n Cycle,Children at home,Not partnered
916,4637,1407,5,XGBoost,0,0.8898665308952332,1,1,1,50–64,Q4,PhD,No children at home,Not partnered
917,9972,1421,1,Logistic Regression,0,0.5951509087417814,0,0,0,50–64,Q2,PhD,Children at home,Partnered
918,4483,861,3,SVM RBF,0,0.19345455602011732,0,0,0,Under 35,Q4,Graduation,No children at home,Not partnered
919,4487,150,4,XGBoost,1,0.21499106287956238,0,0,0,35–49,Q2,Master,Children at home,Not partnered
920,4988,1872,1,Logistic Regression,0,0.02751232282794088,0,0,0,65+,Q1,PhD,Children at home,Partnered
921,8931,687,5,XGBoost,0,0.06402572989463806,0,0,0,Under 35,Q4,Graduation,Children at home,Partnered
922,5871,781,3,SVM RBF,0,0.07420765872893917,0,0,0,35–49,Q1,Master,No children at home,Partnered
923,2008,259,4,XGBoost,0,0.0885850340127945,0,0,0,35–49,Q4,Graduation,No children at home,Partnered
924,3139,437,1,Logistic Regression,0,0.1536721469663571,0,0,0,Under 35,Q4,2n Cycle,No children at home,Not partnered
925,10037,2019,3,SVM RBF,0,0.02337675906840337,0,0,0,Under 35,Q4,Graduation,No children at home,Not partnered
926,10673,1769,1,Logistic Regression,0,0.6458942523756547,0,0,1,35–49,Q3,PhD,Children at home,Partnered
927,5303,855,5,XGBoost,0,0.060766201466321945,0,0,0,35–49,Q4,PhD,No children at home,Partnered
928,538,1703,3,SVM RBF,0,0.0012176618712043182,0,0,0,Under 35,Q2,Graduation,Children at home,Not partnered
929,7922,1296,4,XGBoost,0,0.8509727716445923,1,1,1,50–64,Q3,PhD,Children at home,Not partnered
930,5692,1525,4,XGBoost,0,0.04683519899845123,0,0,0,Under 35,Q1,Basic,Children at home,Partnered
931,4843,1937,2,Logistic Regression,0,0.13150447475344648,0,0,0,50–64,Q4,Graduation,No children at home,Not partnered
932,6383,146,3,SVM RBF,0,0.009378475578128997,0,0,0,35–49,Q1,PhD,Children at home,Partnered
933,1628,761,4,XGBoost,0,0.13809959590435028,0,0,0,35–49,Q4,Graduation,No children at home,Partnered
934,1204,1273,5,XGBoost,0,0.687781035900116,1,1,1,35–49,Q4,PhD,Children at home,Partnered
935,3673,412,5,XGBoost,0,0.04026508331298828,0,0,0,35–49,Q3,Graduation,Children at home,Not partnered
936,760,895,1,Logistic Regression,0,0.42420506008696135,0,0,0,35–49,Q3,PhD,Children at home,Not partnered
937,8957,494,1,Logistic Regression,0,0.5163981928169189,0,0,0,50–64,Q3,2n Cycle,Children at home,Not partnered
938,4128,236,4,XGBoost,0,0.08655332028865814,0,0,0,50–64,Q3,PhD,Children at home,Partnered
939,6810,1453,2,Logistic Regression,1,0.6697001806798544,0,0,1,Under 35,Q4,Graduation,No children at home,Not partnered
940,5386,9,2,Logistic Regression,1,0.9844451822640872,1,1,1,50–64,Q4,Graduation,No children at home,Partnered
941,8700,795,1,Logistic Regression,0,0.0008006373819266897,0,0,0,Under 35,Q1,Basic,No children at home,Not partnered
942,3202,1779,4,XGBoost,0,0.8505017757415771,1,1,1,Under 35,Q3,PhD,No children at home,Partnered
943,1328,680,4,XGBoost,0,0.05414101108908653,0,0,0,Under 35,Q3,2n Cycle,Children at home,Partnered
944,8405,15,3,SVM RBF,0,0.0020602417371011292,0,0,0,35–49,Q3,Graduation,Children at home,Not partnered
945,6515,1411,3,SVM RBF,0,0.0017595211433697824,0,0,0,35–49,Q2,Graduation,Children at home,Partnered
946,2882,681,5,XGBoost,0,0.12988057732582092,0,0,0,35–49,Q4,2n Cycle,Children at home,Not partnered
947,7574,402,3,SVM RBF,0,0.004087274661534055,0,0,0,35–49,Q1,PhD,Children at home,Partnered
948,6387,446,2,Logistic Regression,0,0.3760297431806937,0,0,0,35–49,Q3,PhD,Children at home,Partnered
949,5320,310,2,Logistic Regression,1,0.7934788572509833,1,1,1,35–49,Q2,Master,Children at home,Not partnered
950,5048,284,5,XGBoost,0,0.7248678803443909,1,1,1,35–49,Q2,PhD,Children at home,Not partnered
951,8146,921,5,XGBoost,0,0.016700051724910736,0,0,0,35–49,Q2,Master,Children at home,Partnered
952,10031,1935,5,XGBoost,0,0.08980187028646469,0,0,0,35–49,Q1,PhD,Children at home,Partnered
953,5748,1326,5,XGBoost,1,0.005148273892700672,0,0,0,35–49,Q3,Graduation,Children at home,Partnered
954,2134,629,5,XGBoost,0,0.12436890602111816,0,0,0,50–64,Q3,Graduation,Children at home,Not partnered
955,1523,1009,5,XGBoost,0,0.005294009577482939,0,0,0,35–49,Q3,Graduation,Children at home,Partnered
956,9665,1351,3,SVM RBF,0,0.15695942451523737,0,0,0,50–64,Q3,PhD,Children at home,Not partnered
957,4640,772,4,XGBoost,0,0.2336563766002655,0,0,0,35–49,Q4,Graduation,Children at home,Not partnered
958,3635,1149,5,XGBoost,0,0.009894625283777714,0,0,0,50–64,Q3,PhD,Children at home,Not partnered
959,3547,1101,2,Logistic Regression,1,0.6637049339731336,1,0,1,35–49,Q2,Master,Children at home,Partnered
960,2456,1125,1,Logistic Regression,0,0.043448253381597385,0,0,0,35–49,Q2,PhD,Children at home,Partnered
961,5633,1410,5,XGBoost,0,0.08170119673013687,0,0,0,Under 35,Q2,Graduation,Children at home,Partnered
962,7801,1279,1,Logistic Regression,0,0.0065160043392062696,0,0,0,50–64,Q3,Graduation,Children at home,Partnered
963,10489,440,2,Logistic Regression,1,0.959991167690618,1,1,1,35–49,Q4,Graduation,No children at home,Partnered
964,7011,1975,3,SVM RBF,0,0.16780535231016147,0,0,0,35–49,Q1,Graduation,Children at home,Partnered
965,2620,1552,2,Logistic Regression,1,0.12442873376254256,0,0,0,35–49,Q2,PhD,Children at home,Partnered
966,3933,1857,2,Logistic Regression,0,0.5897484953390845,1,0,0,Under 35,Q2,Graduation,Children at home,Partnered
967,10981,709,5,XGBoost,0,0.011670020408928394,0,0,0,Under 35,Q4,Graduation,No children at home,Partnered
968,1734,1815,3,SVM RBF,0,0.25276754406487484,0,0,1,35–49,Q2,PhD,Children at home,Partnered
969,10995,707,1,Logistic Regression,0,0.13671083385551494,0,0,0,Under 35,Q1,2n Cycle,Children at home,Partnered
970,6357,69,5,XGBoost,0,0.02240663766860962,0,0,0,50–64,Q3,2n Cycle,Children at home,Not partnered
971,9209,1852,5,XGBoost,0,0.06338845938444138,0,0,0,35–49,Q4,Master,No children at home,Partnered
972,10286,1577,5,XGBoost,0,0.1427750438451767,0,0,0,50–64,Q4,Graduation,No children at home,Partnered
973,2611,1777,3,SVM RBF,0,0.37946076411693247,0,0,1,50–64,Q4,Master,No children at home,Partnered
974,1600,1100,1,Logistic Regression,0,0.09280165957728381,0,0,0,35–49,Q3,Master,Children at home,Partnered
975,3308,1034,1,Logistic Regression,0,0.018714656915107073,0,0,0,50–64,Q1,Graduation,Children at home,Partnered
976,5407,1315,4,XGBoost,0,0.2964760363101959,0,0,0,50–64,Q3,Graduation,Children at home,Partnered
977,2166,658,4,XGBoost,0,0.04438874125480652,0,0,0,50–64,Q2,2n Cycle,Children at home,Not partnered
978,3955,799,4,XGBoost,0,0.09368354827165604,0,0,0,35–49,Q1,Graduation,No children at home,Not partnered
979,6634,894,5,XGBoost,0,0.030800480395555496,0,0,0,35–49,Q1,Master,Children at home,Not partnered
980,3056,1027,3,SVM RBF,0,0.017104733877786132,0,0,0,35–49,Q3,Graduation,Children at home,Not partnered
981,5718,71,4,XGBoost,1,0.7547449469566345,0,1,1,50–64,Q4,Graduation,No children at home,Partnered
982,6872,1024,2,Logistic Regression,0,0.04114705339722355,0,0,0,35–49,Q3,PhD,Children at home,Partnered
983,8164,1643,3,SVM RBF,0,0.26548490813994957,0,0,1,35–49,Q4,PhD,No children at home,Partnered
984,4580,950,1,Logistic Regression,1,0.9877741591732984,1,1,1,35–49,Q4,Graduation,No children at home,Partnered
985,9305,1789,5,XGBoost,0,0.21761555969715118,0,0,0,35–49,Q4,2n Cycle,No children at home,Not partnered
986,453,780,5,XGBoost,0,0.1557929366827011,0,0,0,50–64,Q2,PhD,Children at home,Not partnered
987,8545,1157,2,Logistic Regression,1,0.9872427852894801,1,1,1,50–64,Q4,Graduation,No children at home,Not partnered
988,9850,1848,3,SVM RBF,0,0.035430485354837706,0,0,0,35–49,Q1,2n Cycle,Children at home,Partnered
989,7378,610,2,Logistic Regression,0,0.8983582682217515,1,1,1,Under 35,Q2,Master,Children at home,Partnered
990,7646,1216,1,Logistic Regression,0,0.01499530581537049,0,0,0,Under 35,Q3,Graduation,Children at home,Not partnered
991,1640,1767,3,SVM RBF,0,0.0019095631425038086,0,0,0,50–64,Q3,Graduation,Children at home,Not partnered
992,5184,1028,1,Logistic Regression,0,0.18634994620806145,0,0,0,Under 35,Q1,Graduation,No children at home,Not partnered
993,8492,810,3,SVM RBF,0,0.18211686989457804,0,0,0,35–49,Q4,Graduation,No children at home,Partnered
994,11188,1875,5,XGBoost,0,0.04385509341955185,0,0,0,50–64,Q1,Graduation,Children at home,Partnered
995,1212,1856,4,XGBoost,0,0.7862430810928345,1,1,1,35–49,Q3,Graduation,Children at home,Partnered
996,9097,1436,1,Logistic Regression,0,0.02194514055173845,0,0,0,50–64,Q2,Graduation,Children at home,Not partnered
997,10473,1251,3,SVM RBF,1,0.8739321962042759,1,1,1,50–64,Q4,PhD,Children at home,Not partnered
998,7962,1573,1,Logistic Regression,1,0.9955624683259532,1,1,1,Under 35,Q4,PhD,No children at home,Not partnered
999,9984,1168,4,XGBoost,1,0.7609233856201172,1,1,1,Under 35,Q3,2n Cycle,Children at home,Partnered
1000,5527,631,5,XGBoost,0,0.24509526789188385,0,0,0,Under 35,Q1,Graduation,Children at home,Partnered
1001,6374,1850,4,XGBoost,0,0.24243523180484772,0,0,0,50–64,Q2,PhD,Children at home,Partnered
1002,7453,1549,4,XGBoost,1,0.788914680480957,1,1,1,50–64,Q2,Graduation,Children at home,Not partnered
1003,8952,1103,5,XGBoost,0,0.04031453654170036,0,0,0,50–64,Q3,Master,Children at home,Partnered
1004,241,434,3,SVM RBF,0,0.13466735346573036,0,0,0,50–64,Q4,Graduation,No children at home,Partnered
1005,8975,792,5,XGBoost,0,0.8232900500297546,1,1,1,35–49,Q1,Graduation,Children at home,Partnered
1006,6119,932,3,SVM RBF,0,0.06382984262847978,0,0,0,50–64,Q2,PhD,Children at home,Not partnered
1007,5236,1563,1,Logistic Regression,0,0.966421073809854,1,1,1,35–49,Q4,Graduation,Children at home,Partnered
1008,5723,161,5,XGBoost,0,0.0020440698135644197,0,0,0,35–49,Q2,PhD,Children at home,Partnered
1009,1710,766,2,Logistic Regression,0,0.6827222755011109,1,0,1,35–49,Q1,Graduation,Children at home,Not partnered
1010,1970,1321,3,SVM RBF,0,0.16945168267251393,0,0,0,35–49,Q1,Master,Children at home,Partnered
1011,5313,497,5,XGBoost,0,0.011558214202523232,0,0,0,35–49,Q2,Master,Children at home,Partnered
1012,10634,1909,4,XGBoost,0,0.050422605127096176,0,0,0,50–64,Q3,Master,No children at home,Partnered
1013,7010,1130,5,XGBoost,0,0.17376601696014404,0,0,0,35–49,Q4,2n Cycle,No children at home,Partnered
1014,8562,1731,4,XGBoost,0,0.06350760906934738,0,0,0,35–49,Q3,Graduation,No children at home,Partnered
1015,3158,1822,1,Logistic Regression,0,0.34162529231882194,0,0,0,35–49,Q1,Graduation,Children at home,Partnered
1016,4436,1810,3,SVM RBF,0,0.06864709319326863,0,0,0,35–49,Q1,Graduation,No children at home,Not partnered
1017,5287,1627,3,SVM RBF,0,0.0031397064957379662,0,0,0,35–49,Q1,Graduation,Children at home,Partnered
1018,2445,228,2,Logistic Regression,0,0.032008374208716384,0,0,0,35–49,Q1,PhD,Children at home,Partnered
1019,6059,1624,5,XGBoost,1,0.15447954833507538,0,0,0,50–64,Q3,PhD,Children at home,Partnered
1020,4550,222,2,Logistic Regression,0,0.003256802611593901,0,0,0,35–49,Q1,Master,Children at home,Partnered
1021,4240,292,2,Logistic Regression,0,0.21615637758814712,0,0,0,35–49,Q1,Graduation,Children at home,Partnered
1022,8911,818,5,XGBoost,0,0.19244450330734253,0,0,0,35–49,Q3,PhD,Children at home,Partnered
1023,3706,1864,4,XGBoost,1,0.6624370813369751,1,1,1,35–49,Q1,Graduation,Children at home,Not partnered
1024,3628,734,3,SVM RBF,0,0.015679834471842808,0,0,0,Under 35,Q1,Basic,Children at home,Not partnered
1025,10175,1894,5,XGBoost,0,0.006698610261082649,0,0,0,50–64,Q1,PhD,Children at home,Not partnered
1026,8985,817,4,XGBoost,0,0.2204653024673462,0,0,0,50–64,Q3,2n Cycle,Children at home,Partnered
1027,5204,159,2,Logistic Regression,1,0.9363063385261701,1,1,1,35–49,Q4,Graduation,No children at home,Partnered
1028,9220,1252,5,XGBoost,1,0.7867249250411987,1,1,1,35–49,Q4,Graduation,No children at home,Not partnered
1029,9888,898,3,SVM RBF,0,0.02002455296664303,0,0,0,35–49,Q3,Graduation,No children at home,Partnered
1030,5263,231,5,XGBoost,0,0.047529108822345734,0,0,0,35–49,Q1,2n Cycle,Children at home,Partnered
1031,1020,2010,4,XGBoost,0,0.3533431589603424,0,0,0,35–49,Q4,Graduation,No children at home,Partnered
1032,9503,248,5,XGBoost,0,0.8878207206726074,1,1,1,Under 35,Q1,Graduation,No children at home,Not partnered
1033,10613,947,3,SVM RBF,0,0.05397412942849109,0,0,0,50–64,Q2,PhD,Children at home,Partnered
1034,67,1906,2,Logistic Regression,0,0.4398485169858556,0,0,0,35–49,Q2,Master,Children at home,Not partnered
1035,6019,1071,2,Logistic Regression,1,0.4136799404757401,0,0,0,35–49,Q2,PhD,Children at home,Partnered
1036,5863,1783,4,XGBoost,0,0.055772505700588226,0,0,0,50–64,Q2,Graduation,Children at home,Partnered
1037,3717,551,5,XGBoost,0,0.10311761498451233,0,0,0,50–64,Q3,Graduation,Children at home,Partnered
1038,6730,417,5,XGBoost,0,0.017853621393442154,0,0,0,50–64,Q2,Graduation,Children at home,Partnered
1039,10749,1595,5,XGBoost,0,0.33967477083206177,0,0,0,Under 35,Q1,Graduation,No children at home,Not partnered
1040,4998,1377,2,Logistic Regression,0,0.17676253672564257,0,0,0,50–64,Q4,Graduation,No children at home,Partnered
1041,6287,1346,1,Logistic Regression,1,0.15598099616618621,0,0,0,Under 35,Q1,Graduation,Children at home,Partnered
1042,5985,1051,4,XGBoost,0,0.8161881566047668,1,1,1,35–49,Q1,Master,Children at home,Not partnered
1043,4754,697,4,XGBoost,0,0.029943490400910378,0,0,0,35–49,Q1,Master,Children at home,Partnered
1044,4002,467,4,XGBoost,0,0.25328442454338074,0,0,0,50–64,Q4,PhD,Children at home,Partnered
1045,8870,341,1,Logistic Regression,1,0.46936267362370715,0,0,0,Under 35,Q1,Graduation,Children at home,Partnered
1046,966,2029,5,XGBoost,0,0.011024036444723606,0,0,0,35–49,Q2,Graduation,Children at home,Partnered
1047,4767,1130,5,XGBoost,0,0.17376601696014404,0,0,0,35–49,Q4,2n Cycle,No children at home,Partnered
1048,9725,261,1,Logistic Regression,0,0.36283978938124506,0,0,0,35–49,Q1,PhD,Children at home,Partnered
1049,4475,1751,5,XGBoost,0,0.23348946869373322,0,0,0,65+,Q4,PhD,No children at home,Partnered
1050,5740,883,3,SVM RBF,1,0.1486293942216917,0,0,0,35–49,Q1,2n Cycle,Children at home,Not partnered
1051,5731,504,2,Logistic Regression,0,0.08096411340648271,0,0,0,Under 35,Q1,Master,Children at home,Partnered
1052,7290,1330,5,XGBoost,0,0.537999153137207,0,0,1,Under 35,Q4,Graduation,No children at home,Not partnered
1053,3846,1971,5,XGBoost,0,0.2548702359199524,0,0,0,35–49,Q2,Graduation,Children at home,Partnered
1054,8104,650,1,Logistic Regression,0,0.19088149421588665,0,0,0,50–64,Q3,PhD,No children at home,Partnered
1055,4507,86,1,Logistic Regression,0,0.43446812566230847,0,0,0,50–64,Q4,Graduation,No children at home,Not partnered
1056,11013,822,3,SVM RBF,0,0.012321701350786604,0,0,0,Under 35,Q3,Graduation,No children at home,Partnered
1057,4491,275,1,Logistic Regression,0,0.933175980599079,1,1,1,65+,Q3,Master,Children at home,Partnered
1058,3759,652,3,SVM RBF,0,0.05103612669527611,0,0,0,50–64,Q3,Graduation,Children at home,Partnered
1059,1162,1907,5,XGBoost,1,0.5482816100120544,0,0,1,Under 35,Q2,PhD,No children at home,Not partnered
1060,2055,1855,1,Logistic Regression,0,0.7834749923242048,1,0,1,35–49,Q2,PhD,Children at home,Not partnered
1061,10766,1053,1,Logistic Regression,0,0.014257969506257179,0,0,0,50–64,Q3,PhD,Children at home,Partnered
1062,4415,1256,3,SVM RBF,0,0.2807246816180289,0,0,1,50–64,Q1,Graduation,Children at home,Partnered
1063,3005,1512,1,Logistic Regression,1,0.9853502233871426,1,1,1,Under 35,Q4,Graduation,No children at home,Not partnered
1064,2223,33,5,XGBoost,0,0.2995219826698303,0,0,0,35–49,Q3,2n Cycle,Children at home,Not partnered
1065,4817,1365,1,Logistic Regression,0,0.6437127649243326,0,0,0,50–64,Q1,Graduation,No children at home,Not partnered
1066,2875,1389,4,XGBoost,0,0.027679752558469772,0,0,0,35–49,Q3,Graduation,No children at home,Partnered
1067,10536,146,3,SVM RBF,0,0.009378475578128997,0,0,0,35–49,Q1,PhD,Children at home,Partnered
1068,11112,1897,5,XGBoost,0,0.10675159841775894,0,0,0,35–49,Q4,Graduation,Children at home,Partnered
1069,3807,1405,3,SVM RBF,0,0.01217627873998777,0,0,0,50–64,Q3,Graduation,Children at home,Partnered
1070,9197,612,4,XGBoost,0,0.018173348158597946,0,0,0,50–64,Q2,Graduation,Children at home,Partnered
1071,10832,139,4,XGBoost,0,0.32941702008247375,0,0,0,50–64,Q2,Graduation,No children at home,Partnered
1072,6421,1370,2,Logistic Regression,0,0.5767333210468835,0,0,0,50–64,Q4,Graduation,No children at home,Partnered
1073,4207,484,1,Logistic Regression,0,0.9797999994224301,1,1,1,Under 35,Q4,PhD,No children at home,Partnered
1074,577,1467,5,XGBoost,0,0.0868261456489563,0,0,0,35–49,Q1,2n Cycle,Children at home,Partnered
1075,10855,764,2,Logistic Regression,0,0.17679758666676437,0,0,0,35–49,Q2,Master,Children at home,Not partnered
1076,3081,778,2,Logistic Regression,0,0.15267762495974793,0,0,0,35–49,Q2,PhD,Children at home,Partnered
1077,3535,1413,5,XGBoost,0,0.13758651912212372,0,0,0,35–49,Q3,Graduation,No children at home,Not partnered
1078,247,1472,5,XGBoost,1,0.9481015205383301,1,1,1,35–49,Q2,Graduation,Children at home,Partnered
1079,8707,323,1,Logistic Regression,1,0.9166432105549341,1,1,1,50–64,Q4,Graduation,No children at home,Partnered
1080,9523,1075,1,Logistic Regression,0,0.0016756670602463878,0,0,0,Under 35,Q2,Graduation,Children at home,Partnered
1081,6072,601,3,SVM RBF,1,0.9217019094358353,1,1,1,35–49,Q4,Master,No children at home,Not partnered
1082,6295,1049,1,Logistic Regression,0,0.326181291317457,0,0,0,35–49,Q3,Graduation,Children at home,Partnered
1083,10914,1146,3,SVM RBF,0,0.21874592850461544,0,0,1,35–49,Q1,Graduation,Children at home,Not partnered
1084,1509,1693,2,Logistic Regression,1,0.9943589107356582,1,1,1,50–64,Q4,PhD,No children at home,Partnered
1085,5577,979,5,XGBoost,0,0.04281504079699516,0,0,0,Under 35,Q2,Graduation,Children at home,Partnered
1086,7348,1025,4,XGBoost,1,0.7402029633522034,0,1,1,50–64,Q4,PhD,No children at home,Not partnered
1087,1127,1311,3,SVM RBF,0,0.23734987174900576,0,0,1,35–49,Q4,PhD,No children at home,Partnered
1088,1833,745,1,Logistic Regression,0,0.0114374389199713,0,0,0,35–49,Q2,PhD,Children at home,Not partnered
1089,4944,1594,1,Logistic Regression,0,0.32732035638338636,0,0,0,50–64,Q4,Graduation,No children at home,Partnered
1090,9080,126,1,Logistic Regression,0,0.9456461020120613,1,1,1,35–49,Q2,PhD,Children at home,Not partnered
1091,6466,2012,2,Logistic Regression,0,0.03359334725337464,0,0,0,35–49,Q3,PhD,Children at home,Partnered
1092,9964,1266,3,SVM RBF,0,0.0038677383864136774,0,0,0,35–49,Q3,Graduation,Children at home,Not partnered
1093,4790,980,3,SVM RBF,0,0.0027726446590333777,0,0,0,50–64,Q4,Graduation,Children at home,Not partnered
1094,10245,1109,3,SVM RBF,0,0.036738677376049154,0,0,0,Under 35,Q4,2n Cycle,No children at home,Not partnered
1095,1109,828,5,XGBoost,0,0.0282150711864233,0,0,0,Under 35,Q1,Master,Children at home,Partnered
1096,6001,634,2,Logistic Regression,0,0.03306655680200202,0,0,0,35–49,Q3,Graduation,Children at home,Partnered
1097,5538,1530,4,XGBoost,1,0.8812702298164368,1,1,1,35–49,Q4,Graduation,No children at home,Not partnered
1098,10552,1943,2,Logistic Regression,0,0.12653125267362644,0,0,0,35–49,Q3,2n Cycle,Children at home,Partnered
1099,1545,1632,2,Logistic Regression,0,0.112880396599682,0,0,0,Under 35,Q2,Graduation,Children at home,Partnered
1100,7409,1607,3,SVM RBF,0,0.001259723402322688,0,0,0,35–49,Q3,Graduation,Children at home,Partnered
1101,4444,1473,4,XGBoost,0,0.0852108970284462,0,0,0,35–49,Q1,Graduation,Children at home,Partnered
1102,146,74,5,XGBoost,0,0.4764258861541748,0,0,0,50–64,Q4,PhD,No children at home,Not partnered
1103,6271,273,5,XGBoost,0,0.013149618171155453,0,0,0,50–64,Q3,PhD,Children at home,Partnered
1104,10065,1874,3,SVM RBF,0,0.020968602881113043,0,0,0,35–49,Q1,2n Cycle,No children at home,Partnered
1105,4741,376,4,XGBoost,0,0.35930827260017395,0,0,0,35–49,Q3,2n Cycle,Children at home,Partnered
1106,246,1961,1,Logistic Regression,0,0.00520517801115397,0,0,0,35–49,Q3,Graduation,Children at home,Partnered
1107,375,1547,5,XGBoost,0,0.10317502915859222,0,0,0,50–64,Q4,Graduation,No children at home,Not partnered
1108,1524,495,2,Logistic Regression,1,0.9195726177931248,1,1,1,Under 35,Q4,2n Cycle,No children at home,Not partnered
1109,10022,933,4,XGBoost,0,0.027478858828544617,0,0,0,35–49,Q3,PhD,Children at home,Not partnered
1110,7451,518,3,SVM RBF,0,0.1968632018289811,0,0,0,50–64,Q4,Master,No children at home,Not partnered
1111,11010,1557,3,SVM RBF,0,0.18379098006808475,0,0,0,Under 35,Q1,PhD,Children at home,Not partnered
1112,4356,1519,3,SVM RBF,0,0.2652334401982183,0,0,1,35–49,Q4,Graduation,Children at home,Partnered
1113,3885,1775,1,Logistic Regression,1,0.8936425660661632,1,1,1,Under 35,Q1,PhD,Children at home,Partnered
1114,1175,1491,4,XGBoost,1,0.4202703833580017,0,0,0,Under 35,Q2,Master,No children at home,Partnered
1115,880,844,4,XGBoost,0,0.2994120121002197,0,0,0,35–49,Q1,Basic,No children at home,Partnered
1116,2320,864,4,XGBoost,0,0.043680641800165176,0,0,0,35–49,Q2,2n Cycle,Children at home,Partnered
1117,850,917,5,XGBoost,0,0.30474475026130676,0,0,0,35–49,Q4,Graduation,Children at home,Not partnered
1118,4713,1178,3,SVM RBF,0,0.3176474738542433,0,0,1,35–49,Q1,PhD,Children at home,Partnered
1119,675,498,3,SVM RBF,0,0.047116842268638874,0,0,0,35–49,Q2,Master,Children at home,Not partnered
1120,5025,1821,5,XGBoost,0,0.013839496299624443,0,0,0,35–49,Q2,Graduation,Children at home,Not partnered
1121,2308,995,3,SVM RBF,0,0.10138973651579603,0,0,0,50–64,Q2,Graduation,Children at home,Partnered
1122,5995,1636,1,Logistic Regression,1,0.766133429673752,1,0,1,50–64,Q2,Graduation,Children at home,Not partnered
1123,6749,954,4,XGBoost,0,0.46714523434638977,0,0,0,35–49,Q4,Graduation,Children at home,Not partnered
1124,1010,1765,2,Logistic Regression,0,0.0011589306013389147,0,0,0,35–49,Q2,Graduation,Children at home,Partnered
1125,8977,1230,3,SVM RBF,0,0.014395694933887659,0,0,0,Under 35,Q1,Basic,No children at home,Not partnered
1126,4756,208,4,XGBoost,1,0.5788227319717407,0,0,0,50–64,Q3,2n Cycle,No children at home,Not partnered
1127,3412,1156,1,Logistic Regression,0,0.14338158137354767,0,0,0,50–64,Q3,Master,Children at home,Partnered
1128,606,1312,5,XGBoost,0,0.0014440728118643165,0,0,0,35–49,Q1,Graduation,Children at home,Not partnered
1129,5961,39,3,SVM RBF,0,0.004637020334693992,0,0,0,35–49,Q2,Graduation,Children at home,Partnered
1130,2975,1369,5,XGBoost,0,0.46916741132736206,0,0,0,35–49,Q4,Graduation,Children at home,Partnered
1131,2894,1871,4,XGBoost,1,0.9372239708900452,1,1,1,Under 35,Q4,Graduation,No children at home,Not partnered
1132,7613,25,4,XGBoost,0,0.03355726972222328,0,0,0,35–49,Q2,2n Cycle,Children at home,Partnered
1133,10542,129,5,XGBoost,0,0.4555225372314453,0,0,0,35–49,Q2,PhD,Children at home,Partnered
1134,8015,549,4,XGBoost,1,0.22136391699314117,0,0,0,50–64,Q4,PhD,No children at home,Not partnered
1135,10617,1533,2,Logistic Regression,0,0.4418756704138198,0,0,0,Under 35,Q1,Master,No children at home,Not partnered
1136,11166,1837,3,SVM RBF,0,0.01382809764386164,0,0,0,50–64,Q2,Graduation,Children at home,Partnered
1137,849,418,4,XGBoost,0,0.056709062308073044,0,0,0,50–64,Q3,Master,Children at home,Partnered
1138,523,711,1,Logistic Regression,0,0.043814154085636575,0,0,0,Under 35,Q2,Graduation,Children at home,Partnered
1139,4066,1289,4,XGBoost,0,0.14831580221652985,0,0,0,35–49,Q1,2n Cycle,Children at home,Not partnered
1140,8414,322,5,XGBoost,0,0.034140702337026596,0,0,0,50–64,Q1,PhD,Children at home,Not partnered
1141,819,1817,1,Logistic Regression,0,0.03250636759863799,0,0,0,65+,Q3,Graduation,No children at home,Not partnered
1142,4961,1637,2,Logistic Regression,0,0.07467071780263793,0,0,0,35–49,Q1,Master,Children at home,Partnered
1143,749,1275,1,Logistic Regression,1,0.5864296287529053,0,0,0,Under 35,Q2,Graduation,Children at home,Partnered
1144,5430,934,5,XGBoost,0,0.9528471231460571,1,1,1,50–64,Q3,Graduation,Children at home,Partnered
1145,7755,499,1,Logistic Regression,0,0.024003759375999367,0,0,0,50–64,Q3,PhD,Children at home,Partnered
1146,10525,949,4,XGBoost,1,0.6698853373527527,1,1,1,Under 35,Q1,Graduation,Children at home,Not partnered
1147,1453,1589,4,XGBoost,0,0.27950796484947205,0,0,0,65+,Q3,PhD,No children at home,Not partnered
1148,8310,1187,2,Logistic Regression,0,0.03312585403372691,0,0,0,50–64,Q4,Graduation,Children at home,Partnered
1149,10710,1201,3,SVM RBF,0,0.07363063269895825,0,0,0,35–49,Q1,Graduation,Children at home,Partnered
1150,5031,1197,4,XGBoost,1,0.8184720277786255,0,1,1,35–49,Q4,Graduation,No children at home,Partnered
1151,2613,693,3,SVM RBF,0,0.002134037255855355,0,0,0,50–64,Q3,Master,Children at home,Partnered
1152,213,1526,5,XGBoost,0,0.005211884155869484,0,0,0,50–64,Q1,PhD,Children at home,Not partnered
1153,967,219,4,XGBoost,1,0.37058231234550476,0,0,0,35–49,Q2,Graduation,Children at home,Partnered
1154,1077,539,3,SVM RBF,0,0.16004112272054818,0,0,0,35–49,Q3,Graduation,No children at home,Partnered
1155,7959,1663,5,XGBoost,0,0.15693214535713196,0,0,0,50–64,Q4,Graduation,No children at home,Partnered
1156,640,336,2,Logistic Regression,0,0.06599635556827953,0,0,0,50–64,Q3,Graduation,Children at home,Partnered
1157,4252,1892,1,Logistic Regression,0,0.0006978032726703937,0,0,0,35–49,Q2,Graduation,Children at home,Partnered
1158,8432,934,5,XGBoost,0,0.9528471231460571,1,1,1,50–64,Q3,Graduation,Children at home,Partnered
1159,6218,368,1,Logistic Regression,0,0.06693023348412938,0,0,0,35–49,Q3,Graduation,Children at home,Partnered
1160,6905,1828,1,Logistic Regression,0,0.5077958400409447,0,0,0,Under 35,Q4,Graduation,No children at home,Partnered
1161,5922,87,2,Logistic Regression,0,0.02000115053163005,0,0,0,35–49,Q2,PhD,Children at home,Partnered
1162,3598,1309,2,Logistic Regression,0,0.010895455242488567,0,0,0,35–49,Q3,Graduation,Children at home,Partnered
1163,6116,1826,4,XGBoost,0,0.23994508385658264,0,0,0,35–49,Q2,2n Cycle,Children at home,Partnered
1164,6263,1718,1,Logistic Regression,0,0.642288347397973,0,0,0,35–49,Q1,Graduation,Children at home,Partnered
1165,10486,1223,3,SVM RBF,0,0.011890775385078328,0,0,0,65+,Q4,Graduation,No children at home,Partnered
1166,2410,1963,3,SVM RBF,0,0.026441211789023825,0,0,0,35–49,Q4,Graduation,No children at home,Not partnered
1167,193,584,4,XGBoost,0,0.10352519899606705,0,0,0,Under 35,Q1,Basic,No children at home,Partnered
1168,3363,1320,2,Logistic Regression,0,0.01242466335173879,0,0,0,35–49,Q1,2n Cycle,No children at home,Partnered
1169,8278,383,3,SVM RBF,0,0.9183837834928037,1,1,1,Under 35,Q4,PhD,No children at home,Partnered
1170,10660,1474,1,Logistic Regression,0,0.14086840887407637,0,0,0,50–64,Q3,Master,Children at home,Partnered
1171,8686,962,5,XGBoost,0,0.20735397934913635,0,0,0,35–49,Q1,Basic,Children at home,Partnered
1172,1604,919,3,SVM RBF,0,0.000644636434964751,0,0,0,50–64,Q2,Master,Children at home,Partnered
1173,5907,496,4,XGBoost,0,0.3072855770587921,0,0,0,50–64,Q1,Master,Children at home,Partnered
1174,10669,1357,5,XGBoost,0,0.054707121104002,0,0,0,Under 35,Q3,Graduation,Children at home,Partnered
1175,2918,98,2,Logistic Regression,0,0.07294535457982003,0,0,0,Under 35,Q1,Graduation,Children at home,Not partnered
1176,5735,60,4,XGBoost,0,0.891647219657898,1,1,1,Under 35,Q4,Master,No children at home,Not partnered
1177,359,1996,2,Logistic Regression,0,0.12406779529376909,0,0,0,50–64,Q2,Graduation,Children at home,Partnered
1178,8387,1165,1,Logistic Regression,0,0.025064207261281824,0,0,0,50–64,Q2,Graduation,Children at home,Partnered
1179,1829,1257,4,XGBoost,1,0.7611220479011536,1,1,1,50–64,Q3,PhD,Children at home,Not partnered
1180,3839,90,5,XGBoost,0,0.015883561223745346,0,0,0,50–64,Q1,Basic,Children at home,Not partnered
1181,9392,489,1,Logistic Regression,0,0.26753205213962855,0,0,0,35–49,Q1,Graduation,Children at home,Not partnered
1182,2292,1105,5,XGBoost,0,0.002678054617717862,0,0,0,Under 35,Q1,Graduation,Children at home,Not partnered
1183,10466,78,2,Logistic Regression,0,0.008588520750248529,0,0,0,35–49,Q2,Graduation,Children at home,Partnered
1184,9855,557,5,XGBoost,0,0.1746097207069397,0,0,0,50–64,Q3,PhD,Children at home,Not partnered
1185,4088,1317,3,SVM RBF,0,0.22772336382583525,0,0,1,50–64,Q1,PhD,Children at home,Partnered
1186,5231,1113,2,Logistic Regression,0,0.019186968520187694,0,0,0,35–49,Q2,2n Cycle,Children at home,Partnered
1187,590,1860,3,SVM RBF,1,0.74737093684836,0,1,1,35–49,Q4,Master,No children at home,Not partnered
1188,8732,812,4,XGBoost,1,0.8341895341873169,1,1,1,35–49,Q3,Master,Children at home,Not partnered
1189,2315,488,3,SVM RBF,0,0.0022662189042783132,0,0,0,50–64,Q3,Graduation,Children at home,Not partnered
1190,3515,604,1,Logistic Regression,0,0.010552947850989383,0,0,0,50–64,Q3,Graduation,Children at home,Not partnered
1191,2245,1240,4,XGBoost,0,0.19792018830776215,0,0,0,35–49,Q2,Master,Children at home,Partnered
1192,6283,1150,1,Logistic Regression,0,0.10193260157431187,0,0,0,35–49,Q3,Master,Children at home,Not partnered
1193,2246,1635,5,XGBoost,0,0.004581710789352655,0,0,0,35–49,Q2,2n Cycle,Children at home,Partnered
1194,6606,1570,3,SVM RBF,0,0.03868018588917336,0,0,0,35–49,Q4,Master,Children at home,Partnered
1195,5545,633,1,Logistic Regression,0,0.03614745569010031,0,0,0,35–49,Q4,PhD,No children at home,Partnered
1196,7342,354,3,SVM RBF,0,0.05072162933730887,0,0,0,50–64,Q3,2n Cycle,Children at home,Not partnered
1197,837,1352,5,XGBoost,0,0.6276809573173523,1,1,1,35–49,Q3,Graduation,Children at home,Partnered
1198,9500,171,4,XGBoost,0,0.15675625205039978,0,0,0,50–64,Q3,Graduation,Children at home,Partnered
1199,3602,522,2,Logistic Regression,0,0.029968651210091107,0,0,0,50–64,Q3,Master,Children at home,Partnered
1200,234,688,3,SVM RBF,1,0.7668395474189933,1,1,1,35–49,Q1,Graduation,Children at home,Not partnered
1201,2995,119,2,Logistic Regression,0,0.16908501616791352,0,0,0,50–64,Q3,Master,No children at home,Partnered
1202,1118,432,2,Logistic Regression,0,0.29915885642733947,0,0,0,50–64,Q2,Master,Children at home,Partnered
1203,7789,701,3,SVM RBF,0,0.14883056063660846,0,0,0,35–49,Q4,PhD,No children at home,Partnered
1204,3068,1885,2,Logistic Regression,0,0.549128611211903,0,0,0,Under 35,Q1,Graduation,No children at home,Partnered
1205,8955,994,2,Logistic Regression,0,0.08052738867061443,0,0,0,50–64,Q2,PhD,Children at home,Partnered
1206,945,247,4,XGBoost,0,0.07208174467086792,0,0,0,35–49,Q2,Graduation,Children at home,Partnered
1207,5644,326,2,Logistic Regression,0,0.007466935264927443,0,0,0,50–64,Q2,Graduation,Children at home,Partnered
1208,7192,1417,3,SVM RBF,0,0.0017323322992942663,0,0,0,50–64,Q3,Graduation,Children at home,Partnered
1209,2324,1244,2,Logistic Regression,0,0.6192677632823324,1,0,1,35–49,Q4,Graduation,Children at home,Partnered
1210,697,1510,1,Logistic Regression,0,0.828027561449547,0,1,1,35–49,Q4,Graduation,No children at home,Partnered
1211,3439,1017,3,SVM RBF,0,0.06906291258800082,0,0,0,35–49,Q3,Graduation,Children at home,Partnered
1212,1506,1904,4,XGBoost,1,0.40285006165504456,0,0,0,35–49,Q2,Graduation,Children at home,Not partnered
1213,232,1548,1,Logistic Regression,0,0.10180358174690804,0,0,0,35–49,Q3,Graduation,Children at home,Not partnered
1214,8876,266,2,Logistic Regression,0,0.399555473765566,0,0,0,50–64,Q1,PhD,Children at home,Partnered
1215,4500,653,4,XGBoost,0,0.10866311192512512,0,0,0,Under 35,Q4,PhD,No children at home,Partnered
1216,9739,181,5,XGBoost,0,0.2758670747280121,0,0,0,50–64,Q1,Graduation,Children at home,Not partnered
1217,10395,1380,3,SVM RBF,0,0.11221302678943718,0,0,0,Under 35,Q1,Basic,Children at home,Not partnered
1218,1176,1373,1,Logistic Regression,0,0.10480474558474624,0,0,0,35–49,Q1,Graduation,Children at home,Partnered
1219,1627,1772,5,XGBoost,0,0.5901057720184326,0,0,1,50–64,Q4,2n Cycle,No children at home,Not partnered
1220,938,27,3,SVM RBF,0,0.39307458045212446,0,0,1,Under 35,Q2,Graduation,Children at home,Partnered
1221,2740,691,4,XGBoost,0,0.08957414329051971,0,0,0,50–64,Q1,PhD,Children at home,Not partnered
1222,257,1185,5,XGBoost,0,0.018779290840029716,0,0,0,50–64,Q4,PhD,Children at home,Partnered
1223,4058,507,4,XGBoost,0,0.613577127456665,0,1,1,50–64,Q3,PhD,No children at home,Not partnered
1224,7736,158,3,SVM RBF,1,0.8124225545612412,1,1,1,Under 35,Q1,Graduation,Children at home,Partnered
1225,8210,550,3,SVM RBF,0,0.0034480977644045963,0,0,0,35–49,Q3,Master,Children at home,Partnered
1226,833,57,4,XGBoost,0,0.04934429004788399,0,0,0,50–64,Q2,Master,Children at home,Partnered
1227,6230,177,1,Logistic Regression,0,0.6235783948647974,0,0,0,35–49,Q2,Graduation,Children at home,Not partnered
1228,7325,638,2,Logistic Regression,0,0.013048990882618735,0,0,0,Under 35,Q2,PhD,Children at home,Partnered
1229,1307,406,5,XGBoost,0,0.06975866854190826,0,0,0,35–49,Q2,Graduation,Children at home,Not partnered
1230,1502,1206,3,SVM RBF,0,0.04017242465910496,0,0,0,Under 35,Q1,Graduation,Children at home,Partnered
1231,6211,598,4,XGBoost,0,0.028867105022072792,0,0,0,35–49,Q2,PhD,Children at home,Partnered
1232,843,1750,3,SVM RBF,0,0.0025262368344952154,0,0,0,35–49,Q3,Graduation,Children at home,Partnered
1233,4174,478,3,SVM RBF,0,0.00031312229955408926,0,0,0,50–64,Q3,Master,Children at home,Partnered
1234,9757,1696,5,XGBoost,0,0.3223390579223633,0,0,0,35–49,Q4,Graduation,No children at home,Partnered
1235,6918,925,2,Logistic Regression,0,0.08056790215903753,0,0,0,Under 35,Q1,Graduation,Children at home,Partnered
1236,286,1255,2,Logistic Regression,0,0.0967084897570217,0,0,0,50–64,Q2,Graduation,Children at home,Not partnered
1237,11086,513,5,XGBoost,0,0.0027217098977416754,0,0,0,Under 35,Q1,Basic,Children at home,Not partnered
1238,1921,1631,1,Logistic Regression,0,0.0371088715946452,0,0,0,35–49,Q3,PhD,Children at home,Partnered
1239,4138,1228,1,Logistic Regression,0,0.2075236016398943,0,0,0,50–64,Q4,Graduation,Children at home,Not partnered
1240,7718,260,3,SVM RBF,0,0.006522691840952998,0,0,0,65+,Q3,Master,No children at home,Partnered
1241,1291,99,3,SVM RBF,0,0.46737466479576606,1,0,1,35–49,Q1,PhD,Children at home,Partnered
1242,6862,314,2,Logistic Regression,0,0.29126470625218936,0,0,0,35–49,Q1,Graduation,No children at home,Not partnered
1243,4136,462,4,XGBoost,0,0.5895910859107971,1,0,0,Under 35,Q1,Basic,Children at home,Not partnered
1244,803,1322,4,XGBoost,0,0.04356514662504196,0,0,0,35–49,Q2,Graduation,Children at home,Partnered
1245,4298,2033,3,SVM RBF,0,0.015085844493358804,0,0,0,35–49,Q1,PhD,Children at home,Partnered
1246,10833,393,1,Logistic Regression,0,0.009313413832380494,0,0,0,35–49,Q3,Graduation,Children at home,Partnered
1247,9606,755,3,SVM RBF,1,0.674936213089829,0,1,1,35–49,Q4,PhD,No children at home,Partnered
1248,8534,1685,1,Logistic Regression,0,0.09543524295218857,0,0,0,50–64,Q3,Graduation,Children at home,Partnered
1249,5153,2024,4,XGBoost,1,0.28012603521347046,0,0,0,35–49,Q4,PhD,Children at home,Partnered
1250,961,419,1,Logistic Regression,0,0.05179572789167919,0,0,0,35–49,Q4,Graduation,Children at home,Partnered
1251,5011,1106,5,XGBoost,0,0.11635348945856094,0,0,0,50–64,Q4,Graduation,Children at home,Not partnered
1252,6653,363,4,XGBoost,1,0.3523171842098236,0,0,0,35–49,Q3,PhD,Children at home,Partnered
1253,9094,859,5,XGBoost,1,0.13690043985843658,0,0,0,50–64,Q3,2n Cycle,Children at home,Partnered
1254,810,1032,5,XGBoost,0,0.00189651467371732,0,0,0,35–49,Q4,Graduation,Children at home,Partnered
1255,5493,999,5,XGBoost,0,0.25914543867111206,0,0,0,35–49,Q2,Graduation,Children at home,Partnered
1256,2147,1755,4,XGBoost,0,0.40416866540908813,0,0,0,35–49,Q4,Graduation,No children at home,Partnered
1257,5107,1855,1,Logistic Regression,0,0.7834749923242048,1,0,1,35–49,Q2,PhD,Children at home,Not partnered
1258,3979,365,3,SVM RBF,1,0.7369759471547357,0,1,1,Under 35,Q4,PhD,No children at home,Not partnered
1259,6049,320,5,XGBoost,0,0.048488885164260864,0,0,0,Under 35,Q4,Master,No children at home,Partnered
1260,8147,1119,3,SVM RBF,0,0.07665599473788608,0,0,0,50–64,Q1,Graduation,Children at home,Partnered
1261,1857,1524,3,SVM RBF,1,0.05049294172149672,0,0,0,50–64,Q2,Graduation,Children at home,Not partnered
1262,3910,1530,4,XGBoost,1,0.8812702298164368,1,1,1,35–49,Q4,Graduation,No children at home,Not partnered
1263,5207,1867,1,Logistic Regression,1,0.8923642644859539,1,1,1,50–64,Q3,PhD,Children at home,Partnered
1264,11114,1057,3,SVM RBF,0,0.023790029455652572,0,0,0,35–49,Q1,Graduation,Children at home,Partnered
1265,5429,1020,5,XGBoost,0,0.07016981393098831,0,0,0,65+,Q2,PhD,Children at home,Partnered
1266,9400,1942,1,Logistic Regression,0,0.06124017083912581,0,0,0,50–64,Q4,2n Cycle,No children at home,Not partnered
1267,1740,375,3,SVM RBF,0,0.04525789261054202,0,0,0,65+,Q3,Graduation,No children at home,Partnered
1268,7488,1655,2,Logistic Regression,0,0.16420184917479697,0,0,0,50–64,Q3,Master,Children at home,Not partnered
1269,195,816,3,SVM RBF,1,0.9455688999818775,1,1,1,35–49,Q2,Graduation,Children at home,Not partnered
1270,635,858,4,XGBoost,0,0.23674215376377106,0,0,0,35–49,Q3,Master,Children at home,Partnered
1271,7527,1752,1,Logistic Regression,0,0.5442649644460006,0,0,0,35–49,Q1,Master,Children at home,Not partnered
1272,10319,302,1,Logistic Regression,0,0.16161599317017822,0,0,0,35–49,Q3,Graduation,Children at home,Partnered
1273,2296,1363,5,XGBoost,0,0.9314812421798706,1,1,1,35–49,Q2,Master,Children at home,Partnered
1274,10637,378,1,Logistic Regression,0,0.030495417897077853,0,0,0,50–64,Q2,Graduation,Children at home,Partnered
1275,2931,1489,2,Logistic Regression,0,0.28212763439785105,0,0,0,35–49,Q4,Graduation,No children at home,Not partnered
1276,907,1393,2,Logistic Regression,0,0.042441088190257235,0,0,0,35–49,Q2,Graduation,Children at home,Partnered
1277,3698,1345,3,SVM RBF,1,0.8229060679237756,1,1,1,Under 35,Q4,Graduation,No children at home,Partnered
1278,9516,712,2,Logistic Regression,1,0.7879881346600597,0,1,1,35–49,Q2,2n Cycle,No children at home,Not partnered
1279,679,1976,4,XGBoost,0,0.29365527629852295,0,0,0,50–64,Q2,PhD,Children at home,Partnered
1280,7384,1314,1,Logistic Regression,0,0.6600193923216892,0,0,1,50–64,Q2,Master,No children at home,Partnered
1281,5043,1347,4,XGBoost,0,0.20050109922885895,0,0,0,50–64,Q1,Basic,No children at home,Partnered
1282,5267,1893,4,XGBoost,0,0.10912876576185226,0,0,0,35–49,Q1,Graduation,Children at home,Not partnered
1283,339,298,2,Logistic Regression,1,0.13844720314310205,0,0,0,35–49,Q3,PhD,Children at home,Partnered
1284,2516,749,3,SVM RBF,0,0.004643489907036066,0,0,0,35–49,Q2,2n Cycle,Children at home,Partnered
1285,9010,1834,5,XGBoost,1,0.9568244218826294,1,1,1,35–49,Q4,Master,No children at home,Partnered
1286,378,1646,1,Logistic Regression,0,0.11027890571599841,0,0,0,35–49,Q3,Graduation,No children at home,Partnered
1287,4808,197,5,XGBoost,0,0.029394179582595825,0,0,0,50–64,Q1,Graduation,No children at home,Partnered
1288,5068,1884,1,Logistic Regression,0,0.06799743136823563,0,0,0,35–49,Q1,Graduation,Children at home,Not partnered
1289,7628,1397,4,XGBoost,0,0.24611103534698486,0,0,0,35–49,Q2,2n Cycle,Children at home,Partnered
1290,7128,1141,4,XGBoost,0,0.026766927912831306,0,0,0,35–49,Q2,PhD,Children at home,Not partnered
1291,2811,1079,1,Logistic Regression,0,0.04606635548680528,0,0,0,50–64,Q2,PhD,Children at home,Not partnered
1292,3551,1985,1,Logistic Regression,0,0.027480101910561102,0,0,0,50–64,Q3,Master,Children at home,Partnered
1293,1663,578,4,XGBoost,0,0.06310919672250748,0,0,0,35–49,Q1,PhD,Children at home,Partnered
1294,5543,1117,1,Logistic Regression,0,0.06179105208210892,0,0,0,35–49,Q3,Graduation,Children at home,Partnered
1295,1577,1120,3,SVM RBF,1,0.44454401556161294,0,0,1,65+,Q4,Graduation,No children at home,Partnered
1296,10641,209,1,Logistic Regression,0,0.8834930987215008,1,1,1,35–49,Q1,Graduation,Children at home,Not partnered
1297,5336,1686,4,XGBoost,0,0.1567307859659195,0,0,0,35–49,Q4,Master,Children at home,Partnered
1298,6024,9,2,Logistic Regression,1,0.9844451822640872,1,1,1,50–64,Q4,Graduation,No children at home,Partnered
1299,1878,173,2,Logistic Regression,0,0.02402659775241903,0,0,0,Under 35,Q1,2n Cycle,No children at home,Partnered
1300,3099,1927,3,SVM RBF,0,0.15270381287407594,0,0,0,35–49,Q2,Graduation,Children at home,Not partnered
1301,6055,577,2,Logistic Regression,0,0.21270136748498614,0,0,0,35–49,Q4,Graduation,No children at home,Partnered
1302,5841,583,2,Logistic Regression,0,0.061634048710132845,0,0,0,35–49,Q3,Graduation,Children at home,Partnered
1303,3972,347,2,Logistic Regression,0,0.08091803595145443,0,0,0,35–49,Q2,Graduation,Children at home,Partnered
1304,4394,367,3,SVM RBF,0,0.14893553187336547,0,0,0,35–49,Q4,PhD,No children at home,Partnered
1305,5758,1036,4,XGBoost,1,0.6816366314888,0,1,1,Under 35,Q3,Graduation,No children at home,Partnered
1306,6658,1490,3,SVM RBF,0,0.008248308186450561,0,0,0,35–49,Q3,Graduation,Children at home,Partnered
1307,4603,659,5,XGBoost,0,0.01104958076030016,0,0,0,50–64,Q3,PhD,Children at home,Partnered
1308,8427,311,1,Logistic Regression,0,0.3925526222651921,0,0,0,50–64,Q3,Master,No children at home,Not partnered
1309,10260,1918,3,SVM RBF,0,0.006380609414076489,0,0,0,35–49,Q2,Master,Children at home,Partnered
1310,7143,981,4,XGBoost,0,0.18575845658779144,0,0,0,50–64,Q4,2n Cycle,Children at home,Partnered
1311,8789,2023,3,SVM RBF,0,0.0008979908398190817,0,0,0,Under 35,Q3,2n Cycle,Children at home,Partnered
1312,6197,529,5,XGBoost,0,0.17418847978115082,0,0,0,50–64,Q1,PhD,Children at home,Not partnered
1313,4554,263,5,XGBoost,0,0.0017145215533673763,0,0,0,35–49,Q2,Graduation,Children at home,Partnered
1314,4937,1196,5,XGBoost,0,0.013208680786192417,0,0,0,35–49,Q2,2n Cycle,Children at home,Partnered
1315,1920,1922,3,SVM RBF,0,0.013895413642686592,0,0,0,35–49,Q2,Graduation,Children at home,Partnered
1316,8749,1431,1,Logistic Regression,0,0.003856373439410122,0,0,0,Under 35,Q2,Graduation,Children at home,Partnered
1317,1650,1796,5,XGBoost,0,0.12946349382400513,0,0,0,50–64,Q4,Master,No children at home,Partnered
1318,10377,672,2,Logistic Regression,0,0.3103577651966231,0,0,0,50–64,Q2,Master,Children at home,Partnered
1319,9206,1068,4,XGBoost,0,0.29349014163017273,0,0,0,35–49,Q4,Graduation,Children at home,Partnered
1320,10971,1571,4,XGBoost,1,0.8959212899208069,1,1,1,35–49,Q2,Graduation,Children at home,Not partnered
1321,6398,154,3,SVM RBF,0,0.03556567549509001,0,0,0,35–49,Q1,Basic,Children at home,Partnered
1322,9212,750,4,XGBoost,0,0.27433696389198303,0,0,0,50–64,Q4,Master,Children at home,Partnered
1323,7937,1813,1,Logistic Regression,0,0.021645165976424754,0,0,0,Under 35,Q1,Graduation,No children at home,Partnered
1324,839,1912,5,XGBoost,0,0.048458389937877655,0,0,0,35–49,Q2,PhD,Children at home,Partnered
1325,4246,1007,4,XGBoost,0,0.7022849321365356,0,1,1,Under 35,Q1,Master,No children at home,Not partnered
1326,158,1396,3,SVM RBF,1,0.8980527853404005,1,1,1,65+,Q4,PhD,No children at home,Partnered
1327,4832,1541,3,SVM RBF,0,0.002241954657860767,0,0,0,35–49,Q1,Graduation,Children at home,Partnered
1328,5621,424,1,Logistic Regression,1,0.8797214676472638,1,1,1,35–49,Q2,Graduation,Children at home,Partnered
1329,1945,1827,5,XGBoost,0,0.7925652265548706,1,1,1,50–64,Q4,Graduation,Children at home,Partnered
1330,5147,1905,1,Logistic Regression,0,0.09713985452450702,0,0,0,65+,Q4,Graduation,No children at home,Not partnered
1331,2535,960,1,Logistic Regression,1,0.9997643510225864,1,1,1,35–49,Q4,Master,Children at home,Partnered
1332,11039,1292,5,XGBoost,0,0.021008925512433052,0,0,0,35–49,Q3,Graduation,Children at home,Partnered
1333,9495,602,2,Logistic Regression,0,0.25452235357707154,0,0,0,Under 35,Q4,Graduation,No children at home,Partnered
1334,9635,819,1,Logistic Regression,0,0.11109085633404354,0,0,0,Under 35,Q2,Master,No children at home,Partnered
1335,2173,1307,4,XGBoost,0,0.04343521595001221,0,0,0,50–64,Q2,Graduation,Children at home,Not partnered
1336,942,1131,2,Logistic Regression,1,0.7891544076476432,1,1,1,Under 35,Q2,Graduation,Children at home,Not partnered
1337,9386,1819,3,SVM RBF,0,0.0014473232088520276,0,0,0,50–64,Q2,Graduation,Children at home,Partnered
1338,5510,732,2,Logistic Regression,0,0.5183056387688473,1,0,0,35–49,Q2,Master,Children at home,Partnered
1339,873,275,1,Logistic Regression,1,0.933175980599079,1,1,1,65+,Q3,Master,Children at home,Partnered
1340,2253,1432,2,Logistic Regression,0,0.19964102188016392,0,0,0,Under 35,Q1,Graduation,No children at home,Partnered
1341,5181,848,2,Logistic Regression,0,0.10058711634538291,0,0,0,Under 35,Q1,Basic,Children at home,Not partnered
1342,979,1058,1,Logistic Regression,0,0.8215873185251028,1,1,1,35–49,Q1,Graduation,Children at home,Not partnered
1343,10390,1887,3,SVM RBF,0,0.024487294145845964,0,0,0,50–64,Q1,2n Cycle,Children at home,Partnered
1344,4698,1477,5,XGBoost,0,0.03774924576282501,0,0,0,Under 35,Q2,PhD,No children at home,Partnered
1345,7793,1527,1,Logistic Regression,0,0.3338915756515906,0,0,0,35–49,Q3,Graduation,Children at home,Partnered
1346,1745,549,4,XGBoost,1,0.22136391699314117,0,0,0,50–64,Q4,PhD,No children at home,Not partnered
1347,10590,143,5,XGBoost,0,0.06340338289737701,0,0,0,50–64,Q4,PhD,No children at home,Partnered
1348,5080,1738,1,Logistic Regression,1,0.6148578733145516,0,0,0,Under 35,Q4,Graduation,No children at home,Not partnered
1349,8369,2007,4,XGBoost,0,0.34498709440231323,0,0,0,Under 35,Q1,Graduation,Children at home,Partnered
1350,5232,381,5,XGBoost,0,0.05605318024754524,0,0,0,35–49,Q4,Graduation,Children at home,Partnered
1351,2407,1568,1,Logistic Regression,1,0.9457970506835884,1,1,1,Under 35,Q4,Graduation,No children at home,Partnered
1352,3834,1076,4,XGBoost,0,0.24460497498512268,0,0,0,50–64,Q4,Graduation,Children at home,Not partnered
1353,7912,21,5,XGBoost,0,0.887225329875946,1,1,1,35–49,Q2,Graduation,Children at home,Partnered
1354,7712,442,1,Logistic Regression,0,0.12847476003237698,0,0,0,65+,Q3,PhD,No children at home,Not partnered
1355,1065,1754,3,SVM RBF,0,0.19500022257914376,0,0,0,50–64,Q4,Graduation,No children at home,Not partnered
1356,7275,107,5,XGBoost,0,0.08877000212669373,0,0,0,35–49,Q1,Master,Children at home,Not partnered
1357,1343,623,4,XGBoost,0,0.383545845746994,0,0,0,35–49,Q3,Graduation,Children at home,Partnered
1358,1384,1391,4,XGBoost,0,0.9028925895690918,1,1,1,Under 35,Q1,Basic,Children at home,Partnered
1359,9967,1618,5,XGBoost,0,0.4370781183242798,0,0,0,35–49,Q3,Graduation,Children at home,Not partnered
1360,6181,566,2,Logistic Regression,0,0.42186027428335976,0,0,0,50–64,Q3,2n Cycle,No children at home,Partnered
1361,10507,890,2,Logistic Regression,0,0.5767139941697679,1,0,0,35–49,Q3,2n Cycle,Children at home,Not partnered
1362,2674,1550,5,XGBoost,1,0.058883510529994965,0,0,0,50–64,Q4,Master,Children at home,Not partnered
1363,2698,857,2,Logistic Regression,0,0.10601426451185751,0,0,0,35–49,Q2,Graduation,Children at home,Not partnered
1364,3231,1052,2,Logistic Regression,0,0.012060367298347825,0,0,0,35–49,Q2,Graduation,Children at home,Partnered
1365,4096,2026,1,Logistic Regression,0,0.2285693949778606,0,0,0,35–49,Q2,Master,Children at home,Not partnered
1366,10476,1591,2,Logistic Regression,0,0.043135911255964235,0,0,0,50–64,Q3,Graduation,Children at home,Partnered
1367,5948,1622,4,XGBoost,0,0.04113831743597984,0,0,0,35–49,Q3,Graduation,Children at home,Not partnered
1368,9140,342,2,Logistic Regression,0,0.003864323987613934,0,0,0,50–64,Q2,2n Cycle,Children at home,Partnered
1369,10258,1560,3,SVM RBF,0,0.009712136014403674,0,0,0,35–49,Q1,Master,Children at home,Not partnered
1370,5675,800,5,XGBoost,0,0.1612946093082428,0,0,0,50–64,Q2,PhD,Children at home,Not partnered
1371,4743,840,5,XGBoost,0,0.021496949717402458,0,0,0,35–49,Q3,PhD,Children at home,Partnered
1372,8805,1213,4,XGBoost,0,0.6685419082641602,1,1,1,50–64,Q2,Graduation,Children at home,Not partnered
1373,1542,918,1,Logistic Regression,0,0.04107505046797487,0,0,0,35–49,Q3,Graduation,Children at home,Not partnered
1374,6770,1798,3,SVM RBF,1,0.7865857050228805,1,1,1,Under 35,Q1,Graduation,Children at home,Partnered
1375,8773,1129,4,XGBoost,0,0.43444445729255676,0,0,0,35–49,Q3,Master,Children at home,Partnered
1376,10475,1127,3,SVM RBF,0,0.01111973152785027,0,0,0,35–49,Unknown,Master,Children at home,Partnered
1377,10420,163,3,SVM RBF,0,0.004298158831183318,0,0,0,50–64,Q2,Master,Children at home,Not partnered
1378,7514,1567,5,XGBoost,0,0.033575523644685745,0,0,0,50–64,Q3,2n Cycle,Children at home,Partnered
1379,2902,1175,5,XGBoost,0,0.027730688452720642,0,0,0,50–64,Unknown,Graduation,Children at home,Partnered
1380,4345,0,1,Logistic Regression,0,0.00033549738924788466,0,0,0,50–64,Unknown,2n Cycle,Children at home,Not partnered
1381,793,1948,1,Logistic Regression,0,0.3212394219085517,0,0,0,35–49,Q1,Graduation,Children at home,Partnered
1382,10909,908,1,Logistic Regression,0,0.9912366764654871,1,1,1,65+,Q4,Graduation,No children at home,Partnered
1383,3769,1562,4,XGBoost,0,0.09438874572515488,0,0,0,35–49,Unknown,PhD,Children at home,Partnered
1384,8702,1467,5,XGBoost,0,0.0868261456489563,0,0,0,35–49,Q1,2n Cycle,Children at home,Partnered
1385,4791,993,3,SVM RBF,0,0.04198441383997564,0,0,0,Under 35,Q2,Graduation,Children at home,Partnered
1386,2963,359,3,SVM RBF,0,0.009484666055603497,0,0,0,35–49,Q4,Graduation,No children at home,Partnered
1387,8216,862,1,Logistic Regression,0,0.5706040270516537,0,0,0,35–49,Q3,Master,Children at home,Partnered
1388,8140,651,2,Logistic Regression,0,0.09929170171350313,0,0,0,35–49,Q1,Graduation,Children at home,Partnered
1389,10146,2028,2,Logistic Regression,0,0.11212062779911805,0,0,0,35–49,Q2,PhD,Children at home,Partnered
1390,5289,479,2,Logistic Regression,0,0.5593065791888329,1,0,0,35–49,Q2,2n Cycle,Children at home,Not partnered
1391,2587,444,5,XGBoost,0,0.022495770826935768,0,0,0,35–49,Q1,PhD,Children at home,Partnered
1392,4405,1748,1,Logistic Regression,0,0.05617508918535009,0,0,0,50–64,Q3,Master,Children at home,Partnered
1393,8663,1451,4,XGBoost,0,0.015893133357167244,0,0,0,35–49,Q2,Graduation,Children at home,Not partnered
1394,2589,524,5,XGBoost,0,0.005821234546601772,0,0,0,35–49,Q1,Graduation,Children at home,Not partnered
1395,3421,1150,1,Logistic Regression,0,0.10193260157431182,0,0,0,35–49,Q3,Master,Children at home,Not partnered
1396,10490,124,3,SVM RBF,0,0.2643969932951942,0,0,1,35–49,Q2,PhD,Children at home,Partnered
1397,4094,1518,2,Logistic Regression,0,0.03392889554296003,0,0,0,50–64,Q3,Graduation,Children at home,Partnered
1398,9958,1903,3,SVM RBF,0,0.000632112467202445,0,0,0,35–49,Q3,Graduation,Children at home,Partnered
1399,2534,1966,1,Logistic Regression,0,0.09564881219726978,0,0,0,50–64,Q2,Graduation,Children at home,Partnered
1400,4188,1191,5,XGBoost,1,0.2376483976840973,0,0,0,50–64,Q2,Graduation,Children at home,Not partnered
1401,6613,1939,4,XGBoost,0,0.19235847890377045,0,0,0,35–49,Q2,Master,Children at home,Partnered
1402,10827,451,5,XGBoost,0,0.6428652405738831,1,1,1,35–49,Q2,PhD,Children at home,Partnered
1403,5491,1931,2,Logistic Regression,0,0.18227577567782205,0,0,0,50–64,Q2,Master,Children at home,Partnered
1404,8402,606,4,XGBoost,0,0.09343347698450089,0,0,0,50–64,Q3,Master,Children at home,Partnered
1405,8783,1015,5,XGBoost,0,0.08742246776819229,0,0,0,50–64,Q3,Graduation,Children at home,Partnered
1406,10010,1233,4,XGBoost,1,0.7705744504928589,1,1,1,50–64,Q2,PhD,Children at home,Not partnered
1407,618,1740,4,XGBoost,0,0.3847263753414154,0,0,0,35–49,Q4,PhD,Children at home,Partnered
1408,9121,1899,4,XGBoost,1,0.8109648823738098,1,1,1,35–49,Q4,Graduation,Children at home,Partnered
1409,361,135,5,XGBoost,0,0.006902919616550207,0,0,0,35–49,Q2,Master,Children at home,Partnered
1410,4310,517,2,Logistic Regression,1,0.5380500693783286,0,0,0,65+,Q4,Graduation,No children at home,Partnered
1411,2678,176,5,XGBoost,0,0.18400301039218903,0,0,0,Under 35,Q1,Graduation,Children at home,Not partnered
1412,6376,155,4,XGBoost,0,0.06252940744161606,0,0,0,35–49,Q3,Graduation,Children at home,Not partnered
1413,524,844,4,XGBoost,0,0.2994120121002197,0,0,0,35–49,Q1,Basic,No children at home,Partnered
1414,10341,1287,2,Logistic Regression,0,0.03621891847254951,0,0,0,65+,Q2,Graduation,No children at home,Partnered
1415,5654,1921,2,Logistic Regression,0,0.03963143732985177,0,0,0,35–49,Q2,Graduation,Children at home,Partnered
1416,4098,646,1,Logistic Regression,0,0.07821783705163332,0,0,0,35–49,Q1,Graduation,Children at home,Partnered
1417,5824,1200,1,Logistic Regression,0,0.03507130765014067,0,0,0,35–49,Q1,PhD,Children at home,Partnered
1418,7000,1801,5,XGBoost,0,0.07248133420944214,0,0,0,35–49,Q3,2n Cycle,No children at home,Not partnered
1419,2561,51,4,XGBoost,0,0.6539053916931152,1,1,1,35–49,Q3,Graduation,Children at home,Not partnered
1420,5229,509,1,Logistic Regression,0,0.00671052512172952,0,0,0,35–49,Q3,PhD,Children at home,Partnered
1421,4086,1454,3,SVM RBF,0,0.01085038779885848,0,0,0,50–64,Q1,Graduation,No children at home,Partnered
1422,2428,1418,5,XGBoost,0,0.2760254144668579,0,0,0,35–49,Q1,Graduation,Children at home,Partnered
1423,8254,1552,2,Logistic Regression,0,0.12442873376254258,0,0,0,35–49,Q2,PhD,Children at home,Partnered
1424,2836,936,2,Logistic Regression,0,0.1046793631028805,0,0,0,35–49,Q2,PhD,Children at home,Partnered
1425,8418,1268,5,XGBoost,0,0.04823092371225357,0,0,0,50–64,Q2,2n Cycle,Children at home,Not partnered
1426,1362,1111,5,XGBoost,0,0.17996981739997864,0,0,0,35–49,Q1,Graduation,No children at home,Not partnered
1427,7152,504,2,Logistic Regression,0,0.08096411340648267,0,0,0,Under 35,Q1,Master,Children at home,Partnered
1428,10033,1060,4,XGBoost,0,0.028973061591386795,0,0,0,35–49,Q1,2n Cycle,Children at home,Not partnered
1429,9349,153,2,Logistic Regression,0,0.07665836209908684,0,0,0,Under 35,Q4,Graduation,No children at home,Partnered
1430,274,984,5,XGBoost,0,0.00775537546724081,0,0,0,35–49,Q1,Graduation,Children at home,Not partnered
1431,3388,1915,1,Logistic Regression,0,0.7487593104185918,1,0,1,35–49,Q4,Graduation,Children at home,Not partnered
1432,922,1231,4,XGBoost,0,0.5683390498161316,1,0,0,35–49,Q1,2n Cycle,Children at home,Partnered
1433,8588,1518,2,Logistic Regression,0,0.03392889554296003,0,0,0,50–64,Q3,Graduation,Children at home,Partnered
1434,2518,856,1,Logistic Regression,0,0.1827366403018927,0,0,0,Under 35,Q1,2n Cycle,No children at home,Partnered
1435,574,1825,3,SVM RBF,0,0.0003240483979208737,0,0,0,50–64,Q2,Graduation,No children at home,Partnered
1436,3220,1420,1,Logistic Regression,0,0.4859399341360931,0,0,0,Under 35,Q2,Graduation,Children at home,Partnered
1437,5967,338,3,SVM RBF,0,0.022502350772064566,0,0,0,50–64,Q1,Graduation,Children at home,Partnered
1438,1183,125,4,XGBoost,0,0.13429602980613708,0,0,0,65+,Q2,Master,Children at home,Partnered
1439,6856,657,2,Logistic Regression,1,0.3853113911584447,0,0,0,35–49,Q1,Graduation,Children at home,Partnered
1440,4530,147,3,SVM RBF,1,0.8135927354211379,1,1,1,65+,Q4,Master,No children at home,Not partnered
1441,1553,1318,5,XGBoost,0,0.712958037853241,0,1,1,65+,Q4,Graduation,No children at home,Partnered
1442,4682,1835,1,Logistic Regression,0,0.002780222864006578,0,0,0,50–64,Q3,Graduation,No children at home,Partnered
1443,8204,1464,1,Logistic Regression,0,0.023104578059036224,0,0,0,35–49,Q4,2n Cycle,No children at home,Partnered
1444,5221,403,1,Logistic Regression,0,0.4293442654306715,0,0,0,50–64,Q3,Graduation,Children at home,Partnered
1445,1232,1692,1,Logistic Regression,0,0.10300723125314536,0,0,0,Under 35,Q4,PhD,No children at home,Partnered
1446,1927,127,2,Logistic Regression,0,0.025932612562643325,0,0,0,35–49,Q4,2n Cycle,Children at home,Partnered
1447,5788,996,1,Logistic Regression,0,0.23535793755218395,0,0,0,35–49,Q2,Graduation,Children at home,Partnered
1448,6652,863,2,Logistic Regression,0,0.08451537339612533,0,0,0,35–49,Q4,Graduation,No children at home,Partnered
1449,6246,1859,5,XGBoost,1,0.4962492883205414,0,0,1,50–64,Q4,Graduation,No children at home,Not partnered
1450,5975,105,5,XGBoost,0,0.014770044013857841,0,0,0,35–49,Q2,PhD,Children at home,Not partnered
1451,6875,776,3,SVM RBF,0,0.5960296890036137,0,1,1,35–49,Q1,PhD,No children at home,Partnered
1452,4399,898,3,SVM RBF,0,0.02002455296664303,0,0,0,35–49,Q3,Graduation,No children at home,Partnered
1453,4042,983,2,Logistic Regression,1,0.234871220520078,0,0,0,35–49,Q2,Graduation,Children at home,Not partnered
1454,2157,2,2,Logistic Regression,0,0.28825214672322086,0,0,0,35–49,Q1,Graduation,Children at home,Partnered
1455,10133,1713,4,XGBoost,1,0.9759311079978943,1,1,1,35–49,Q4,Graduation,No children at home,Not partnered
1456,2525,1758,2,Logistic Regression,1,0.20089897584691246,0,0,0,35–49,Q2,PhD,No children at home,Partnered
1457,8233,1868,2,Logistic Regression,0,0.5538167632352266,1,0,0,50–64,Q3,Master,Children at home,Not partnered
1458,9483,1048,3,SVM RBF,0,0.02101637816616316,0,0,0,50–64,Q3,Graduation,Children at home,Partnered
1459,2945,1421,1,Logistic Regression,0,0.5951509087417814,0,0,0,50–64,Q2,PhD,Children at home,Partnered
1460,10403,760,3,SVM RBF,0,0.012928222679319909,0,0,0,35–49,Q1,Graduation,Children at home,Partnered
1461,5074,1895,3,SVM RBF,0,0.031668112272656604,0,0,0,Under 35,Q1,Master,Children at home,Partnered
1462,10524,1988,4,XGBoost,0,0.15577316284179688,0,0,0,50–64,Q2,Master,Children at home,Not partnered
1463,4690,905,3,SVM RBF,0,0.02494771352477306,0,0,0,50–64,Q2,Graduation,Children at home,Partnered
1464,7521,434,3,SVM RBF,0,0.13466735346573036,0,0,0,50–64,Q4,Graduation,No children at home,Partnered
1465,7196,1694,3,SVM RBF,0,0.012397401919864806,0,0,0,50–64,Q2,PhD,Children at home,Partnered
1466,4406,719,3,SVM RBF,0,0.0678631532171976,0,0,0,35–49,Q3,Graduation,Children at home,Partnered
1467,9672,1261,3,SVM RBF,0,0.0058045931472736605,0,0,0,35–49,Q1,2n Cycle,Children at home,Partnered
1468,4864,948,5,XGBoost,0,0.2717030346393585,0,0,0,35–49,Q1,Graduation,Children at home,Partnered
1469,4706,1176,1,Logistic Regression,0,0.01139438901439376,0,0,0,35–49,Q1,Graduation,Children at home,Not partnered
1470,4070,695,1,Logistic Regression,1,0.9931796538927486,1,1,1,35–49,Q4,PhD,Children at home,Partnered
1471,25,1295,3,SVM RBF,0,0.09974991648130706,0,0,0,50–64,Q3,Graduation,Children at home,Partnered
1472,3697,1361,3,SVM RBF,0,0.07322071352708871,0,0,0,50–64,Q2,Graduation,Children at home,Partnered
1473,217,311,1,Logistic Regression,0,0.3925526222651921,0,0,0,50–64,Q3,Master,No children at home,Not partnered
1474,4220,1662,4,XGBoost,0,0.06695782393217087,0,0,0,35–49,Q3,PhD,Children at home,Partnered
1475,5286,937,5,XGBoost,0,0.08297845721244812,0,0,0,Under 35,Q2,Master,No children at home,Not partnered
1476,9559,877,3,SVM RBF,0,0.0691352878377306,0,0,0,50–64,Q3,PhD,Children at home,Partnered
1477,2849,2018,5,XGBoost,0,0.06077587977051735,0,0,0,35–49,Q3,Graduation,Children at home,Not partnered
1478,7787,1449,2,Logistic Regression,0,0.020933794629853404,0,0,0,50–64,Q3,Graduation,Children at home,Partnered
1479,3102,1606,4,XGBoost,0,0.07640845328569412,0,0,0,Under 35,Q1,2n Cycle,Children at home,Partnered
1480,5868,1830,3,SVM RBF,0,0.024969557420145283,0,0,0,Under 35,Q1,Graduation,Children at home,Partnered
1481,8370,1427,3,SVM RBF,0,0.037662101422583645,0,0,0,35–49,Q4,2n Cycle,Children at home,Partnered
1482,9988,989,3,SVM RBF,0,0.005864101758827517,0,0,0,35–49,Q4,Master,Children at home,Not partnered
1483,2939,814,1,Logistic Regression,0,0.029086237260543827,0,0,0,35–49,Q4,Master,No children at home,Partnered
1484,5529,621,1,Logistic Regression,0,0.1954892230302344,0,0,0,65+,Q3,PhD,Children at home,Partnered
1485,9743,385,3,SVM RBF,0,0.23856365782765418,0,0,1,50–64,Q4,Graduation,Children at home,Partnered
1486,5763,282,2,Logistic Regression,0,0.20362902572460775,0,0,0,35–49,Q2,Master,Children at home,Partnered
1487,3478,944,4,XGBoost,1,0.33503344655036926,0,0,0,35–49,Q3,PhD,Children at home,Partnered
1488,7494,111,1,Logistic Regression,0,0.8969185532951401,1,1,1,50–64,Q2,PhD,Children at home,Not partnered
1489,1763,997,2,Logistic Regression,1,0.973825178201648,1,1,1,Under 35,Q4,Graduation,No children at home,Partnered
1490,7250,1137,5,XGBoost,0,0.051394954323768616,0,0,0,35–49,Q3,Graduation,Children at home,Partnered
1491,2005,407,5,XGBoost,0,0.003906184807419777,0,0,0,Under 35,Q2,Graduation,Children at home,Partnered
1492,10770,1866,4,XGBoost,0,0.045568663626909256,0,0,0,50–64,Q3,Graduation,No children at home,Partnered
1493,6885,325,1,Logistic Regression,0,0.03495093477723646,0,0,0,35–49,Q1,Graduation,Children at home,Not partnered
1494,2072,1849,4,XGBoost,1,0.8013087511062622,1,1,1,35–49,Q3,PhD,Children at home,Partnered
1495,9463,1542,2,Logistic Regression,0,0.45559983323471626,0,0,0,50–64,Q4,Graduation,Children at home,Partnered
1496,6318,1749,2,Logistic Regression,0,0.21009164727083024,0,0,0,Under 35,Q4,Graduation,No children at home,Partnered
1497,4093,1055,3,SVM RBF,0,0.0639062632216963,0,0,0,35–49,Q3,Master,Children at home,Partnered
1498,5751,1060,4,XGBoost,0,0.028973061591386795,0,0,0,35–49,Q1,2n Cycle,Children at home,Not partnered
1499,3340,92,2,Logistic Regression,1,0.3484024838401187,0,0,0,35–49,Q2,Graduation,Children at home,Partnered
1500,3594,312,3,SVM RBF,0,0.13816240736304708,0,0,0,35–49,Q3,Master,Children at home,Partnered
1501,3584,544,5,XGBoost,1,0.9919610619544983,1,1,1,50–64,Q2,PhD,No children at home,Not partnered
1502,3643,886,2,Logistic Regression,0,0.061742591493012526,0,0,0,35–49,Q3,Master,No children at home,Partnered
1503,851,971,5,XGBoost,0,0.04548797011375427,0,0,0,35–49,Q3,Master,Children at home,Partnered
1504,7706,351,1,Logistic Regression,0,0.4820830495254069,0,0,0,35–49,Q2,2n Cycle,Children at home,Partnered
1505,3967,727,2,Logistic Regression,0,0.1601859793415221,0,0,0,35–49,Q4,PhD,No children at home,Partnered
1506,10128,1042,2,Logistic Regression,0,0.1371621040711009,0,0,0,50–64,Q3,Graduation,Children at home,Partnered
1507,486,709,5,XGBoost,0,0.011670020408928394,0,0,0,Under 35,Q4,Graduation,No children at home,Partnered
1508,9,1698,2,Logistic Regression,0,0.5558255541775247,1,0,0,35–49,Q2,Master,Children at home,Not partnered
1509,9451,102,2,Logistic Regression,0,0.07381371027608571,0,0,0,35–49,Q4,Graduation,Children at home,Partnered
1510,9264,1306,3,SVM RBF,0,0.0843124845456437,0,0,0,Under 35,Q4,Graduation,No children at home,Partnered
1511,3865,1151,3,SVM RBF,1,0.04750498933054575,0,0,0,35–49,Q1,2n Cycle,No children at home,Partnered
1512,2853,93,3,SVM RBF,0,0.0038702276729452928,0,0,0,Under 35,Q2,Graduation,Children at home,Not partnered
1513,1490,1528,3,SVM RBF,0,0.028284772276935523,0,0,0,50–64,Q3,Graduation,Children at home,Partnered
1514,6310,1115,4,XGBoost,0,0.18451829254627228,0,0,0,35–49,Q1,Graduation,Children at home,Partnered
1515,10380,1153,5,XGBoost,0,0.09688380360603333,0,0,0,35–49,Q2,Master,Children at home,Partnered
1516,3887,120,4,XGBoost,1,0.817942202091217,1,1,1,35–49,Q1,Graduation,Children at home,Not partnered
1517,4278,466,2,Logistic Regression,1,0.5804193592843088,0,0,0,Under 35,Q4,PhD,No children at home,Not partnered
1518,8643,1439,4,XGBoost,0,0.47461968660354614,0,0,0,35–49,Q4,Graduation,No children at home,Partnered
1519,1998,243,3,SVM RBF,0,0.0019350058972041134,0,0,0,35–49,Q2,Graduation,Children at home,Not partnered
1520,10795,1829,2,Logistic Regression,0,0.34855411842865286,0,0,0,35–49,Q2,PhD,Children at home,Partnered
1521,11110,34,3,SVM RBF,0,0.03465695623749355,0,0,0,35–49,Q1,Graduation,Children at home,Not partnered
1522,2408,1949,2,Logistic Regression,0,0.6985768225194864,1,0,1,35–49,Q3,Graduation,Children at home,Partnered
1523,202,1737,5,XGBoost,0,0.2236798256635666,0,0,0,65+,Q4,PhD,No children at home,Not partnered
1524,7998,59,3,SVM RBF,0,0.04612563719115682,0,0,0,50–64,Q1,Graduation,Children at home,Partnered
1525,830,1104,4,XGBoost,1,0.9766293168067932,1,1,1,Under 35,Q4,PhD,No children at home,Not partnered
1526,3536,410,2,Logistic Regression,0,0.0612696148782393,0,0,0,50–64,Q1,Graduation,Children at home,Partnered
1527,6050,286,4,XGBoost,0,0.6398753523826599,1,1,1,35–49,Q3,2n Cycle,Children at home,Partnered
1528,125,1349,4,XGBoost,0,0.33304303884506226,0,0,0,50–64,Q3,2n Cycle,Children at home,Partnered
1529,3463,827,4,XGBoost,0,0.030333416536450386,0,0,0,35–49,Q4,PhD,Children at home,Partnered
1530,2804,1698,2,Logistic Regression,1,0.5558255541775247,1,0,0,35–49,Q2,Master,Children at home,Not partnered
1531,3745,1845,5,XGBoost,0,0.053933363407850266,0,0,0,Under 35,Q1,2n Cycle,Children at home,Partnered
1532,9771,1462,4,XGBoost,0,0.3489169478416443,0,0,0,Under 35,Q1,2n Cycle,Children at home,Not partnered
1533,451,1787,3,SVM RBF,0,0.004008408414573071,0,0,0,Under 35,Q1,Graduation,Children at home,Not partnered
1534,10530,149,5,XGBoost,1,0.8552425503730774,1,1,1,50–64,Q4,PhD,No children at home,Not partnered
1535,1079,237,1,Logistic Regression,0,0.5782508694248487,0,0,0,35–49,Q4,PhD,Children at home,Partnered
1536,8920,906,4,XGBoost,0,0.5883827209472656,1,0,0,35–49,Q3,Master,Children at home,Not partnered
1537,6678,1843,4,XGBoost,0,0.2637384533882141,0,0,0,Under 35,Q1,Graduation,Children at home,Partnered
1538,3852,313,4,XGBoost,0,0.11986859887838364,0,0,0,50–64,Q4,Master,Children at home,Partnered
1539,528,1553,2,Logistic Regression,0,0.078724671664888,0,0,0,35–49,Q3,Graduation,No children at home,Partnered
1540,73,443,3,SVM RBF,0,0.009026043615359561,0,0,0,50–64,Q2,PhD,Children at home,Not partnered
1541,5589,1484,2,Logistic Regression,0,0.03768118014693916,0,0,0,50–64,Q3,Graduation,Children at home,Not partnered
1542,10212,1954,5,XGBoost,0,0.04432347044348717,0,0,0,Under 35,Q2,Master,Children at home,Partnered
1543,6365,1672,3,SVM RBF,0,0.02109367208366703,0,0,0,Under 35,Q1,2n Cycle,No children at home,Partnered
1544,5636,1565,3,SVM RBF,1,0.16588574940253834,0,0,0,50–64,Q1,Graduation,No children at home,Not partnered
1545,591,1341,5,XGBoost,0,0.05842307209968567,0,0,0,50–64,Q3,Graduation,Children at home,Not partnered
1546,2217,1590,5,XGBoost,0,0.004824844654649496,0,0,0,35–49,Q2,2n Cycle,Children at home,Partnered
1547,2544,356,1,Logistic Regression,0,0.008953828052841716,0,0,0,50–64,Q3,Master,Children at home,Not partnered
1548,7725,548,2,Logistic Regression,0,0.10574902263795735,0,0,0,35–49,Q4,2n Cycle,No children at home,Partnered
1549,8091,508,5,XGBoost,0,0.2090907096862793,0,0,0,50–64,Q3,Graduation,Children at home,Partnered
1550,7321,1377,2,Logistic Regression,0,0.17676253672564257,0,0,0,50–64,Q4,Graduation,No children at home,Partnered
1551,5462,1763,1,Logistic Regression,0,0.14299786195183434,0,0,0,35–49,Q3,Graduation,Children at home,Partnered
1552,7791,870,4,XGBoost,0,0.017881125211715698,0,0,0,35–49,Q2,Master,Children at home,Partnered
1553,955,1343,2,Logistic Regression,1,0.6964301876615024,1,0,1,50–64,Q2,Master,Children at home,Partnered
1554,4037,1265,2,Logistic Regression,0,0.10923485180307645,0,0,0,35–49,Q1,Graduation,Children at home,Not partnered
1555,6642,535,1,Logistic Regression,0,0.44177906724228583,0,0,0,50–64,Q1,Graduation,Children at home,Not partnered
1556,2793,1742,2,Logistic Regression,0,0.4059593838658008,0,0,0,35–49,Q4,PhD,Children at home,Not partnered
1557,5424,1420,1,Logistic Regression,0,0.4859399341360931,0,0,0,Under 35,Q2,Graduation,Children at home,Partnered
1558,879,199,2,Logistic Regression,0,0.018102274732788904,0,0,0,35–49,Q2,Master,Children at home,Partnered
1559,9530,1561,5,XGBoost,0,0.04371444880962372,0,0,0,Under 35,Q1,Graduation,Children at home,Partnered
1560,4828,955,1,Logistic Regression,0,0.37063513263079173,0,0,0,50–64,Q4,Graduation,Children at home,Not partnered
1561,10699,1161,2,Logistic Regression,0,0.09353436696392878,0,0,0,Under 35,Q2,Graduation,Children at home,Partnered
1562,1497,1203,4,XGBoost,0,0.5599784851074219,1,0,0,50–64,Q2,Graduation,Children at home,Not partnered
1563,7476,1728,2,Logistic Regression,0,0.24681298097782448,0,0,0,50–64,Q3,Master,Children at home,Not partnered
1564,4390,1014,4,XGBoost,0,0.16115237772464752,0,0,0,50–64,Q4,Graduation,Children at home,Partnered
1565,10478,290,4,XGBoost,1,0.3944900333881378,0,0,0,50–64,Q3,PhD,Children at home,Partnered
1566,1081,585,5,XGBoost,0,0.31059175729751587,0,0,0,50–64,Q4,PhD,Children at home,Partnered
1567,4261,169,2,Logistic Regression,1,0.9725774562381004,1,1,1,65+,Q4,PhD,No children at home,Not partnered
1568,9916,417,5,XGBoost,0,0.017853621393442154,0,0,0,50–64,Q2,Graduation,Children at home,Partnered
1569,5350,60,4,XGBoost,1,0.891647219657898,1,1,1,Under 35,Q4,Master,No children at home,Not partnered
1570,8135,1093,5,XGBoost,0,0.03866561874747276,0,0,0,Under 35,Q1,Master,Children at home,Partnered
1571,8685,92,2,Logistic Regression,1,0.3484024838401187,0,0,0,35–49,Q2,Graduation,Children at home,Partnered
1572,4967,1399,2,Logistic Regression,0,0.35376472702058886,0,0,0,50–64,Q2,PhD,Children at home,Partnered
1573,2130,1869,3,SVM RBF,1,0.020766353933045715,0,0,0,Under 35,Q2,Graduation,Children at home,Partnered
1574,9298,1502,4,XGBoost,0,0.1595795750617981,0,0,0,65+,Q4,PhD,No children at home,Partnered
1575,8175,1227,4,XGBoost,0,0.11022527515888214,0,0,0,Under 35,Q1,Graduation,No children at home,Partnered
1576,6257,685,4,XGBoost,0,0.1954735964536667,0,0,0,35–49,Q3,Master,Children at home,Not partnered
1577,3790,24,3,SVM RBF,0,0.012556284424112956,0,0,0,50–64,Q1,Graduation,Children at home,Partnered
1578,9952,109,2,Logistic Regression,0,0.44516816686119426,0,0,0,65+,Q4,Master,No children at home,Partnered
1579,3503,825,2,Logistic Regression,0,0.20906019795968095,0,0,0,50–64,Q4,Graduation,No children at home,Not partnered
1580,5223,265,1,Logistic Regression,0,0.003515797052653428,0,0,0,35–49,Q2,Master,Children at home,Partnered
1581,4608,1940,5,XGBoost,1,0.44473543763160706,0,0,0,Under 35,Q4,Graduation,No children at home,Not partnered
1582,1626,1855,1,Logistic Regression,1,0.7834749923242047,1,0,1,35–49,Q2,PhD,Children at home,Not partnered
1583,4764,880,4,XGBoost,1,0.3122689127922058,0,0,0,50–64,Q2,Master,Children at home,Partnered
1584,2471,117,5,XGBoost,0,0.024814238771796227,0,0,0,35–49,Q3,Graduation,No children at home,Partnered
1585,5892,1419,4,XGBoost,0,0.4804891347885132,0,0,0,Under 35,Q1,Graduation,Children at home,Partnered
1586,2612,1776,2,Logistic Regression,0,0.2595696051568104,0,0,0,Under 35,Q4,Graduation,No children at home,Partnered
1587,4971,1317,3,SVM RBF,0,0.22772336382583525,0,0,1,50–64,Q1,PhD,Children at home,Partnered
1588,5185,1743,3,SVM RBF,0,0.03223118557892386,0,0,0,50–64,Q4,Graduation,No children at home,Partnered
1589,10069,1155,4,XGBoost,0,0.7438926100730896,1,1,1,Under 35,Q1,Basic,Children at home,Partnered
1590,2262,1918,3,SVM RBF,0,0.006380609414076489,0,0,0,35–49,Q2,Master,Children at home,Partnered
1591,1131,1350,2,Logistic Regression,0,0.010772903972241522,0,0,0,35–49,Q3,PhD,Children at home,Not partnered
1592,1041,924,1,Logistic Regression,1,0.9341925855382682,1,1,1,35–49,Q2,PhD,Children at home,Not partnered
1593,24,1999,5,XGBoost,0,0.002806473057717085,0,0,0,50–64,Q1,Master,Children at home,Partnered
1594,3409,964,5,XGBoost,0,0.6894619464874268,1,1,1,Under 35,Q2,Graduation,Children at home,Not partnered
1595,7022,1430,2,Logistic Regression,0,0.20309874881199177,0,0,0,35–49,Q4,Graduation,Children at home,Partnered
1596,7943,1650,5,XGBoost,0,0.0020969263277947903,0,0,0,35–49,Q2,PhD,Children at home,Partnered
1597,5272,1095,1,Logistic Regression,0,0.13946989400915427,0,0,0,35–49,Q3,Master,Children at home,Partnered
1598,5453,1759,3,SVM RBF,0,0.5260823906057283,0,1,1,50–64,Q4,Master,No children at home,Partnered
1599,2565,1135,2,Logistic Regression,0,0.39242210307035874,0,0,0,50–64,Q4,Master,No children at home,Not partnered
1600,800,62,1,Logistic Regression,0,0.0074718668322345675,0,0,0,50–64,Q2,Graduation,Children at home,Partnered
1601,11092,1282,4,XGBoost,0,0.06354548037052155,0,0,0,50–64,Q1,Graduation,Children at home,Partnered
1602,5062,1766,3,SVM RBF,0,0.017368733491423857,0,0,0,50–64,Q3,PhD,Children at home,Partnered
1603,8969,762,5,XGBoost,0,0.03005123697221279,0,0,0,35–49,Q4,Graduation,Children at home,Partnered
1604,4656,1514,4,XGBoost,0,0.7806589007377625,1,1,1,Under 35,Q3,2n Cycle,Children at home,Not partnered
1605,4480,307,3,SVM RBF,0,0.0033588755590409605,0,0,0,35–49,Q3,Master,Children at home,Partnered
1606,9971,1053,1,Logistic Regression,0,0.014257969506257169,0,0,0,50–64,Q3,PhD,Children at home,Partnered
1607,6729,339,2,Logistic Regression,0,0.32743730590180176,0,0,0,Under 35,Q4,Graduation,No children at home,Not partnered
1608,1773,747,2,Logistic Regression,0,0.5068461010071009,0,0,0,35–49,Q1,2n Cycle,No children at home,Partnered
1609,9242,907,5,XGBoost,1,0.8955955505371094,1,1,1,Under 35,Q3,Graduation,No children at home,Not partnered
1610,1764,465,1,Logistic Regression,0,0.098551114534093,0,0,0,35–49,Q1,Graduation,Children at home,Not partnered
1611,6215,1735,3,SVM RBF,1,0.036443049607423034,0,0,0,35–49,Q1,Graduation,Children at home,Partnered
1612,10099,471,2,Logistic Regression,0,0.028887285017390855,0,0,0,Under 35,Q3,Graduation,Children at home,Partnered
1613,5423,193,1,Logistic Regression,0,0.04842652288438284,0,0,0,Under 35,Q1,Graduation,Children at home,Partnered
1614,940,1198,5,XGBoost,0,0.16844424605369568,0,0,0,Under 35,Q3,Graduation,Children at home,Not partnered
1615,3011,381,5,XGBoost,0,0.05605318024754524,0,0,0,35–49,Q4,Graduation,Children at home,Partnered
1616,3298,1986,2,Logistic Regression,0,0.15738310004733347,0,0,0,50–64,Q3,Master,Children at home,Partnered
1617,8286,1781,2,Logistic Regression,0,0.12044619940515724,0,0,0,35–49,Q3,PhD,Children at home,Partnered
1618,9668,1019,4,XGBoost,0,0.5216130614280701,1,0,0,35–49,Q1,Graduation,Children at home,Partnered
1619,5120,112,5,XGBoost,0,0.16375306248664856,0,0,0,Under 35,Q3,2n Cycle,No children at home,Partnered
1620,6097,1219,2,Logistic Regression,0,0.6508456621648134,1,0,1,50–64,Q2,Graduation,Children at home,Not partnered
1621,7019,245,2,Logistic Regression,0,0.06621957933142772,0,0,0,50–64,Q3,Graduation,Children at home,Partnered
1622,7408,1018,1,Logistic Regression,0,0.09709395592969895,0,0,0,50–64,Q3,PhD,Children at home,Partnered
1623,8041,1471,3,SVM RBF,0,0.4840630819469823,1,0,1,35–49,Q2,PhD,Children at home,Not partnered
1624,252,291,1,Logistic Regression,0,0.9277264967859165,1,1,1,50–64,Q2,PhD,No children at home,Not partnered
1625,9986,787,5,XGBoost,1,0.747177243232727,1,1,1,Under 35,Q1,Graduation,Children at home,Partnered
1626,3276,1096,2,Logistic Regression,0,0.08849377391519483,0,0,0,35–49,Q2,2n Cycle,Children at home,Partnered
1627,3859,1483,1,Logistic Regression,0,0.200899449902722,0,0,0,65+,Q4,PhD,Children at home,Partnered
1628,3570,229,3,SVM RBF,0,0.019193972495979657,0,0,0,35–49,Q2,PhD,Children at home,Partnered
1629,3783,599,4,XGBoost,0,0.03239904344081879,0,0,0,50–64,Q3,PhD,Children at home,Partnered
1630,10207,1194,2,Logistic Regression,0,0.2175270455480414,0,0,0,35–49,Q1,Graduation,Children at home,Partnered
1631,10906,1276,2,Logistic Regression,0,0.07248008597299731,0,0,0,65+,Q2,PhD,Children at home,Partnered
1632,3427,1299,2,Logistic Regression,0,0.6002726903171746,1,0,0,50–64,Q3,PhD,Children at home,Partnered
1633,5209,456,2,Logistic Regression,0,0.27533890694853597,0,0,0,50–64,Q2,Graduation,Children at home,Not partnered
1634,10711,1600,1,Logistic Regression,0,0.12087720083562717,0,0,0,65+,Q4,Graduation,No children at home,Partnered
1635,10785,841,3,SVM RBF,0,0.010854060031435952,0,0,0,35–49,Q2,Graduation,Children at home,Partnered
1636,2814,1005,1,Logistic Regression,0,0.19296141419487697,0,0,0,35–49,Q1,Master,Children at home,Partnered
1637,6866,23,2,Logistic Regression,0,0.030239647946824225,0,0,0,35–49,Q2,Master,Children at home,Partnered
1638,1665,1372,4,XGBoost,1,0.7428346872329712,1,1,1,50–64,Q3,PhD,Children at home,Not partnered
1639,6575,1762,5,XGBoost,0,0.6889241933822632,1,1,1,Under 35,Q3,Graduation,Children at home,Partnered
1640,3829,1984,5,XGBoost,0,0.0014225940685719252,0,0,0,35–49,Q1,Basic,Children at home,Partnered
1641,3091,1050,2,Logistic Regression,0,0.009067393428440294,0,0,0,Under 35,Q4,2n Cycle,Children at home,Partnered
1642,10141,1102,3,SVM RBF,0,0.10343874857294194,0,0,0,50–64,Q2,Master,No children at home,Not partnered
1643,5177,162,1,Logistic Regression,0,0.012691642159158856,0,0,0,35–49,Q3,Master,Children at home,Partnered
1644,7005,1901,1,Logistic Regression,0,0.019806944443920473,0,0,0,Under 35,Q3,Graduation,No children at home,Not partnered
1645,6409,1038,5,XGBoost,1,0.9498975276947021,1,1,1,35–49,Q3,Graduation,No children at home,Not partnered
1646,7485,1802,2,Logistic Regression,0,0.12934040629137433,0,0,0,50–64,Q3,PhD,Children at home,Not partnered
1647,8079,91,1,Logistic Regression,0,0.006321414302807846,0,0,0,Under 35,Q1,Graduation,Children at home,Partnered
1648,8395,70,3,SVM RBF,1,0.18345521089855996,0,0,0,50–64,Q4,Graduation,No children at home,Not partnered
1649,10352,1664,1,Logistic Regression,1,0.9759662934612745,1,1,1,50–64,Q1,Graduation,Children at home,Not partnered
1650,4931,803,2,Logistic Regression,0,0.9995295144710464,1,1,1,35–49,Q4,Graduation,No children at home,Partnered
1651,13,389,4,XGBoost,0,0.03931930661201477,0,0,0,65+,Q1,PhD,Children at home,Not partnered
1652,1834,184,3,SVM RBF,0,0.003541813808141806,0,0,0,35–49,Q1,Master,Children at home,Not partnered
1653,2285,118,3,SVM RBF,0,0.08902669607401845,0,0,0,50–64,Q2,Master,Children at home,Partnered
1654,2295,5,2,Logistic Regression,0,0.004971753594074218,0,0,0,50–64,Q3,PhD,Children at home,Partnered
1655,1378,579,5,XGBoost,0,0.08167515695095062,0,0,0,35–49,Q2,2n Cycle,Children at home,Partnered
1656,2781,1061,2,Logistic Regression,1,0.636002383360997,0,0,1,Under 35,Q4,Graduation,No children at home,Not partnered
1657,1165,1745,2,Logistic Regression,0,0.6277298037420233,1,0,1,50–64,Q2,PhD,Children at home,Not partnered
1658,1404,774,4,XGBoost,0,0.16753651201725006,0,0,0,35–49,Q1,Graduation,Children at home,Partnered
1659,6457,1488,1,Logistic Regression,0,0.004305844121258937,0,0,0,35–49,Q3,Graduation,Children at home,Not partnered
1660,2639,50,3,SVM RBF,0,0.03381934607139583,0,0,0,35–49,Q2,Graduation,Children at home,Not partnered
1661,8299,1669,5,XGBoost,0,0.02746313251554966,0,0,0,Under 35,Q1,PhD,No children at home,Not partnered
1662,6437,1873,2,Logistic Regression,0,0.052771272495762044,0,0,0,Under 35,Q2,2n Cycle,Children at home,Not partnered
1663,6912,63,2,Logistic Regression,0,0.006514128951612577,0,0,0,35–49,Q3,PhD,Children at home,Partnered
1664,7327,178,2,Logistic Regression,0,0.012698117433817812,0,0,0,50–64,Q2,PhD,Children at home,Partnered
1665,5299,1657,4,XGBoost,0,0.07800450176000595,0,0,0,35–49,Q4,PhD,Children at home,Partnered
1666,4127,2024,4,XGBoost,1,0.28012603521347046,0,0,0,35–49,Q4,PhD,Children at home,Partnered
1667,8143,1254,1,Logistic Regression,1,0.906923054643641,1,1,1,Under 35,Q2,PhD,No children at home,Not partnered
1668,1964,1110,4,XGBoost,0,0.19752854108810425,0,0,0,50–64,Q4,Graduation,No children at home,Partnered
1669,3690,765,3,SVM RBF,1,0.6642970711957566,0,1,1,Under 35,Q4,Master,No children at home,Partnered
1670,3433,1958,2,Logistic Regression,0,0.49924387183593105,0,0,0,50–64,Q4,2n Cycle,No children at home,Partnered
1671,3389,1226,5,XGBoost,0,0.05168644338846207,0,0,0,35–49,Q4,Graduation,Children at home,Partnered
1672,4712,2016,1,Logistic Regression,0,0.13299597426311624,0,0,0,Under 35,Q1,2n Cycle,No children at home,Partnered
1673,1170,1878,5,XGBoost,0,0.6015720963478088,1,0,1,35–49,Q1,Graduation,Children at home,Partnered
1674,6347,874,4,XGBoost,0,0.0408400297164917,0,0,0,35–49,Q1,Basic,Children at home,Not partnered
1675,4065,1898,3,SVM RBF,0,0.11794123748250485,0,0,0,35–49,Q2,PhD,Children at home,Partnered
1676,8230,1091,2,Logistic Regression,0,0.10613403252941866,0,0,0,Under 35,Q1,Graduation,Children at home,Partnered
1677,1215,1140,2,Logistic Regression,0,0.4898035881177653,0,0,0,35–49,Q4,Graduation,No children at home,Partnered
1678,5939,1991,2,Logistic Regression,0,0.025633974172856958,0,0,0,35–49,Q2,Graduation,Children at home,Partnered
1679,2156,1599,4,XGBoost,0,0.2208472043275833,0,0,0,50–64,Q1,PhD,Children at home,Partnered
1680,7788,1862,1,Logistic Regression,0,0.0008019174498934316,0,0,0,Under 35,Q1,PhD,Children at home,Partnered
1681,10323,1506,2,Logistic Regression,0,0.005201440011378043,0,0,0,50–64,Q2,Graduation,Children at home,Partnered
1682,7947,1167,3,SVM RBF,0,0.00045079313304230927,0,0,0,35–49,Q2,Graduation,Children at home,Partnered
1683,1891,969,3,SVM RBF,1,0.8614829820449459,1,1,1,Under 35,Q4,Master,No children at home,Not partnered
1684,2570,426,4,XGBoost,1,0.6679330468177795,1,1,1,35–49,Q3,Graduation,Children at home,Partnered
1685,9256,596,3,SVM RBF,0,0.1084648367025863,0,0,0,35–49,Q3,Graduation,Children at home,Not partnered
1686,295,1736,4,XGBoost,0,0.2161165028810501,0,0,0,Under 35,Q4,Graduation,No children at home,Not partnered
1687,7397,897,2,Logistic Regression,0,0.11274244754880557,0,0,0,50–64,Q2,Graduation,Children at home,Not partnered
1688,6349,315,1,Logistic Regression,0,0.3675845725401529,0,0,0,Under 35,Q3,Master,No children at home,Not partnered
1689,10790,1328,5,XGBoost,0,0.07409326732158661,0,0,0,Under 35,Q1,PhD,Children at home,Partnered
1690,10398,1493,1,Logistic Regression,0,0.22963881249637366,0,0,0,Under 35,Q1,2n Cycle,Children at home,Not partnered
1691,2431,843,2,Logistic Regression,0,0.19239339251733598,0,0,0,Under 35,Q1,Graduation,No children at home,Partnered
1692,550,1689,1,Logistic Regression,0,0.010576982763315118,0,0,0,50–64,Q3,Graduation,Children at home,Not partnered
1693,1890,620,3,SVM RBF,0,0.01488398063475209,0,0,0,35–49,Q2,2n Cycle,Children at home,Partnered
1694,10742,404,2,Logistic Regression,0,0.18979408866996325,0,0,0,Under 35,Q4,PhD,No children at home,Partnered
1695,10356,1501,3,SVM RBF,0,0.21781019553095834,0,0,1,50–64,Q2,PhD,Children at home,Not partnered
1696,4676,1333,1,Logistic Regression,0,0.03289341924928063,0,0,0,50–64,Q4,Master,Children at home,Not partnered
1697,8852,83,4,XGBoost,0,0.22483350336551666,0,0,0,35–49,Q3,Graduation,Children at home,Partnered
1698,3565,57,4,XGBoost,0,0.04934429004788399,0,0,0,50–64,Q2,Master,Children at home,Partnered
1699,5294,1623,5,XGBoost,0,0.010284834541380405,0,0,0,Under 35,Q1,Graduation,Children at home,Not partnered
1700,1958,1522,1,Logistic Regression,0,0.0036338295534341556,0,0,0,35–49,Q3,PhD,Children at home,Partnered
1701,7349,520,1,Logistic Regression,1,0.005589544322995185,0,0,0,35–49,Q1,Basic,Children at home,Partnered
1702,8799,190,4,XGBoost,0,0.5561472177505493,1,0,0,Under 35,Q2,PhD,Children at home,Partnered
1703,1351,594,2,Logistic Regression,0,0.74997586054458,1,0,1,50–64,Q3,Master,Children at home,Partnered
1704,1045,1116,5,XGBoost,0,0.23143123090267181,0,0,0,35–49,Q3,Graduation,Children at home,Partnered
1705,7732,1043,3,SVM RBF,0,0.0006898043416025243,0,0,0,35–49,Q3,Graduation,Children at home,Partnered
1706,8070,531,5,XGBoost,0,0.002359555335715413,0,0,0,35–49,Q3,PhD,Children at home,Partnered
1707,477,1517,2,Logistic Regression,1,0.9811927720474551,1,1,1,Under 35,Q4,Graduation,No children at home,Partnered
1708,7832,276,2,Logistic Regression,1,0.9837713376615446,1,1,1,50–64,Q4,Master,Children at home,Partnered
1709,2202,1844,5,XGBoost,0,0.0026768846437335014,0,0,0,35–49,Q2,Graduation,Children at home,Partnered
1710,7396,1121,4,XGBoost,0,0.2850622236728668,0,0,0,35–49,Q4,Graduation,No children at home,Partnered
1711,4055,790,3,SVM RBF,0,0.010486519722484912,0,0,0,Under 35,Q1,Basic,Children at home,Not partnered
1712,10340,341,1,Logistic Regression,0,0.46936267362370704,0,0,0,Under 35,Q1,Graduation,Children at home,Partnered
1713,10091,1629,1,Logistic Regression,0,0.10503990963883997,0,0,0,50–64,Q3,Graduation,Children at home,Not partnered
1714,7629,704,5,XGBoost,0,0.019605912268161774,0,0,0,35–49,Q1,Graduation,Children at home,Partnered
1715,10640,1902,5,XGBoost,0,0.08958402276039124,0,0,0,35–49,Q2,Graduation,Children at home,Partnered
1716,3498,527,2,Logistic Regression,1,0.9514146271613582,1,1,1,35–49,Q3,PhD,Children at home,Partnered
1717,6742,14,2,Logistic Regression,0,0.03568491763689506,0,0,0,35–49,Q1,Graduation,Children at home,Partnered
1718,1172,547,1,Logistic Regression,1,0.9918414666468672,1,1,1,Under 35,Q4,PhD,No children at home,Partnered
1719,569,191,1,Logistic Regression,1,0.9950394692658322,1,1,1,Under 35,Q4,Graduation,No children at home,Not partnered
1720,4686,1362,4,XGBoost,0,0.8783877491950989,1,1,1,50–64,Q4,PhD,No children at home,Not partnered
1721,1381,1800,1,Logistic Regression,1,0.6830762536293282,0,0,1,Under 35,Q2,PhD,Children at home,Not partnered
1722,2634,1202,1,Logistic Regression,1,0.5466484980537678,0,0,0,35–49,Q1,Master,Children at home,Not partnered
1723,10905,1461,5,XGBoost,1,0.34499457478523254,0,0,0,50–64,Q2,Graduation,Children at home,Partnered
1724,1744,1642,2,Logistic Regression,0,0.06175626786895373,0,0,0,35–49,Q1,Basic,Children at home,Not partnered
1725,1000,313,4,XGBoost,0,0.11986859887838364,0,0,0,50–64,Q4,Master,Children at home,Partnered
1726,3828,783,2,Logistic Regression,0,0.04535752254187355,0,0,0,50–64,Q4,Graduation,Children at home,Partnered
1727,8605,903,2,Logistic Regression,0,0.058845758508656455,0,0,0,50–64,Q2,PhD,Children at home,Partnered
1728,10304,1454,3,SVM RBF,0,0.01085038779885848,0,0,0,50–64,Q1,Graduation,No children at home,Partnered
1729,4351,516,1,Logistic Regression,0,0.386944346334057,0,0,0,50–64,Q2,Graduation,Children at home,Not partnered
1730,10129,1172,2,Logistic Regression,0,0.2201667206526003,0,0,0,35–49,Q4,Graduation,No children at home,Partnered
1731,2499,957,3,SVM RBF,0,0.0054675084001123905,0,0,0,50–64,Q4,2n Cycle,Children at home,Not partnered
1732,10092,1463,4,XGBoost,0,0.1802404522895813,0,0,0,50–64,Q4,Graduation,Children at home,Not partnered
1733,7500,668,2,Logistic Regression,0,0.11895003535782528,0,0,0,35–49,Q4,Graduation,Children at home,Not partnered
1734,5796,240,4,XGBoost,0,0.23256653547286987,0,0,0,50–64,Q4,Graduation,No children at home,Partnered
1735,10556,1644,2,Logistic Regression,0,0.15173432766288533,0,0,0,50–64,Q3,Graduation,Children at home,Partnered
1736,1064,1124,2,Logistic Regression,0,0.17705564871940377,0,0,0,35–49,Q2,PhD,Children at home,Partnered
1737,48,636,4,XGBoost,0,0.10247360169887543,0,0,0,50–64,Q3,Graduation,Children at home,Partnered
1738,7610,676,2,Logistic Regression,0,0.2951137398850942,0,0,0,Under 35,Q2,Graduation,Children at home,Partnered
1739,263,593,1,Logistic Regression,1,0.8253048673322236,0,1,1,65+,Q2,PhD,No children at home,Not partnered
1740,10814,1303,1,Logistic Regression,1,0.7562473990655532,0,0,1,65+,Q4,Graduation,No children at home,Partnered
1741,9710,1465,2,Logistic Regression,0,0.11510768218431537,0,0,0,35–49,Q3,PhD,Children at home,Not partnered
1742,9292,374,2,Logistic Regression,0,0.5948477375356045,0,0,0,50–64,Q4,Graduation,No children at home,Partnered
1743,10250,287,5,XGBoost,0,0.07559555023908615,0,0,0,65+,Q1,Basic,No children at home,Partnered
1744,7881,2002,3,SVM RBF,0,0.005164611265405107,0,0,0,65+,Q3,Master,No children at home,Partnered
1745,5847,878,1,Logistic Regression,0,0.03519861919456116,0,0,0,35–49,Q4,Graduation,Children at home,Not partnered
1746,737,1099,4,XGBoost,0,0.8889116644859314,1,1,1,65+,Q4,PhD,No children at home,Partnered
1747,3571,600,5,XGBoost,1,0.8684012293815613,1,1,1,50–64,Q3,PhD,Children at home,Partnered
1748,7807,1270,3,SVM RBF,0,0.4258401304803592,1,0,1,35–49,Q2,Graduation,Children at home,Partnered
1749,3878,16,5,XGBoost,0,0.12426118552684784,0,0,0,Under 35,Q1,2n Cycle,Children at home,Not partnered
1750,5092,853,3,SVM RBF,1,0.542606985205033,1,1,1,65+,Q2,PhD,Children at home,Not partnered
1751,2154,428,2,Logistic Regression,0,0.67711995702009,1,0,1,35–49,Q1,Graduation,Children at home,Not partnered
1752,5394,1831,4,XGBoost,0,0.08011267334222794,0,0,0,35–49,Q1,Basic,Children at home,Not partnered
1753,3798,654,5,XGBoost,0,0.049779921770095825,0,0,0,35–49,Q2,Graduation,Children at home,Partnered
1754,3524,1495,3,SVM RBF,1,0.2717074641207375,0,0,1,35–49,Q2,Master,Children at home,Not partnered
1755,5247,433,1,Logistic Regression,0,0.004363025904469707,0,0,0,50–64,Q2,PhD,Children at home,Partnered
1756,5883,1946,3,SVM RBF,0,0.004942045340166709,0,0,0,35–49,Q4,Graduation,Children at home,Partnered
1757,2118,1774,4,XGBoost,0,0.05669659003615379,0,0,0,50–64,Q3,2n Cycle,Children at home,Partnered
1758,8812,815,2,Logistic Regression,0,0.31199642193881283,0,0,0,35–49,Q1,2n Cycle,Children at home,Not partnered
1759,6616,370,5,XGBoost,0,0.004722228739410639,0,0,0,35–49,Q3,Graduation,Children at home,Partnered
1760,2797,1911,2,Logistic Regression,0,0.057084451733085,0,0,0,35–49,Q4,Graduation,Children at home,Partnered
1761,4328,421,3,SVM RBF,0,0.0043408124699088465,0,0,0,Under 35,Q1,2n Cycle,Children at home,Partnered
1762,9167,887,4,XGBoost,0,0.11082477122545242,0,0,0,50–64,Q3,Graduation,Children at home,Partnered
1763,10560,1941,3,SVM RBF,0,0.013266564286599041,0,0,0,Under 35,Q2,PhD,Children at home,Not partnered
1764,2631,602,2,Logistic Regression,0,0.2545223535770715,0,0,0,Under 35,Q4,Graduation,No children at home,Partnered
1765,8312,1932,3,SVM RBF,0,0.0013958348513876872,0,0,0,50–64,Q1,Basic,No children at home,Partnered
1766,5534,1880,2,Logistic Regression,0,0.5764348780487598,1,0,0,35–49,Q2,Master,Children at home,Partnered
1767,5093,82,2,Logistic Regression,1,0.9600377176754,1,1,1,35–49,Q1,PhD,Children at home,Not partnered
1768,7592,1660,2,Logistic Regression,0,0.14358647233144436,0,0,0,65+,Q2,PhD,No children at home,Partnered
1769,8895,1330,5,XGBoost,0,0.537999153137207,0,0,1,Under 35,Q4,Graduation,No children at home,Not partnered
1770,8584,741,3,SVM RBF,0,0.10373803908378834,0,0,0,50–64,Q4,PhD,No children at home,Partnered
1771,2694,1039,4,XGBoost,0,0.01525820605456829,0,0,0,35–49,Q2,Graduation,Children at home,Partnered
1772,8910,1461,5,XGBoost,1,0.34499457478523254,0,0,0,50–64,Q2,Graduation,Children at home,Partnered
1773,7433,912,5,XGBoost,0,0.5068204402923584,1,0,1,Under 35,Q1,Graduation,Children at home,Not partnered
1774,164,1753,2,Logistic Regression,0,0.2543777044220091,0,0,0,35–49,Q1,PhD,No children at home,Partnered
1775,10477,1555,4,XGBoost,0,0.4022188186645508,0,0,0,35–49,Q2,PhD,Children at home,Partnered
1776,2681,1260,2,Logistic Regression,0,0.07712321597227849,0,0,0,Under 35,Q3,2n Cycle,No children at home,Partnered
1777,5150,673,4,XGBoost,0,0.19227708876132965,0,0,0,35–49,Q1,Basic,Children at home,Not partnered
1778,5283,1,1,Logistic Regression,0,0.039857043459771,0,0,0,35–49,Q2,PhD,Children at home,Not partnered
1779,9645,1067,5,XGBoost,0,0.06139637902379036,0,0,0,35–49,Q3,Graduation,No children at home,Partnered
1780,10678,854,1,Logistic Regression,0,0.0036489398644568402,0,0,0,50–64,Q4,Graduation,Children at home,Partnered
1781,7261,1072,4,XGBoost,1,0.5631218552589417,1,0,0,35–49,Q1,Graduation,Children at home,Partnered
1782,9648,136,4,XGBoost,0,0.7949937582015991,1,1,1,35–49,Q2,Graduation,Children at home,Not partnered
1783,2870,480,4,XGBoost,0,0.5849177837371826,1,0,0,35–49,Q2,Graduation,Children at home,Partnered
1784,8008,839,4,XGBoost,0,0.07923430949449539,0,0,0,Under 35,Q2,Graduation,Children at home,Partnered
1785,1513,382,2,Logistic Regression,0,0.10680528883871157,0,0,0,35–49,Q3,2n Cycle,Children at home,Partnered
1786,6173,1717,5,XGBoost,0,0.021751193329691887,0,0,0,35–49,Q4,Graduation,Children at home,Partnered
1787,1419,1169,4,XGBoost,0,0.40164265036582947,0,0,0,50–64,Q1,Graduation,Children at home,Partnered
1788,9150,1079,1,Logistic Regression,0,0.046066355486805294,0,0,0,50–64,Q2,PhD,Children at home,Not partnered
1789,7960,1516,1,Logistic Regression,0,0.042766696131110456,0,0,0,50–64,Q4,2n Cycle,No children at home,Partnered
1790,1250,243,3,SVM RBF,0,0.0019350058972041134,0,0,0,35–49,Q2,Graduation,Children at home,Not partnered
1791,9905,1132,1,Logistic Regression,0,0.3532996864665166,0,0,0,50–64,Q1,Graduation,Children at home,Partnered
1792,10691,425,3,SVM RBF,0,0.008524914921138589,0,0,0,50–64,Q1,Master,Children at home,Partnered
1793,7002,831,1,Logistic Regression,0,0.12435033952252314,0,0,0,50–64,Q3,Graduation,Children at home,Not partnered
1794,2952,459,3,SVM RBF,0,0.007953477803545442,0,0,0,35–49,Q2,Master,Children at home,Not partnered
1795,8439,1723,1,Logistic Regression,0,0.004231470483722952,0,0,0,50–64,Q3,Graduation,Children at home,Partnered
1796,762,1050,2,Logistic Regression,0,0.009067393428440294,0,0,0,Under 35,Q4,2n Cycle,Children at home,Partnered
1797,2831,1797,2,Logistic Regression,0,0.002167606262930951,0,0,0,35–49,Q4,Graduation,Children at home,Partnered
1798,6977,2009,5,XGBoost,0,0.17186324298381805,0,0,0,35–49,Q4,Graduation,Children at home,Partnered
1799,6289,1957,1,Logistic Regression,0,0.01213532301132602,0,0,0,50–64,Q3,Master,Children at home,Partnered
1800,4168,1684,5,XGBoost,1,0.4218587875366211,0,0,0,35–49,Q2,Graduation,Children at home,Not partnered
1801,8397,270,3,SVM RBF,0,0.07176658104361179,0,0,0,50–64,Q2,Graduation,Children at home,Partnered
1802,9284,1042,2,Logistic Regression,0,0.1371621040711009,0,0,0,50–64,Q3,Graduation,Children at home,Partnered
1803,6237,2032,1,Logistic Regression,0,0.022280419316260788,0,0,0,35–49,Q1,PhD,Children at home,Not partnered
1804,3130,1147,4,XGBoost,0,0.03708239644765854,0,0,0,50–64,Q1,Graduation,Children at home,Not partnered
1805,1619,43,1,Logistic Regression,1,0.355271873437996,0,0,0,50–64,Q4,Graduation,No children at home,Partnered
1806,1990,1640,1,Logistic Regression,0,0.919386053709301,1,1,1,35–49,Q3,PhD,No children at home,Not partnered
1807,5513,1790,2,Logistic Regression,0,0.11953734501864098,0,0,0,35–49,Q2,Graduation,Children at home,Partnered
1808,269,689,1,Logistic Regression,0,0.7425982353800554,1,0,1,50–64,Q2,PhD,Children at home,Not partnered
1809,8093,1003,3,SVM RBF,0,0.010260542293415567,0,0,0,35–49,Q4,Master,No children at home,Partnered
1810,10513,1466,3,SVM RBF,0,0.20229259336479868,0,0,0,Under 35,Q3,Graduation,No children at home,Partnered
1811,10177,1842,3,SVM RBF,0,0.21390294454741077,0,0,0,50–64,Q4,Graduation,Children at home,Not partnered
1812,2549,185,4,XGBoost,0,0.032493285834789276,0,0,0,Under 35,Q1,PhD,Children at home,Partnered
1813,5782,1083,5,XGBoost,0,0.24182696640491486,0,0,0,Under 35,Q3,2n Cycle,Children at home,Partnered
1814,10057,203,2,Logistic Regression,1,0.46358506986311254,0,0,0,50–64,Q4,Graduation,No children at home,Not partnered
1815,10307,1924,5,XGBoost,0,0.002843135502189398,0,0,0,50–64,Q2,Graduation,Children at home,Partnered
1816,8566,1475,2,Logistic Regression,0,0.14629098774068186,0,0,0,50–64,Q1,PhD,Children at home,Partnered
1817,2415,1310,1,Logistic Regression,0,0.021474512384178846,0,0,0,50–64,Q3,Graduation,Children at home,Partnered
1818,5684,793,1,Logistic Regression,0,0.16898558459410423,0,0,0,35–49,Q2,Master,Children at home,Not partnered
1819,8334,107,5,XGBoost,0,0.08877000212669373,0,0,0,35–49,Q1,Master,Children at home,Not partnered
1820,9166,901,1,Logistic Regression,0,0.006926827588932675,0,0,0,35–49,Q3,Graduation,Children at home,Partnered
1821,1440,1823,2,Logistic Regression,0,0.2153497826154356,0,0,0,35–49,Q3,2n Cycle,No children at home,Partnered
1822,78,1324,1,Logistic Regression,0,0.024051339800051023,0,0,0,35–49,Q1,Graduation,Children at home,Partnered
1823,5441,1702,2,Logistic Regression,0,0.025355471345668002,0,0,0,35–49,Q3,PhD,Children at home,Not partnered
1824,5302,1162,3,SVM RBF,1,0.46903476216481704,0,0,1,Under 35,Q4,Graduation,No children at home,Partnered
1825,4687,875,5,XGBoost,0,0.021885547786951065,0,0,0,50–64,Q4,Master,No children at home,Partnered
1826,1087,1046,4,XGBoost,1,0.5298079252243042,1,0,0,35–49,Q1,Master,Children at home,Partnered
1827,6859,576,1,Logistic Regression,0,0.42907701186849306,0,0,0,Under 35,Q1,Graduation,Children at home,Not partnered
1828,9860,2000,1,Logistic Regression,0,0.20851415334418383,0,0,0,50–64,Q2,Graduation,Children at home,Partnered
1829,7129,1426,1,Logistic Regression,0,0.0646386981669469,0,0,0,50–64,Q3,PhD,Children at home,Partnered
1830,5866,180,4,XGBoost,0,0.1331564337015152,0,0,0,35–49,Q2,Graduation,Children at home,Partnered
1831,10521,1352,5,XGBoost,1,0.6276809573173523,1,1,1,35–49,Q3,Graduation,Children at home,Partnered
1832,7393,1612,1,Logistic Regression,0,0.29252793465868476,0,0,0,35–49,Q2,Graduation,Children at home,Partnered
1833,7849,85,3,SVM RBF,0,0.1327628923703513,0,0,0,35–49,Q4,PhD,No children at home,Partnered
1834,332,200,3,SVM RBF,0,0.0532351489927017,0,0,0,50–64,Q2,Graduation,Children at home,Partnered
1835,9847,859,5,XGBoost,0,0.13690043985843658,0,0,0,50–64,Q3,2n Cycle,Children at home,Partnered
1836,531,738,5,XGBoost,1,0.7721350789070129,1,1,1,50–64,Q3,PhD,Children at home,Not partnered
1837,9576,965,3,SVM RBF,0,0.24407720769385116,0,0,1,Under 35,Q1,PhD,Children at home,Partnered
1838,6906,430,2,Logistic Regression,1,0.9972923247793385,1,1,1,50–64,Q4,Master,No children at home,Not partnered
1839,7419,667,4,XGBoost,0,0.03753385692834854,0,0,0,35–49,Q1,Master,Children at home,Not partnered
1840,3170,372,5,XGBoost,0,0.01142298523336649,0,0,0,50–64,Q4,Master,No children at home,Partnered
1841,8527,151,1,Logistic Regression,0,0.1571428005298873,0,0,0,35–49,Q3,Master,Children at home,Partnered
1842,7872,842,1,Logistic Regression,1,0.9999894920829213,1,1,1,35–49,Q4,PhD,No children at home,Partnered
1843,9931,1586,4,XGBoost,0,0.0471716932952404,0,0,0,50–64,Q1,PhD,Children at home,Partnered
1844,10595,1375,3,SVM RBF,0,0.05500974090459681,0,0,0,Under 35,Q1,Graduation,No children at home,Partnered
1845,4609,575,3,SVM RBF,0,0.042217796731063635,0,0,0,35–49,Q3,PhD,Children at home,Partnered
1846,5010,10,5,XGBoost,0,0.03625143691897392,0,0,0,Under 35,Q1,Graduation,Children at home,Not partnered
1847,4427,530,2,Logistic Regression,1,0.9866145577386587,1,1,1,Under 35,Q4,2n Cycle,No children at home,Not partnered
1848,11148,214,5,XGBoost,0,0.02140960469841957,0,0,0,35–49,Q1,Graduation,Children at home,Partnered
1849,1168,1152,2,Logistic Regression,0,0.6819908652381477,0,0,1,35–49,Q4,PhD,No children at home,Partnered
1850,9595,1390,1,Logistic Regression,1,0.9121054222933702,1,1,1,50–64,Q3,Graduation,No children at home,Partnered
1851,10163,1429,5,XGBoost,1,0.5917446613311768,0,0,1,Under 35,Q4,PhD,No children at home,Not partnered
1852,2886,1998,4,XGBoost,0,0.5278826951980591,1,0,0,35–49,Q4,Master,Children at home,Not partnered
1853,6710,1097,3,SVM RBF,0,0.008094644744114044,0,0,0,50–64,Q3,Master,Children at home,Not partnered
1854,5316,335,1,Logistic Regression,0,0.014372533155174175,0,0,0,35–49,Q1,Master,No children at home,Partnered
1855,9029,280,3,SVM RBF,0,0.060743349382405123,0,0,0,35–49,Q4,PhD,No children at home,Partnered
1856,521,699,1,Logistic Regression,0,0.4266532253149047,0,0,0,Under 35,Q3,Graduation,Children at home,Partnered
1857,1459,1212,3,SVM RBF,0,0.220920884039746,0,0,1,35–49,Q4,PhD,Children at home,Partnered
1858,10241,110,4,XGBoost,0,0.10617297887802124,0,0,0,35–49,Q1,2n Cycle,No children at home,Not partnered
1859,1630,1266,3,SVM RBF,0,0.0038677383864136774,0,0,0,35–49,Q3,Graduation,Children at home,Not partnered
1860,3254,1945,5,XGBoost,0,0.013722964562475681,0,0,0,35–49,Q4,Graduation,Children at home,Partnered
1861,9064,1568,1,Logistic Regression,1,0.9457970506835884,1,1,1,Under 35,Q4,Graduation,No children at home,Partnered
1862,3678,321,2,Logistic Regression,1,0.9658116883909383,1,1,1,35–49,Q3,Graduation,Children at home,Not partnered
1863,4227,1249,1,Logistic Regression,0,0.016982179683475984,0,0,0,35–49,Q1,Master,Children at home,Partnered
1864,9467,1062,5,XGBoost,0,0.03169431537389755,0,0,0,Under 35,Q1,Graduation,Children at home,Not partnered
1865,8486,563,5,XGBoost,0,0.4124886393547058,0,0,0,35–49,Q1,Master,Children at home,Partnered
1866,2186,807,4,XGBoost,1,0.8362293243408203,1,1,1,35–49,Q4,2n Cycle,No children at home,Partnered
1867,3286,552,1,Logistic Regression,0,0.1439698414490171,0,0,0,35–49,Q1,PhD,Children at home,Not partnered
1868,8602,1037,3,SVM RBF,0,0.00456570175331812,0,0,0,50–64,Q4,Graduation,Children at home,Not partnered
1869,3722,1073,5,XGBoost,0,0.005386212840676308,0,0,0,35–49,Q2,Graduation,Children at home,Not partnered
1870,6715,929,3,SVM RBF,0,0.4042234949636409,0,0,1,65+,Q3,PhD,Children at home,Not partnered
1871,4796,207,1,Logistic Regression,0,0.003642461933296383,0,0,0,50–64,Q2,Graduation,Children at home,Not partnered
1872,9612,1400,3,SVM RBF,0,0.019971238841534237,0,0,0,Under 35,Q1,2n Cycle,No children at home,Not partnered
1873,3766,80,1,Logistic Regression,1,0.9760540158217464,1,1,1,50–64,Q1,Master,No children at home,Not partnered
1874,1399,935,1,Logistic Regression,0,0.10081137063920018,0,0,0,50–64,Q4,Graduation,No children at home,Partnered
1875,1570,1968,2,Logistic Regression,0,0.5240737491721136,1,0,0,50–64,Q4,PhD,Children at home,Partnered
1876,3426,455,5,XGBoost,0,0.022354310378432274,0,0,0,35–49,Q4,Graduation,Children at home,Not partnered
1877,3074,95,5,XGBoost,1,0.45665818452835083,0,0,0,Under 35,Q4,PhD,No children at home,Partnered
1878,8341,756,4,XGBoost,1,0.4606684148311615,0,0,0,35–49,Q1,PhD,Children at home,Partnered
1879,5180,167,5,XGBoost,0,0.010354104451835155,0,0,0,35–49,Q2,PhD,Children at home,Not partnered
1880,6461,811,2,Logistic Regression,0,0.12311004656898275,0,0,0,35–49,Q3,Master,Children at home,Not partnered
1881,7679,775,5,XGBoost,0,0.029371211305260658,0,0,0,Under 35,Q1,PhD,No children at home,Not partnered
1882,10702,168,1,Logistic Regression,0,0.22854433206933186,0,0,0,Under 35,Q3,Graduation,Children at home,Not partnered
1883,7505,1386,5,XGBoost,0,0.14520584046840668,0,0,0,50–64,Q2,PhD,Children at home,Partnered
1884,5113,1681,2,Logistic Regression,1,0.92865776558173,1,1,1,35–49,Q4,PhD,No children at home,Not partnered
1885,10858,1220,3,SVM RBF,0,0.010382929860363519,0,0,0,35–49,Q4,Graduation,Children at home,Partnered
1886,2961,675,1,Logistic Regression,0,0.21280101285380737,0,0,0,Under 35,Q2,Graduation,Children at home,Partnered
1887,2747,1243,5,XGBoost,0,0.3202385902404785,0,0,0,Under 35,Q4,PhD,No children at home,Partnered
1888,3010,327,3,SVM RBF,0,0.4067154675144162,0,0,1,Under 35,Q4,Master,No children at home,Partnered
1889,5790,1676,2,Logistic Regression,0,0.11679613164127255,0,0,0,Under 35,Q1,Graduation,Children at home,Partnered
1890,6892,1044,5,XGBoost,0,0.8377167582511902,1,1,1,35–49,Q3,Graduation,Children at home,Not partnered
1891,1743,511,2,Logistic Regression,0,0.005662060610252859,0,0,0,35–49,Q4,Graduation,No children at home,Not partnered
1892,3578,821,4,XGBoost,0,0.10044397413730621,0,0,0,65+,Q2,Graduation,Children at home,Not partnered
1893,8462,1981,5,XGBoost,0,0.8391394019126892,1,1,1,35–49,Q1,Basic,Children at home,Partnered
1894,5558,483,3,SVM RBF,0,0.442600867331834,0,0,1,50–64,Q4,PhD,No children at home,Not partnered
1895,4619,44,2,Logistic Regression,0,0.8855680851403589,1,1,1,65+,Q4,PhD,No children at home,Not partnered
1896,8780,1479,4,XGBoost,0,0.03898000344634056,0,0,0,50–64,Q3,PhD,Children at home,Partnered
1897,10789,94,4,XGBoost,0,0.40087130665779114,0,0,0,50–64,Q2,PhD,Children at home,Partnered
1898,10779,553,4,XGBoost,0,0.20353004336357117,0,0,0,Under 35,Q1,Graduation,No children at home,Not partnered
1899,5896,837,1,Logistic Regression,0,0.0032378413072841647,0,0,0,Under 35,Q4,Master,No children at home,Partnered
1900,2337,73,2,Logistic Regression,0,0.29196120790887525,0,0,0,35–49,Q1,Graduation,Children at home,Not partnered
1901,10951,655,3,SVM RBF,0,0.008016718051054455,0,0,0,35–49,Q2,Graduation,Children at home,Partnered
1902,544,108,1,Logistic Regression,0,0.04322613356866046,0,0,0,50–64,Q3,Graduation,No children at home,Partnered
1903,17,1108,2,Logistic Regression,0,0.1135127779261779,0,0,0,35–49,Q3,PhD,Children at home,Partnered
1904,10680,824,5,XGBoost,0,0.0062546501867473125,0,0,0,Under 35,Q1,Graduation,Children at home,Partnered
1905,3265,1910,1,Logistic Regression,0,0.12479266541378355,0,0,0,50–64,Q1,Graduation,No children at home,Partnered
1906,5623,1235,2,Logistic Regression,0,0.11636706939063067,0,0,0,Under 35,Q1,Master,Children at home,Partnered
1907,5832,1164,5,XGBoost,0,0.004483729600906372,0,0,0,50–64,Q4,2n Cycle,No children at home,Partnered
1908,5544,1690,5,XGBoost,0,0.9047145247459412,1,1,1,35–49,Q4,Graduation,Children at home,Not partnered
1909,6417,1852,5,XGBoost,0,0.06338845938444138,0,0,0,35–49,Q4,Master,No children at home,Partnered
1910,5831,30,4,XGBoost,1,0.7117599248886108,1,1,1,35–49,Q4,Graduation,Children at home,Partnered
1911,7101,2008,3,SVM RBF,0,0.2640676377038194,0,0,1,50–64,Q3,PhD,Children at home,Not partnered
1912,10176,355,5,XGBoost,1,0.9138354063034058,1,1,1,35–49,Q3,Graduation,Children at home,Not partnered
1913,2326,1432,2,Logistic Regression,0,0.19964102188016386,0,0,0,Under 35,Q1,Graduation,No children at home,Partnered
1914,4385,1459,4,XGBoost,0,0.08745753020048141,0,0,0,Under 35,Q2,PhD,Children at home,Not partnered
1915,2929,1810,3,SVM RBF,0,0.06864709319326863,0,0,0,35–49,Q1,Graduation,No children at home,Not partnered
1916,10686,1143,5,XGBoost,0,0.027093738317489624,0,0,0,35–49,Q1,PhD,Children at home,Partnered
1917,2546,1803,1,Logistic Regression,0,0.00782904968660481,0,0,0,35–49,Q1,2n Cycle,Children at home,Not partnered
1918,3283,1338,2,Logistic Regression,0,0.0070377220497302015,0,0,0,35–49,Q4,2n Cycle,Children at home,Partnered
1919,3138,289,3,SVM RBF,1,0.8133454143289538,1,1,1,50–64,Q4,Graduation,No children at home,Not partnered
1920,4994,592,5,XGBoost,0,0.4944928288459778,0,0,1,65+,Q4,Master,No children at home,Not partnered
1921,7966,1764,4,XGBoost,0,0.25044336915016174,0,0,0,50–64,Q4,Graduation,Children at home,Not partnered
1922,3112,29,2,Logistic Regression,0,0.4316672937018695,0,0,0,35–49,Q1,Master,Children at home,Partnered
1923,10872,1683,4,XGBoost,0,0.7983964681625366,1,1,1,35–49,Q3,PhD,Children at home,Partnered
1924,2181,429,1,Logistic Regression,0,0.19650250341652079,0,0,0,35–49,Q4,Graduation,No children at home,Partnered
1925,1867,1241,2,Logistic Regression,1,0.7093566194324278,0,0,1,50–64,Q3,Graduation,No children at home,Not partnered
1926,1518,567,4,XGBoost,0,0.10262033343315125,0,0,0,35–49,Q3,Master,Children at home,Partnered
1927,5734,1424,5,XGBoost,0,0.0037699865642935038,0,0,0,35–49,Q3,PhD,Children at home,Partnered
1928,2878,833,2,Logistic Regression,0,0.02142293201618209,0,0,0,65+,Q4,PhD,Children at home,Partnered
1929,1458,939,4,XGBoost,0,0.12476789951324463,0,0,0,Under 35,Q1,Master,Children at home,Partnered
1930,7007,910,3,SVM RBF,0,0.009523247780314782,0,0,0,35–49,Q1,Master,Children at home,Partnered
1931,6200,705,2,Logistic Regression,0,0.053177323053695325,0,0,0,50–64,Q4,Graduation,Children at home,Partnered
1932,1403,1078,3,SVM RBF,0,0.11289857209251347,0,0,0,35–49,Q1,2n Cycle,Children at home,Partnered
1933,4827,618,4,XGBoost,1,0.5541186332702637,1,0,0,50–64,Q3,PhD,Children at home,Not partnered
1934,6250,1159,5,XGBoost,1,0.06932088732719421,0,0,0,65+,Q3,PhD,Children at home,Not partnered
1935,9291,1626,2,Logistic Regression,0,0.03164750690855008,0,0,0,50–64,Q1,Master,Children at home,Partnered
1936,2478,733,3,SVM RBF,0,0.003403888866791894,0,0,0,35–49,Q1,Graduation,Children at home,Partnered
1937,1139,580,3,SVM RBF,1,0.8065247235615188,1,1,1,Under 35,Q4,PhD,No children at home,Partnered
1938,5138,1625,1,Logistic Regression,0,0.0315849718593299,0,0,0,50–64,Q1,Graduation,Children at home,Partnered
1939,5393,1134,3,SVM RBF,0,0.047253402884107065,0,0,0,35–49,Q1,Graduation,Children at home,Not partnered
1940,10413,1085,4,XGBoost,0,0.03176438808441162,0,0,0,Under 35,Q4,Graduation,No children at home,Partnered
1941,5015,1989,5,XGBoost,0,0.13325078785419464,0,0,0,35–49,Q1,Master,Children at home,Partnered
1942,10868,757,3,SVM RBF,0,0.08251516047746336,0,0,0,50–64,Q4,Graduation,No children at home,Not partnered
1943,10676,1697,1,Logistic Regression,1,0.8198202261247319,0,1,1,Under 35,Q3,Graduation,No children at home,Partnered
1944,2495,1551,1,Logistic Regression,0,0.036137880572494285,0,0,0,35–49,Q4,Master,Children at home,Partnered
1945,7842,1987,3,SVM RBF,0,0.19220622494242648,0,0,0,35–49,Q2,Graduation,Children at home,Not partnered
1946,9955,1361,3,SVM RBF,0,0.07322071352708871,0,0,0,50–64,Q2,Graduation,Children at home,Partnered
1947,6663,1264,1,Logistic Regression,0,0.03715116885930405,0,0,0,65+,Q2,PhD,No children at home,Not partnered
1948,2162,1494,2,Logistic Regression,0,0.026236181580613725,0,0,0,35–49,Q3,Graduation,Children at home,Partnered
1949,3434,1250,2,Logistic Regression,0,0.08394592016317325,0,0,0,50–64,Q4,Graduation,No children at home,Not partnered
1950,7919,1496,4,XGBoost,1,0.6897338628768921,0,1,1,35–49,Q4,PhD,No children at home,Partnered
1951,5626,1204,5,XGBoost,0,0.2698588967323303,0,0,0,50–64,Q3,PhD,No children at home,Not partnered
1952,6428,1726,5,XGBoost,0,0.1901283711194992,0,0,0,50–64,Q4,PhD,No children at home,Not partnered
1953,8514,1008,1,Logistic Regression,0,0.0048898449724024415,0,0,0,35–49,Q1,Graduation,Children at home,Partnered
1954,10448,1539,5,XGBoost,0,0.8100419640541077,1,1,1,50–64,Q2,Graduation,Children at home,Not partnered
1955,2109,172,1,Logistic Regression,1,0.9835528188820065,1,1,1,Under 35,Q4,Graduation,No children at home,Not partnered
1956,7530,1802,2,Logistic Regression,0,0.12934040629137433,0,0,0,50–64,Q3,PhD,Children at home,Not partnered
1957,8925,1088,5,XGBoost,0,0.012056227773427963,0,0,0,35–49,Q4,Master,Children at home,Partnered
1958,3009,1916,2,Logistic Regression,1,0.9976860329343163,1,1,1,50–64,Q4,PhD,No children at home,Not partnered
1959,6355,1086,1,Logistic Regression,0,0.02065903286507378,0,0,0,35–49,Q2,Graduation,Children at home,Partnered
1960,3517,649,5,XGBoost,1,0.3823730945587158,0,0,0,50–64,Q2,Graduation,Children at home,Not partnered
1961,1158,103,3,SVM RBF,0,0.007805716214351457,0,0,0,35–49,Q2,Graduation,Children at home,Not partnered
1962,6203,36,1,Logistic Regression,0,0.11179042358474925,0,0,0,65+,Q4,Graduation,No children at home,Partnered
1963,7165,463,5,XGBoost,0,0.007479416206479073,0,0,0,35–49,Q3,Graduation,Children at home,Partnered
1964,3595,975,3,SVM RBF,0,0.0017302295866385518,0,0,0,50–64,Q4,Graduation,Children at home,Partnered
1965,8537,1006,2,Logistic Regression,1,0.8122973541619779,0,1,1,65+,Q4,Graduation,No children at home,Not partnered
1966,4331,1965,5,XGBoost,0,0.3544228672981262,0,0,0,35–49,Q4,Master,No children at home,Partnered
1967,6281,613,5,XGBoost,0,0.7376247048377991,1,1,1,35–49,Q3,Graduation,Children at home,Not partnered
1968,4338,332,3,SVM RBF,0,0.2625924194180722,0,0,1,Under 35,Q2,Graduation,Children at home,Not partnered
1969,2452,1072,4,XGBoost,1,0.5631218552589417,1,0,0,35–49,Q1,Graduation,Children at home,Partnered
1970,9507,570,2,Logistic Regression,0,0.20445258557152646,0,0,0,35–49,Q2,Graduation,Children at home,Partnered
1971,8360,225,4,XGBoost,0,0.036507315933704376,0,0,0,35–49,Q3,2n Cycle,Children at home,Partnered
1972,10311,255,3,SVM RBF,0,0.19850699164202495,0,0,0,35–49,Q1,Graduation,Children at home,Partnered
1973,5117,1379,1,Logistic Regression,0,0.313855670551975,0,0,0,50–64,Q1,2n Cycle,No children at home,Partnered
1974,4867,1383,3,SVM RBF,0,0.4259838556947314,1,0,1,35–49,Q2,PhD,Children at home,Not partnered
1975,9289,131,4,XGBoost,1,0.3198988437652588,0,0,0,35–49,Q2,Graduation,Children at home,Partnered
1976,10913,469,3,SVM RBF,1,0.7432586005147404,1,1,1,Under 35,Q1,Master,Children at home,Not partnered
1977,3032,360,5,XGBoost,0,0.13409677147865295,0,0,0,Under 35,Q1,Graduation,Children at home,Partnered
1978,8524,82,2,Logistic Regression,1,0.9600377176753998,1,1,1,35–49,Q1,PhD,Children at home,Not partnered
1979,3334,1406,4,XGBoost,0,0.8078305125236511,0,1,1,50–64,Q4,Graduation,No children at home,Partnered
1980,4470,1538,3,SVM RBF,0,0.029680051723037646,0,0,0,50–64,Q3,Master,Children at home,Partnered
1981,1406,1520,4,XGBoost,0,0.29366177320480347,0,0,0,35–49,Q3,Graduation,Children at home,Not partnered
1982,8619,515,4,XGBoost,0,0.17227408289909363,0,0,0,50–64,Q1,Graduation,Children at home,Partnered
1983,10821,560,4,XGBoost,0,0.20856040716171265,0,0,0,35–49,Q3,Graduation,Children at home,Partnered
1984,4552,543,1,Logistic Regression,0,0.28077655971517357,0,0,0,Under 35,Q3,Graduation,No children at home,Partnered
1985,898,1492,5,XGBoost,0,0.14616060256958008,0,0,0,Under 35,Q1,Graduation,Children at home,Partnered
1986,9797,1928,4,XGBoost,0,0.09331166744232178,0,0,0,50–64,Q3,Graduation,Children at home,Partnered
1987,10949,1925,1,Logistic Regression,1,0.9226926724434866,1,1,1,50–64,Q4,PhD,No children at home,Not partnered
1988,8212,559,1,Logistic Regression,0,0.023198821491568166,0,0,0,35–49,Q2,Master,Children at home,Partnered
1989,6248,2004,5,XGBoost,1,0.7555055022239685,0,1,1,65+,Q4,Master,No children at home,Not partnered
1990,10164,252,4,XGBoost,0,0.6169871091842651,1,1,1,50–64,Q4,Graduation,Children at home,Not partnered
1991,4547,1839,4,XGBoost,0,0.044169217348098755,0,0,0,50–64,Q1,Graduation,Children at home,Partnered
1992,6815,8,2,Logistic Regression,1,0.9236254513304879,1,1,1,Under 35,Q4,2n Cycle,No children at home,Partnered
1993,4122,1575,3,SVM RBF,1,0.29760626417843894,0,0,1,35–49,Q4,Graduation,No children at home,Partnered
1994,10841,294,3,SVM RBF,0,0.06815754394579661,0,0,0,35–49,Q3,PhD,Children at home,Partnered
1995,5370,1917,5,XGBoost,0,0.9049171209335327,1,1,1,35–49,Q1,PhD,Children at home,Partnered
1996,176,56,5,XGBoost,0,0.01598457247018814,0,0,0,Under 35,Q4,2n Cycle,Children at home,Not partnered
1997,4860,736,4,XGBoost,0,0.05924428626894951,0,0,0,35–49,Q1,Graduation,Children at home,Not partnered
1998,10757,928,5,XGBoost,0,0.01369826216250658,0,0,0,35–49,Q1,PhD,Children at home,Not partnered
1999,4023,1613,2,Logistic Regression,1,0.7251067985418695,1,0,1,35–49,Q1,Graduation,Children at home,Partnered
2000,6679,1995,1,Logistic Regression,0,0.006917084886493276,0,0,0,35–49,Q1,Graduation,No children at home,Not partnered
2001,9923,1906,2,Logistic Regression,0,0.4398485169858556,0,0,0,35–49,Q2,Master,Children at home,Not partnered
2002,7181,31,2,Logistic Regression,0,0.006823833161318293,0,0,0,35–49,Q1,Graduation,Children at home,Partnered
2003,3599,1248,5,XGBoost,0,0.04150768369436264,0,0,0,35–49,Q3,Graduation,Children at home,Partnered
2004,405,104,4,XGBoost,0,0.6518733501434326,1,1,1,50–64,Q2,Graduation,Children at home,Not partnered
2005,6870,865,5,XGBoost,0,0.018099462613463402,0,0,0,50–64,Q4,PhD,Children at home,Not partnered
2006,832,20,4,XGBoost,0,0.029809046536684036,0,0,0,35–49,Q3,PhD,Children at home,Partnered
2007,2002,1031,4,XGBoost,0,0.6395620703697205,0,1,1,50–64,Q4,Graduation,No children at home,Not partnered
2008,3657,1807,4,XGBoost,0,0.5784598588943481,1,0,0,Under 35,Q2,Graduation,Children at home,Not partnered
2009,500,215,5,XGBoost,1,0.7402502298355103,0,1,1,35–49,Q4,Graduation,No children at home,Partnered
2010,1951,32,1,Logistic Regression,0,5.7015141565266754e-05,0,0,0,Under 35,Q1,Basic,No children at home,Partnered
2011,3262,1760,4,XGBoost,1,0.655034065246582,0,1,1,50–64,Q3,Graduation,No children at home,Not partnered
2012,4102,1590,5,XGBoost,0,0.004824844654649496,0,0,0,35–49,Q2,2n Cycle,Children at home,Partnered
2013,7042,1582,5,XGBoost,1,0.6916203498840332,0,1,1,Under 35,Q2,Graduation,No children at home,Partnered
2014,10598,896,1,Logistic Regression,0,0.09867505210963391,0,0,0,35–49,Q1,Graduation,Children at home,Partnered
2015,255,116,1,Logistic Regression,0,0.0017442099907204864,0,0,0,50–64,Q1,Graduation,Children at home,Not partnered
2016,2375,1654,1,Logistic Regression,0,0.02120187689918756,0,0,0,35–49,Q1,Graduation,Children at home,Partnered
2017,9829,204,1,Logistic Regression,0,0.032918821501903874,0,0,0,35–49,Q1,Graduation,Children at home,Partnered
2018,6214,1179,4,XGBoost,0,0.14491218328475952,0,0,0,Under 35,Q2,Master,Children at home,Partnered
2019,4954,1795,1,Logistic Regression,0,0.05797068097216858,0,0,0,50–64,Q2,Graduation,Children at home,Partnered
2020,7861,1181,1,Logistic Regression,0,0.07989873601464399,0,0,0,50–64,Q4,Master,Children at home,Partnered
2021,4837,400,4,XGBoost,0,0.1458183377981186,0,0,0,35–49,Q4,PhD,Children at home,Partnered
2022,9423,96,5,XGBoost,0,0.010241759940981865,0,0,0,35–49,Q1,Master,Children at home,Partnered
2023,4198,1554,3,SVM RBF,0,0.03469024975041194,0,0,0,35–49,Q1,Graduation,Children at home,Partnered
2024,153,1033,5,XGBoost,0,0.019924284890294075,0,0,0,50–64,Q1,Graduation,No children at home,Not partnered
2025,9323,555,3,SVM RBF,1,0.8509702168786499,1,1,1,65+,Q2,Master,Children at home,Partnered
2026,10001,1805,4,XGBoost,0,0.32706987857818604,0,0,0,Under 35,Q1,2n Cycle,Children at home,Partnered
2027,3945,67,3,SVM RBF,1,0.8625969622922738,1,1,1,65+,Q3,PhD,Children at home,Not partnered
2028,3799,1876,3,SVM RBF,0,0.008642782886814873,0,0,0,50–64,Q3,Graduation,Children at home,Partnered
2029,8625,477,1,Logistic Regression,0,0.054950862260332356,0,0,0,35–49,Q1,Graduation,Children at home,Partnered
2030,3491,1920,1,Logistic Regression,0,0.341188120495743,0,0,0,35–49,Q3,Graduation,Children at home,Partnered
2031,983,574,5,XGBoost,0,0.30715423822402954,0,0,0,Under 35,Q2,Graduation,Children at home,Partnered
2032,9119,838,2,Logistic Regression,0,0.028158946656899945,0,0,0,50–64,Q3,Graduation,Children at home,Partnered
2033,4786,1029,3,SVM RBF,0,0.007087900804445472,0,0,0,35–49,Q4,Graduation,Children at home,Partnered
2034,5872,1002,3,SVM RBF,0,0.039789594891476196,0,0,0,50–64,Q3,Graduation,Children at home,Not partnered
2035,6568,1497,5,XGBoost,0,0.02313106320798397,0,0,0,Under 35,Q2,Graduation,Children at home,Partnered
2036,5628,525,1,Logistic Regression,0,0.747298133833126,0,0,1,Under 35,Q3,Graduation,No children at home,Partnered
2037,5631,1944,4,XGBoost,0,0.29903361201286316,0,0,0,Under 35,Q2,Graduation,No children at home,Not partnered
2038,4974,597,1,Logistic Regression,0,0.8192829977945517,1,1,1,35–49,Q4,Graduation,Children at home,Not partnered
2039,8416,1403,1,Logistic Regression,0,0.1920237787240324,0,0,0,Under 35,Q1,Graduation,Children at home,Partnered
2040,5454,1705,2,Logistic Regression,0,0.004621071856740781,0,0,0,35–49,Q2,Master,Children at home,Partnered
2041,4095,868,1,Logistic Regression,0,0.21175456945346166,0,0,0,35–49,Q2,Graduation,Children at home,Partnered
2042,5474,1680,1,Logistic Regression,0,0.14068050344281086,0,0,0,35–49,Q2,Graduation,Children at home,Not partnered
2043,4268,468,5,XGBoost,0,0.005137609783560038,0,0,0,50–64,Q3,Graduation,Children at home,Partnered
2044,10701,264,4,XGBoost,0,0.5542683005332947,0,0,0,35–49,Q3,Graduation,No children at home,Partnered
2045,3507,1770,3,SVM RBF,1,0.22822841919106018,0,0,1,35–49,Q4,Graduation,Children at home,Not partnered
2046,2079,221,1,Logistic Regression,0,0.15086654831455523,0,0,0,65+,Q4,2n Cycle,No children at home,Partnered
2047,626,590,5,XGBoost,0,0.008035855367779732,0,0,0,50–64,Q1,Graduation,Children at home,Partnered
2048,4426,630,4,XGBoost,0,0.5933005809783936,1,0,1,35–49,Q3,Graduation,Children at home,Not partnered
2049,2591,1482,5,XGBoost,0,0.03265449032187462,0,0,0,50–64,Q4,Graduation,Children at home,Not partnered
2050,10509,1138,3,SVM RBF,0,0.008471204776398344,0,0,0,50–64,Q2,Master,Children at home,Not partnered
2051,6382,1107,1,Logistic Regression,0,0.0005341658998670812,0,0,0,50–64,Q2,Graduation,Children at home,Partnered
2052,6673,1232,5,XGBoost,0,0.5882129073143005,0,0,1,35–49,Q1,Graduation,No children at home,Not partnered
2053,7441,160,4,XGBoost,0,0.2686474025249481,0,0,0,35–49,Q4,Graduation,Children at home,Not partnered
2054,1071,1742,2,Logistic Regression,0,0.40595938386580094,0,0,0,35–49,Q4,PhD,Children at home,Not partnered
2055,10061,871,1,Logistic Regression,0,0.10976744232946102,0,0,0,50–64,Q3,Graduation,Children at home,Partnered
2056,7187,521,4,XGBoost,0,0.10952720791101456,0,0,0,35–49,Unknown,Master,Children at home,Partnered
2057,8775,605,1,Logistic Regression,0,0.04849018302683665,0,0,0,35–49,Q2,Graduation,Children at home,Partnered
2058,1612,1428,4,XGBoost,0,0.09951312839984894,0,0,0,Under 35,Unknown,PhD,Children at home,Not partnered
2059,2345,1692,1,Logistic Regression,0,0.10300723125314536,0,0,0,Under 35,Q4,PhD,No children at home,Partnered
2060,322,972,1,Logistic Regression,0,0.007649766121809118,0,0,0,35–49,Q2,Graduation,Children at home,Partnered
2061,10897,1763,1,Logistic Regression,0,0.14299786195183437,0,0,0,35–49,Q3,Graduation,Children at home,Partnered
2062,123,1889,2,Logistic Regression,0,0.09661778056167705,0,0,0,50–64,Q3,Graduation,Children at home,Not partnered
2063,6103,317,1,Logistic Regression,0,0.06253980012135815,0,0,0,65+,Q2,Graduation,No children at home,Partnered
2064,7899,1708,5,XGBoost,0,0.705595076084137,1,1,1,50–64,Q4,PhD,Children at home,Partnered
2065,10500,1433,3,SVM RBF,0,0.0010041061874400405,0,0,0,Under 35,Q1,Graduation,Children at home,Partnered
2066,1655,1455,4,XGBoost,0,0.029904000461101532,0,0,0,35–49,Q1,Graduation,Children at home,Partnered
2067,2406,1358,2,Logistic Regression,0,0.016358865025930095,0,0,0,65+,Q3,Graduation,Children at home,Partnered
2068,2712,686,3,SVM RBF,0,0.0004155189556588055,0,0,0,50–64,Q4,Graduation,Children at home,Partnered
2069,5517,1324,1,Logistic Regression,0,0.024051339800051023,0,0,0,35–49,Q1,Graduation,Children at home,Partnered
2070,10643,1907,5,XGBoost,1,0.5482816100120544,0,0,1,Under 35,Q2,PhD,No children at home,Not partnered
2071,2254,1221,5,XGBoost,0,0.031068116426467896,0,0,0,Under 35,Q4,Graduation,No children at home,Partnered
2072,10281,1688,3,SVM RBF,1,0.030941323553051046,0,0,0,35–49,Q3,Graduation,Children at home,Not partnered
2073,6958,1069,3,SVM RBF,0,0.010525880309305602,0,0,0,35–49,Q1,Master,Children at home,Partnered
2074,954,677,3,SVM RBF,0,0.0032656007732264954,0,0,0,50–64,Q1,Basic,No children at home,Not partnered
2075,5079,943,5,XGBoost,0,0.049485981464385986,0,0,0,35–49,Unknown,Graduation,Children at home,Partnered
2076,10339,1337,1,Logistic Regression,0,1.6019124786471497e-05,0,0,0,50–64,Unknown,Master,Children at home,Partnered
2077,4643,789,2,Logistic Regression,0,0.4953615033667879,1,0,0,35–49,Q1,Graduation,Children at home,Partnered
2078,3117,450,3,SVM RBF,0,0.005371300988441792,0,0,0,50–64,Unknown,Graduation,Children at home,Not partnered
2079,6497,1545,4,XGBoost,0,0.362406849861145,0,0,0,50–64,Q3,Graduation,Children at home,Partnered
2080,5396,1749,2,Logistic Regression,0,0.21009164727083024,0,0,0,Under 35,Q4,Graduation,No children at home,Partnered
2081,5250,1460,3,SVM RBF,1,0.21047188492071794,0,0,0,65+,Unknown,Master,No children at home,Not partnered
2082,1052,1253,4,XGBoost,0,0.2072068750858307,0,0,0,35–49,Q3,Graduation,Children at home,Partnered
2083,2802,344,4,XGBoost,0,0.32681944966316223,0,0,0,Under 35,Q4,2n Cycle,No children at home,Partnered
2084,6343,534,4,XGBoost,0,0.6433358788490295,1,1,1,50–64,Q4,Graduation,Children at home,Partnered
2085,6507,920,4,XGBoost,0,0.16767293214797974,0,0,0,Under 35,Q1,Graduation,Children at home,Not partnered
2086,7901,977,1,Logistic Regression,0,0.005932905980814982,0,0,0,35–49,Q1,Master,Children at home,Partnered
2087,4865,1598,3,SVM RBF,1,0.2143019794601941,0,0,0,35–49,Q3,Master,Children at home,Not partnered
2088,2686,1658,5,XGBoost,0,0.012047960422933102,0,0,0,35–49,Q1,Basic,No children at home,Partnered
2089,3107,554,2,Logistic Regression,0,0.018907691538755583,0,0,0,35–49,Q4,Graduation,Children at home,Partnered
2090,7734,330,2,Logistic Regression,1,0.7502458534496796,0,0,1,Under 35,Q4,Graduation,No children at home,Unknown
2091,1146,555,3,SVM RBF,1,0.8509702168786499,1,1,1,65+,Q2,Master,Children at home,Partnered
2092,11031,328,4,XGBoost,0,0.02578863315284252,0,0,0,50–64,Q2,PhD,Children at home,Partnered
2093,7428,1648,2,Logistic Regression,0,0.08429080872899632,0,0,0,35–49,Q4,Graduation,No children at home,Partnered
2094,975,138,2,Logistic Regression,0,0.3802596110775414,0,0,0,50–64,Q3,Graduation,Children at home,Not partnered
2095,1103,473,1,Logistic Regression,1,0.944992022879008,1,1,1,35–49,Q4,Master,Children at home,Partnered
2096,3422,1094,4,XGBoost,0,0.7638696432113647,1,1,1,35–49,Q4,Graduation,Children at home,Partnered
2097,1055,1630,5,XGBoost,0,0.004828548524528742,0,0,0,35–49,Q3,Master,Children at home,Partnered
2098,6544,1054,5,XGBoost,0,0.011577128432691097,0,0,0,65+,Q4,PhD,Children at home,Partnered
2099,1241,976,4,XGBoost,1,0.47415339946746826,0,0,0,Under 35,Q1,2n Cycle,Children at home,Partnered
2100,2909,188,3,SVM RBF,0,0.21974639842802957,0,0,1,35–49,Q4,PhD,Children at home,Partnered
2101,5802,619,5,XGBoost,0,0.023544901981949806,0,0,0,35–49,Q1,Basic,No children at home,Partnered
2102,1407,1081,2,Logistic Regression,0,0.33068368700979317,0,0,0,Under 35,Q1,Basic,Children at home,Partnered
2103,6183,1538,3,SVM RBF,0,0.029680051723037646,0,0,0,50–64,Q3,Master,Children at home,Partnered
2104,340,1469,1,Logistic Regression,1,0.9871533372612201,1,1,1,35–49,Q4,Graduation,Children at home,Not partnered
2105,5991,586,3,SVM RBF,0,0.04895367545264096,0,0,0,65+,Q2,Master,Children at home,Partnered
2106,3104,538,2,Logistic Regression,1,0.6873440554813474,0,0,1,50–64,Q4,Graduation,No children at home,Not partnered
2107,9729,1339,3,SVM RBF,0,0.09660014731726053,0,0,0,50–64,Q3,Graduation,Children at home,Not partnered
2108,1008,1597,5,XGBoost,0,0.36073747277259827,0,0,0,Under 35,Q2,PhD,No children at home,Partnered
2109,11091,220,5,XGBoost,0,0.005912240128964186,0,0,0,50–64,Q1,Graduation,Children at home,Partnered
2110,3969,49,2,Logistic Regression,0,0.08886476093399955,0,0,0,35–49,Q2,Master,Children at home,Partnered
2111,1916,565,1,Logistic Regression,0,0.04803670217751766,0,0,0,50–64,Q2,Master,Children at home,Partnered
2112,9907,881,4,XGBoost,0,0.04668383672833443,0,0,0,35–49,Q3,Master,Children at home,Partnered
2113,87,1793,1,Logistic Regression,0,0.2300514417962871,0,0,0,Under 35,Q1,2n Cycle,Children at home,Partnered
2114,8659,866,1,Logistic Regression,0,0.03289825281659092,0,0,0,50–64,Q4,PhD,Children at home,Partnered
2115,6262,401,4,XGBoost,0,0.26936957240104675,0,0,0,50–64,Q4,Master,No children at home,Not partnered
2116,6147,1584,2,Logistic Regression,0,0.3430297000086058,0,0,0,35–49,Q1,Graduation,Children at home,Not partnered
2117,8832,201,4,XGBoost,0,0.35638922452926636,0,0,0,35–49,Q2,Master,Children at home,Partnered
2118,10067,1336,5,XGBoost,0,0.012055033817887306,0,0,0,35–49,Q1,2n Cycle,Children at home,Partnered
2119,7532,904,2,Logistic Regression,0,0.2646834513011378,0,0,0,Under 35,Q2,Graduation,Children at home,Partnered
2120,4915,700,2,Logistic Regression,0,0.024112367746975068,0,0,0,50–64,Q3,2n Cycle,Children at home,Partnered
2121,2115,1882,4,XGBoost,0,0.0977138876914978,0,0,0,50–64,Q2,Graduation,Children at home,Partnered
2122,2088,1696,5,XGBoost,0,0.3223390579223633,0,0,0,35–49,Q4,Graduation,No children at home,Partnered
2123,2493,1833,5,XGBoost,0,0.016215266659855843,0,0,0,35–49,Q3,Graduation,Children at home,Partnered
2124,6292,1500,2,Logistic Regression,1,0.3819106955039772,0,0,0,Under 35,Q4,PhD,No children at home,Partnered
2125,1631,1259,1,Logistic Regression,1,0.969703408204794,1,1,1,35–49,Q3,PhD,No children at home,Partnered
2126,10104,1572,5,XGBoost,0,0.003743179142475128,0,0,0,35–49,Q1,Graduation,Children at home,Partnered
2127,3006,1576,4,XGBoost,0,0.042095255106687546,0,0,0,35–49,Q1,Graduation,Children at home,Not partnered
2128,3919,1335,4,XGBoost,1,0.8446621298789978,1,1,1,35–49,Q4,Master,No children at home,Not partnered
2129,11181,2025,5,XGBoost,0,0.009028811939060688,0,0,0,65+,Q4,PhD,No children at home,Partnered
2130,642,1890,2,Logistic Regression,0,0.15708698461835358,0,0,0,Under 35,Q1,Basic,Children at home,Partnered
2131,4369,1914,4,XGBoost,0,0.3962715268135071,0,0,0,50–64,Q3,Master,No children at home,Unknown
2132,10127,132,1,Logistic Regression,0,0.034366117010191884,0,0,0,35–49,Q3,Graduation,Children at home,Partnered
2133,271,423,5,XGBoost,0,0.7070295214653015,1,1,1,35–49,Q2,Graduation,Children at home,Not partnered
2134,4973,1609,3,SVM RBF,0,0.008035536237687248,0,0,0,35–49,Q1,Graduation,Children at home,Not partnered
2135,2948,1617,1,Logistic Regression,0,0.006220947381557473,0,0,0,50–64,Q3,Master,Children at home,Not partnered
2136,2715,1778,5,XGBoost,1,0.9722912311553955,1,1,1,35–49,Q1,Master,Children at home,Not partnered
2137,10432,137,1,Logistic Regression,0,0.18934391951397841,0,0,0,35–49,Q1,Graduation,Children at home,Not partnered
2138,9216,916,2,Logistic Regression,0,0.045704708046198264,0,0,0,35–49,Q2,Graduation,Children at home,Partnered
2139,7124,616,2,Logistic Regression,0,0.17796999179632994,0,0,0,35–49,Q2,Graduation,Children at home,Not partnered
2140,9727,1041,1,Logistic Regression,0,0.14623462550783686,0,0,0,50–64,Q1,Graduation,No children at home,Partnered
2141,5136,642,2,Logistic Regression,0,0.6587949848500008,1,0,1,35–49,Q3,Graduation,Children at home,Not partnered
2142,9790,1583,1,Logistic Regression,1,0.9430872912843731,1,1,1,50–64,Q4,Graduation,No children at home,Not partnered
2143,1818,1619,1,Logistic Regression,0,0.11839868034823574,0,0,0,35–49,Q1,PhD,Children at home,Partnered
2144,1100,860,5,XGBoost,0,0.05596359446644783,0,0,0,50–64,Q2,Master,Children at home,Partnered
2145,7873,1521,5,XGBoost,0,0.04055585712194443,0,0,0,35–49,Q3,PhD,Children at home,Partnered
2146,10609,1077,5,XGBoost,0,0.011955796740949154,0,0,0,50–64,Q2,PhD,Children at home,Partnered
2147,6950,1070,1,Logistic Regression,0,0.10945917524633565,0,0,0,50–64,Q2,Master,Children at home,Partnered
2148,7233,399,5,XGBoost,0,0.9465298056602478,1,1,1,35–49,Q4,Graduation,No children at home,Partnered
2149,9481,1938,3,SVM RBF,0,0.01075018796835571,0,0,0,35–49,Q1,Graduation,Children at home,Partnered
2150,7699,423,5,XGBoost,0,0.7070295214653015,1,1,1,35–49,Q2,Graduation,Children at home,Not partnered
2151,2711,1005,1,Logistic Regression,0,0.19296141419487692,0,0,0,35–49,Q1,Master,Children at home,Partnered
2152,8933,608,5,XGBoost,0,0.04252004623413086,0,0,0,Under 35,Q1,2n Cycle,Children at home,Partnered
2153,8726,458,4,XGBoost,0,0.13579633831977844,0,0,0,50–64,Q2,2n Cycle,Children at home,Not partnered
2154,1515,76,1,Logistic Regression,0,0.022508030566745805,0,0,0,35–49,Q1,Master,Children at home,Partnered
2155,5186,1284,5,XGBoost,0,0.042102664709091187,0,0,0,50–64,Q3,PhD,Children at home,Partnered
2156,10157,1183,3,SVM RBF,0,0.001923309210480189,0,0,0,35–49,Q3,Graduation,Children at home,Not partnered
2157,5667,1325,4,XGBoost,1,0.3502667248249054,0,0,0,50–64,Q3,PhD,Children at home,Partnered
2158,902,1505,1,Logistic Regression,0,0.004652243691192182,0,0,0,Under 35,Q3,Graduation,Children at home,Partnered
2159,977,985,3,SVM RBF,0,0.060848923374897224,0,0,0,50–64,Q2,Graduation,Children at home,Partnered
2160,7313,852,4,XGBoost,0,0.8518685102462769,1,1,1,65+,Q4,2n Cycle,No children at home,Not partnered
2161,7600,1569,2,Logistic Regression,0,0.20063745829658322,0,0,0,Under 35,Q1,Basic,Children at home,Not partnered
2162,9706,806,2,Logistic Regression,0,0.0608006359749356,0,0,0,35–49,Q1,PhD,Children at home,Not partnered
2163,2429,1842,3,SVM RBF,0,0.21390294454741077,0,0,0,50–64,Q4,Graduation,Children at home,Not partnered
2164,3520,830,3,SVM RBF,1,0.7355478102768254,0,1,1,Under 35,Q4,Master,No children at home,Not partnered
2165,10394,22,1,Logistic Regression,0,0.8661845301309958,0,1,1,Under 35,Q4,Graduation,No children at home,Partnered
2166,4548,785,5,XGBoost,0,0.014927868731319904,0,0,0,Under 35,Q2,Graduation,Children at home,Not partnered
2167,9362,47,4,XGBoost,0,0.6650996804237366,1,1,1,35–49,Q4,Graduation,Children at home,Not partnered
2168,3968,1773,5,XGBoost,1,0.7840219140052795,1,1,1,35–49,Q3,2n Cycle,No children at home,Not partnered
2169,4084,1529,2,Logistic Regression,0,0.009495085900364979,0,0,0,35–49,Q3,Graduation,Children at home,Partnered
2170,6721,1340,1,Logistic Regression,0,0.22027518691366055,0,0,0,50–64,Q4,Graduation,Children at home,Partnered
2171,2829,309,5,XGBoost,0,0.40746384859085083,0,0,0,50–64,Q3,Graduation,Children at home,Partnered
2172,1772,798,2,Logistic Regression,1,0.9884592237342608,1,1,1,35–49,Q4,PhD,No children at home,Partnered
2173,1544,635,1,Logistic Regression,0,0.3222643913748687,0,0,0,35–49,Q4,Master,No children at home,Not partnered
2174,492,1543,1,Logistic Regression,0,0.9997647475067478,1,1,1,35–49,Q2,PhD,Children at home,Unknown
2175,4377,872,2,Logistic Regression,0,0.8370192788935341,1,1,1,35–49,Q3,Graduation,Children at home,Partnered
2176,4541,293,4,XGBoost,0,0.05128096789121628,0,0,0,50–64,Q2,Graduation,Children at home,Partnered
2177,1321,1508,4,XGBoost,0,0.115130715072155,0,0,0,35–49,Q1,Graduation,Children at home,Partnered
2178,8858,452,4,XGBoost,0,0.4187503457069397,0,0,0,35–49,Q2,PhD,Children at home,Partnered
2179,3266,1825,3,SVM RBF,0,0.0003240483979208737,0,0,0,50–64,Q2,Graduation,No children at home,Partnered
2180,11187,358,4,XGBoost,0,0.31523796916007996,0,0,0,35–49,Q1,Basic,Children at home,Not partnered
2181,8207,510,1,Logistic Regression,0,0.0036317970473698424,0,0,0,50–64,Q3,2n Cycle,Children at home,Partnered
2182,9723,2003,4,XGBoost,0,0.6796712279319763,1,1,1,50–64,Q3,Graduation,Children at home,Partnered
2183,2666,941,2,Logistic Regression,0,0.08497692894214197,0,0,0,35–49,Q4,Master,Children at home,Partnered
2184,5721,1174,4,XGBoost,0,0.44414737820625305,0,0,0,50–64,Q4,PhD,No children at home,Partnered
2185,10652,1592,3,SVM RBF,0,0.04577439246617959,0,0,0,50–64,Q3,Master,No children at home,Partnered
2186,1646,101,1,Logistic Regression,0,1.2059922689409279e-05,0,0,0,35–49,Q1,Basic,Children at home,Partnered
2187,4418,558,5,XGBoost,1,0.41086992621421814,0,0,0,Under 35,Q4,Master,No children at home,Not partnered
2188,2656,357,2,Logistic Regression,0,0.10191816878692947,0,0,0,35–49,Q2,Graduation,Children at home,Not partnered
2189,7990,1010,3,SVM RBF,0,0.09663543630425162,0,0,0,65+,Q1,Graduation,No children at home,Partnered
2190,8722,1425,2,Logistic Regression,1,0.9690388154422382,1,1,1,50–64,Q4,2n Cycle,No children at home,Partnered
2191,7118,721,3,SVM RBF,1,0.4445277444476427,1,0,1,50–64,Q4,Graduation,Children at home,Partnered
2192,2980,1480,1,Logistic Regression,0,0.7018581300493439,0,0,1,50–64,Q1,Master,Children at home,Not partnered
2193,1839,938,3,SVM RBF,0,0.020936971213927253,0,0,0,35–49,Q2,Graduation,No children at home,Not partnered
2194,10722,1581,4,XGBoost,0,0.4241630434989929,0,0,0,35–49,Q3,Graduation,Children at home,Partnered
2195,2632,1891,5,XGBoost,1,0.7180237770080566,1,1,1,50–64,Q2,Graduation,Children at home,Partnered
2196,9014,988,2,Logistic Regression,0,0.028579864353020356,0,0,0,35–49,Q2,Graduation,Children at home,Partnered
2197,7620,387,5,XGBoost,0,0.020019231364130974,0,0,0,Under 35,Q1,Basic,Children at home,Not partnered
2198,10968,1395,5,XGBoost,0,0.803675651550293,1,1,1,35–49,Q3,Graduation,Children at home,Not partnered
2199,11133,1543,1,Logistic Regression,1,0.9997647475067478,1,1,1,35–49,Q2,PhD,Children at home,Unknown
2200,2736,1278,4,XGBoost,0,0.07999992370605469,0,0,0,35–49,Q4,Graduation,Children at home,Partnered
2201,1876,1432,2,Logistic Regression,0,0.19964102188016386,0,0,0,Under 35,Q1,Graduation,No children at home,Partnered
2202,5959,1733,1,Logistic Regression,0,0.18009137655326718,0,0,0,35–49,Q2,Graduation,Children at home,Not partnered
2203,1092,1000,2,Logistic Regression,0,0.8020073496212822,1,1,1,Under 35,Q3,Graduation,Children at home,Partnered
2204,4333,1870,5,XGBoost,0,0.024394992738962173,0,0,0,50–64,Q1,Graduation,Children at home,Partnered
2205,3850,614,3,SVM RBF,0,0.012255987672238929,0,0,0,50–64,Q1,Basic,Children at home,Partnered
2206,6168,295,5,XGBoost,0,0.10034894198179245,0,0,0,50–64,Q2,Graduation,Children at home,Not partnered
2207,607,1217,2,Logistic Regression,0,0.5383652606908006,1,0,0,50–64,Q2,2n Cycle,Children at home,Not partnered
2208,10469,1846,1,Logistic Regression,0,0.08646251203120055,0,0,0,Under 35,Q4,Graduation,No children at home,Partnered
2209,6983,1487,5,XGBoost,0,0.04613428935408592,0,0,0,50–64,Q2,Master,Children at home,Not partnered
2210,3661,970,4,XGBoost,0,0.6824844479560852,0,1,1,Under 35,Q4,2n Cycle,No children at home,Not partnered
2211,9303,1665,2,Logistic Regression,0,0.6402521841344987,1,0,1,35–49,Q1,Graduation,Children at home,Partnered
2212,692,1785,1,Logistic Regression,0,0.06004653170098472,0,0,0,50–64,Q2,Graduation,Children at home,Partnered
2213,736,1206,3,SVM RBF,0,0.04017242465910496,0,0,0,Under 35,Q1,Graduation,Children at home,Partnered
2214,9589,1737,5,XGBoost,0,0.2236798256635666,0,0,0,65+,Q4,PhD,No children at home,Not partnered
2215,4838,1194,2,Logistic Regression,0,0.2175270455480414,0,0,0,35–49,Q1,Graduation,Children at home,Partnered
2216,9246,974,2,Logistic Regression,0,0.21320555365708926,0,0,0,Under 35,Q2,Master,Children at home,Partnered
2217,6261,588,2,Logistic Regression,0,0.002794197098992585,0,0,0,35–49,Q3,Graduation,Children at home,Partnered
2218,7366,1841,2,Logistic Regression,1,0.9747651606003451,1,1,1,Under 35,Q4,Master,No children at home,Not partnered
2219,10659,1234,1,Logistic Regression,0,0.5974557897894657,0,0,0,35–49,Q1,2n Cycle,Children at home,Partnered
2220,1448,1649,3,SVM RBF,0,0.008911397426777273,0,0,0,50–64,Q1,Master,Children at home,Partnered
2221,4286,166,5,XGBoost,0,0.5777739882469177,1,0,1,35–49,Q3,PhD,Children at home,Not partnered
2222,4749,623,4,XGBoost,0,0.383545845746994,0,0,0,35–49,Q3,Graduation,Children at home,Partnered
2223,4478,849,4,XGBoost,0,0.12807323038578033,0,0,0,35–49,Q3,Graduation,Children at home,Partnered
2224,4201,1166,2,Logistic Regression,0,0.4393826504652125,0,0,0,50–64,Q3,Graduation,Children at home,Not partnered
2225,8720,1559,2,Logistic Regression,0,0.9289262908432062,1,1,1,35–49,Unknown,2n Cycle,No children at home,Partnered
2226,10084,75,3,SVM RBF,0,0.021261511138744214,0,0,0,35–49,Q1,Graduation,Children at home,Partnered
2227,7004,1716,1,Logistic Regression,0,0.860645267773485,1,1,1,Under 35,Q1,Graduation,Children at home,Not partnered
2228,9817,1440,5,XGBoost,0,0.417146772146225,0,0,0,35–49,Q2,Master,No children at home,Not partnered
2229,8080,1448,1,Logistic Regression,0,0.26748456575123675,0,0,0,Under 35,Q1,Graduation,No children at home,Not partnered
2230,8372,545,2,Logistic Regression,0,0.04927402028947427,0,0,0,35–49,Q1,Graduation,Children at home,Partnered
2231,10870,666,3,SVM RBF,0,0.06064196646702796,0,0,0,35–49,Q3,Graduation,Children at home,Partnered
2232,4001,621,1,Logistic Regression,0,0.19548922303023453,0,0,0,65+,Q3,PhD,Children at home,Partnered
2233,7270,512,3,SVM RBF,0,0.005554676900655057,0,0,0,Under 35,Q3,Graduation,No children at home,Not partnered
2234,8235,362,2,Logistic Regression,0,0.12366871579433825,0,0,0,50–64,Q4,Master,Children at home,Partnered
2235,9405,717,2,Logistic Regression,1,0.5684198221046962,1,0,0,50–64,Q3,PhD,Children at home,Partnered
