Source_Row_Index,ID,Selected_Cluster,Alternative_K3_Cluster,PC1,PC2
0,5524,0,2,2.1716117510383617,0.7537942338569779
1,2174,1,1,-1.290825319167017,-0.27533775352504636
2,4141,0,0,1.3517983125299577,0.43293490504736204
3,6182,1,1,-2.081460917078548,-1.7018780169530077
4,5324,0,0,0.300249168131126,0.4847689896711448
5,7446,0,0,0.9049953988820313,1.4605064210045722
6,965,0,0,0.29348744801362875,1.0708554798819547
7,6177,1,1,-1.742048070554874,-0.031185352186331002
8,4855,1,1,-2.406244552283162,-1.080109461025279
9,5899,1,1,-6.096350215082871,1.6992577936783222
10,1994,1,1,-2.268394593272408,-1.7922200274668791
11,387,1,1,-3.131446771100691,-1.8910100697904522
12,2125,0,2,2.503674370783739,-1.9341015190763249
13,8180,1,0,-0.575649274476752,2.5385772123729606
14,2569,1,1,-2.3898057978784464,-2.9330962709139636
15,2114,0,2,2.706914684698442,1.3420105956704427
16,9736,1,1,-2.3766917574223014,1.245310776879529
17,4939,1,0,-0.25563022251074713,0.4928399943933152
18,6565,0,0,1.5643929249904327,1.756276363215794
19,2278,1,1,-1.3957589510784905,-1.0376503687077756
20,9360,1,1,-0.22796541785156707,-0.887412192142288
21,5376,0,2,2.4378633571730752,-3.276209933912915
22,1993,0,0,0.9149337743371484,2.2878770753047037
23,4047,0,0,0.799402257360927,1.6093143373891108
24,1409,1,0,-0.9077005271154803,3.139961246095131
25,7892,1,1,-1.4388534773349209,-1.73624338086497
26,2404,1,0,-1.2633354317704666,2.2884545308118067
27,5255,0,0,0.07328723093092156,0.18410050139390813
28,9422,1,1,-0.5593725136427354,-1.4970362782978046
29,1966,0,2,3.5001149204808004,-1.278318312646306
30,6864,1,1,-2.770947700965262,-2.184982925761347
31,3033,0,2,1.6384935046436677,-1.0887155466995397
32,5710,1,0,-0.6917896874480411,1.2756415316738325
33,7373,1,0,-0.8049148737013163,1.495283391763927
34,8755,0,2,2.1359523515647774,-0.3770491160443469
35,10738,1,1,-1.7032216357278478,0.5822392271738369
36,4339,0,0,1.9649377671421946,1.4026604463402566
37,10755,1,1,-2.122230993155718,-0.3676907077782875
38,8595,1,1,-0.7534946072892383,0.20562934845829772
39,2968,0,2,2.1421306705907917,0.9004793067814955
40,8601,0,2,1.6526552197004756,-0.037199331327810906
41,503,1,1,-2.483020053342022,-1.770115373428531
42,8430,1,1,-1.9806730269596615,-1.9269580997997806
43,7281,0,2,1.7561742009584584,-1.6945164506548362
44,2139,1,1,-3.4333462280201132,-1.647788987372459
45,1371,0,2,2.6977313103972347,-2.980871018770492
46,9909,1,1,-2.8956651155324544,-1.290321661607876
47,7286,1,1,-2.327475517464323,-0.5762359751212727
48,7244,1,1,-1.1469638676879743,0.6440126070994378
49,6566,0,0,0.2977124475049038,3.0519674015051685
50,8614,0,2,1.4091558017411734,-0.5053033196746936
51,4114,0,2,3.1655587671630148,-0.9178337460754753
52,1331,1,1,-2.067476536401413,-0.8384436082922468
53,2225,0,2,3.6345426015257982,-2.125568601768425
54,9381,0,0,0.37515331533727825,1.506791406262239
55,6260,0,2,3.993455652562736,-0.5022129647393117
56,10383,0,2,2.39160203733113,-1.3437010530828315
57,7437,1,1,-1.6428476698465881,-2.302903248347011
58,8557,1,1,-1.6246518325075645,-1.4343780626636524
59,8375,0,0,-0.10297343159098303,2.4780751504476637
60,6853,0,2,3.244980486788901,-1.6439871781162623
61,3076,0,0,0.6202588597702824,1.7158757622317826
62,1012,0,0,0.4263230400201216,2.3895634893298703
63,6518,0,0,1.0133398492613435,2.0795597247123934
64,4137,0,2,1.8770838689053775,-0.06416320743603388
65,8082,1,1,-1.7804193688189085,-1.8462385815175653
66,1386,1,1,-3.017585184300873,0.4187295994152908
67,9369,0,2,2.0424821016759944,0.38224780631440197
68,4477,0,2,1.029102886946854,0.026127425453780977
69,1357,0,0,0.9911915330486454,1.8305353504580262
70,1402,0,2,2.832315630123284,-0.04938575944907831
71,10629,1,1,-1.675925212761822,-0.0913677940793615
72,6312,0,0,0.6908575500072174,1.2002316561994202
73,8132,0,0,-0.3458421864464874,3.247005955384701
74,1050,1,1,-0.11898260310913296,-1.9565244355847715
75,5846,1,1,-2.2838237978627394,-2.3589289893958134
76,1859,0,2,2.3065752664683057,-0.6955733350065013
77,7503,0,2,2.970390014089418,-1.301519948563714
78,10401,1,1,-1.489560304043657,-3.7512812049334876
79,1618,0,0,0.25642756319669074,2.222351658685465
80,3332,1,1,-1.3561863194781871,-0.21360890737711846
81,2261,1,1,-2.74919206641985,-1.662775449564701
82,5346,1,1,-2.406934963626405,0.047616037520927135
83,4119,0,2,1.6384935046436677,-1.0887155466995397
84,535,0,2,3.564725204389872,-3.0384476153522293
85,5268,1,1,-2.2212832550653694,-0.42940942487736655
86,273,1,0,-1.543618701266974,2.364123448783021
87,4452,1,0,-0.4892924984164764,2.1937063758950073
88,8504,0,2,2.823773956131897,-1.8957626007072161
89,771,0,2,0.9014643711239159,-0.4745219912955448
90,8996,1,0,-1.0638238020416122,3.1015406512783823
91,9235,1,1,-2.267969107666297,-1.2784115154320872
92,5798,0,2,2.6353088092896573,-1.94981304498201
93,11178,1,1,-1.8108022740128429,-1.396560083001081
94,2230,1,1,-1.5590357251302116,-0.25110472508200526
95,7516,1,1,-2.302092350148833,-1.9802615377093489
96,7247,0,0,0.3746864703718408,2.940691684884189
97,11100,1,0,-2.0512297830202826,1.4991236466284843
98,4646,0,2,3.0994957199640694,-1.5028512761571768
99,3037,0,0,0.38526543874902974,-0.5010485868089535
100,1473,1,0,-1.7684497413217841,1.3420466640709339
101,1016,1,1,-1.8577852095119485,0.7700467134818928
102,4518,0,0,1.279045894135708,0.7243169913484373
103,9370,0,2,1.7527467836182702,0.4546333402756498
104,8908,0,2,4.3353735480003355,-2.832586011440339
105,8373,1,1,-2.374124402071213,-2.3610777536608647
106,7533,1,0,-1.1864301750933326,2.2712133550586366
107,2683,0,0,0.37680087158439207,1.0661541518813156
108,3629,1,1,-1.179698468257817,0.3495010456640246
109,10991,0,2,2.3050614084141987,0.2784446559150113
110,5077,0,2,1.9738688838623077,-0.503211825361766
111,7431,0,0,1.0951095931070811,0.8126790816159534
112,3267,0,0,-0.058631563626754736,2.0761048473856887
113,999,0,2,2.3882808529803,-0.22184445116498258
114,9215,0,0,0.08453894744640252,1.760855816300341
115,2286,1,0,-1.0687480559351599,0.8080827400549794
116,1592,0,2,3.6666829387513036,-2.5668538020280933
117,367,1,0,-1.3157490459306265,1.2358086861774122
118,5234,1,1,-1.3552709144508497,-1.1581210204071268
119,9862,1,1,-2.659509579877314,-1.236054734585998
120,9805,0,0,0.7022006561755081,1.4166656247799927
121,6205,1,1,-1.0452853736012535,-0.5986566707602772
122,8442,1,1,-3.198158840332059,-1.0749083406481161
123,7386,1,1,-2.011271602198411,-1.4820820516039626
124,7215,0,2,3.1461530835307716,-0.6345991151246759
125,1491,0,2,2.4299425418482667,-0.9999594173763294
126,11071,0,2,3.4057069424034823,-2.4712435573145677
127,3381,1,1,-1.4072461596972223,1.0385013602065323
128,8268,0,0,-0.20828002198989265,2.4384300383899307
129,11051,0,0,0.7966214791961447,2.1169427956666476
130,8026,0,0,0.6437203403810019,1.2563114499874966
131,433,1,0,-0.7014165240830676,4.066330586606958
132,9597,0,2,1.2777192413714225,-0.5733593955863989
133,1295,0,2,1.2531741943090795,-0.2540035590848732
134,5290,1,0,-1.308286055548545,2.81111207384625
135,1685,0,2,2.5386393872918593,-0.8166746606946064
136,5342,1,1,-3.6753249770696548,-1.5487719184663788
137,9579,1,0,-1.4632181732612322,1.036981965886406
138,7660,1,1,-1.6067819864962372,-0.8733357662653803
139,1461,1,1,-2.3561630934308706,0.1126656122475972
140,821,0,2,2.7863825197028986,-1.436146456227652
141,11084,0,0,1.25017403797126,0.7059748784069181
142,8690,0,2,3.3113213204773104,-1.6241821553557645
143,2937,0,0,0.9834300062703053,1.7477677270388563
144,9701,1,1,-0.933355529869538,0.007019022189779326
145,9949,0,0,0.09864095154050738,1.7223834833179947
146,10837,1,1,-2.2683697908399556,-1.6032978785685266
147,3120,1,1,-2.3830433993021134,-2.08080884628193
148,5885,1,0,-1.9626074069214454,1.461921167701091
149,4050,1,1,0.24063285040969093,-1.974060113958323
150,3830,0,0,1.059991225409108,0.6631372608951525
151,7987,0,0,-0.18905758018894464,2.3152832280834277
152,7798,1,0,-0.7759957374195918,1.9427443423752462
153,92,1,1,-2.092136432944591,-1.038091100898224
154,7055,0,0,1.3608033892381977,2.515310877962435
155,10240,0,0,1.8868416197669664,1.4219037912877717
156,3025,1,0,-0.48916849314619415,1.8519497786559158
157,9283,1,1,-1.8836969586388024,-1.7532515477520194
158,9970,0,2,0.4952027912553787,-2.180890527016025
159,2730,0,2,3.1107700416245603,-1.0671780368920003
160,2795,1,1,-3.383468479677981,-0.12001466091421942
161,9260,0,0,2.0183552705083914,2.236445152928412
162,8182,1,1,-2.1495682589627485,-0.3054645303405094
163,10095,0,2,2.4276976424060863,0.09763888634506374
164,8475,0,2,6.30993067673169,-2.563525145987652
165,4370,1,1,-2.179898876547545,0.056956736068046056
166,10573,0,2,2.137835785271662,-0.5552827911293825
167,3712,0,0,0.9279491844311153,0.3753601033066261
168,6637,0,2,2.471683923557877,-2.117122164092074
169,3152,1,1,-1.7005756531448917,-0.1765951088152511
170,5610,1,1,-2.538645079738775,-1.0422748903232475
171,6460,1,1,-2.5975327757275926,-0.4911037460743322
172,1349,1,1,-1.1251999460899342,0.454253261132584
173,1880,1,0,-0.9352257309690829,1.6285903456017006
174,641,1,1,0.042740002397856275,-0.38845842462676283
175,8717,0,0,1.9537234656254812,1.0331472609755359
176,10314,0,2,2.840484182614595,1.343778274422269
177,10854,1,1,-2.251370611641581,0.09949592432084206
178,10492,1,1,-1.8529056917769209,-3.2857819727243953
179,6935,0,2,3.0994957199640694,-1.5028512761571768
180,7698,1,0,-0.45113040069408805,0.5288310306264704
181,3559,1,1,-2.2764642985590293,-1.2976298769340742
182,10562,0,2,2.494289189417406,0.2758416110894092
183,10796,1,1,-1.2460484735029198,-0.6017330280907662
184,2563,1,1,-1.8812646431959825,-2.065786180585837
185,3518,1,1,-1.7384599474883455,-2.021422442014782
186,5823,1,1,-1.6996042606402841,0.3802461703992911
187,3934,0,0,0.24595173368578882,1.270394871933819
188,6982,0,2,3.3903102794005635,-1.0585938682442342
189,6431,1,1,-2.0020288990181387,0.8474887306669285
190,9733,1,1,-1.5694572850854855,-1.7620260120301954
191,5602,0,2,2.324093583730725,-1.1403769671822306
192,1324,1,1,-2.148093152802082,-0.38771999402249024
193,326,1,0,-0.8476966161239842,2.256254468848862
194,7224,1,1,-2.04956936513028,-1.002213837017879
195,6999,0,2,1.7374260612263461,0.08640713039834351
196,9938,0,2,3.2681718829045825,-1.431183311270488
197,6422,0,2,3.0127287654348427,-0.9133000564760636
198,3182,1,0,-1.547168752489236,1.3944443977642218
199,7300,0,0,0.2272500091549875,1.9828039919271154
200,10424,0,2,2.888216275991243,-2.0503127991556074
201,8727,0,0,1.0727726413806842,1.0793692086891034
202,2798,0,2,2.874447227500073,-0.1786942638745413
203,1030,1,1,-2.120580668583322,-0.11248806582190796
204,624,1,1,-1.3414579014542967,-2.634885235327344
205,5176,1,1,-2.464168301461347,-2.034812503638417
206,5552,1,0,-0.5581544180798891,0.9133651184736263
207,868,1,1,-1.5210455146544128,0.27555568214146436
208,380,0,0,0.7965695045171268,2.9996967911908445
209,2677,1,0,-0.21651266480155343,0.4624118210378941
210,6521,0,2,3.3033412668552713,-0.8063688020948403
211,6927,1,0,-1.36098117391388,3.3625720461078266
212,2877,1,0,-1.0043224460859563,3.3909662268665133
213,0,0,2,2.7649939473866847,-2.572721574684052
214,1584,1,0,-0.9251920285732038,1.0010797468047006
215,7264,1,1,-3.0287373477161728,0.038861729208338254
216,6274,0,2,3.2968687915767068,0.5793224204118229
217,1377,1,0,-0.5532176419119148,1.4550143680529168
218,454,0,0,0.9191884472746025,1.798684830707609
219,1755,1,1,-0.3136222558256351,-2.2125398400120133
220,2075,0,2,3.164802794999454,-2.1771510554505586
221,4785,0,0,1.0345782475798788,1.135706673203127
222,9076,1,0,-1.4145145249011237,1.7959731127216176
223,7079,0,0,1.2391487918348647,2.533929130344858
224,4653,1,0,-1.177566688160592,1.5330373963148622
225,7375,1,0,-0.40869487331698406,1.5479727039957072
226,709,0,0,0.6509912734592957,1.6041148472939282
227,460,0,2,3.0168541400201483,-1.296389232120595
228,3726,1,1,-2.5442694702075546,-2.678817115295214
229,6798,1,0,-0.9997169921781532,2.0628937376545613
230,5341,0,0,0.9262498393069882,1.632853645887122
231,1606,1,1,-2.421094770102835,-1.854378293740139
232,9617,1,1,-1.9372417717494501,-2.976171643917987
233,3233,0,2,1.8507497833313977,0.5914025612953288
234,89,1,1,-2.192800909078364,-1.5123088684333796
235,2936,1,1,-2.48588188983583,-0.6783113352786144
236,9449,0,0,1.447094551946452,0.639119985682789
237,7297,1,1,-3.0879905396365768,-0.6705894005557909
238,313,0,2,2.5740349758283063,-0.7460032338004589
239,9940,0,0,1.4469321359236873,0.5716619977053875
240,10735,1,1,-2.88963337405131,-0.3797059174275964
241,9529,0,2,3.1312973357149625,-1.8126534174864053
242,6439,0,0,0.69737256869144,3.323758505425386
243,7411,1,1,-2.512295520650144,-0.494882688556673
244,2176,0,0,1.0941530133084285,1.5245855211753332
245,9265,0,0,1.2721446516437278,2.215831116207875
246,8867,0,2,3.1723228535841383,-1.3393627005666007
247,8932,0,0,1.1071950477712986,2.3039623940028657
248,10236,1,1,-2.159117413224215,-1.0405146167133326
249,6340,1,1,-2.441181502636731,-1.9384632509103756
250,10089,0,2,3.239676800629973,-1.6366680765632293
251,2227,1,1,-0.5646090054501346,-0.6346080966927832
252,10992,0,0,1.0181081325954255,1.8219224549555773
253,5304,1,1,-2.0213110779457124,-0.19019800423906782
254,309,0,0,0.6249675610637357,2.7559058299950507
255,3406,0,0,0.4749316840173629,0.29572072760025897
256,2661,1,1,-2.8651110840464984,0.5735829128541077
257,3153,1,1,-3.039677243940644,0.5073911189148016
258,10264,1,1,-2.324975850336628,-1.9466727781322757
259,1184,0,0,0.3562801702249711,2.1016715307503353
260,4200,1,0,-0.430413377078713,0.4888114609841919
261,9396,1,1,-2.590227165738339,-1.067995850242167
262,2387,1,0,-0.8824868764645051,2.6148450105491103
263,6690,1,0,-1.7317996040963952,1.0858020067574758
264,1225,0,2,3.429161277052779,-2.007724327854802
265,9703,1,0,-1.18263163292074,1.255481834423697
266,291,0,2,2.411838134282013,-1.8254762887814202
267,4557,1,1,-1.2159630624304858,-1.2337776630558168
268,2379,0,2,1.8339111751356731,0.37919616753761465
269,5726,1,1,-1.847744327643277,-1.0721763059216665
270,3066,0,0,0.05920790219945766,0.7802468124799917
271,6336,1,1,-2.3629975155926735,-0.03228482749827985
272,10967,1,1,-1.9804018057948267,0.024081046885613477
273,2304,0,0,1.2357225621164574,1.5520488465659803
274,3445,0,2,1.4549913081141133,0.14196485650063484
275,7828,0,2,2.405115678385455,-3.048652592224938
276,3762,0,2,2.9141873580213686,-2.847774346073876
277,4391,0,0,0.7658193352224205,1.5213220291356742
278,4669,1,1,-2.454770573754407,-0.2735604432127913
279,10144,1,0,-0.40869487331698406,1.5479727039957072
280,8652,1,0,-0.25563022251074713,0.4928399943933152
281,1672,0,2,0.9358340723361115,-0.8052185896199884
282,8962,1,1,-2.1074543549520994,0.3621594723566219
283,9974,1,1,-1.6161464632161333,-0.9195494398290466
284,10983,0,2,2.0734105559592684,-0.2648165613995395
285,8148,0,0,0.020610824526306384,2.3053080642389556
286,10102,0,2,3.3185680467356584,-1.5190773898645387
287,4697,1,0,-0.35732972974562077,1.689674249218306
288,9262,1,1,-1.8625858460363767,-1.4043061762703293
289,7254,1,1,-1.081973642819195,-0.4267619171769847
290,4543,0,2,2.8225633614585903,-1.0845115357959187
291,4927,1,1,-3.3044387907043475,-0.27617861871754323
292,10451,1,1,-2.443940528959172,-1.2051870735047856
293,2926,0,0,1.393226936679701,2.5434885652986625
294,2874,1,1,-2.312442344552327,-1.823866633477613
295,9738,1,1,-1.8664955591655448,0.3799198130128859
296,7119,0,2,2.4548359517511935,-1.7246646988015304
297,3924,0,0,0.744040632088893,2.531248543257946
298,5827,1,0,-1.5986185357397469,1.1729552434327737
299,5596,0,0,0.6403507227715796,1.4092909467301564
300,10812,1,1,-0.34202258330847873,-1.9222642049089305
301,1717,1,1,-1.1975427302293922,-0.2589298007906601
302,9491,1,1,-1.9425578855281003,-0.8801435443489373
303,9274,0,2,2.7844447407088904,0.03860089627248345
304,6609,1,1,-1.9120119935334665,-1.1527872289414958
305,6963,0,2,3.467665167999199,-1.0324123173120467
306,4440,0,0,0.49013378346996184,2.193090223038225
307,1379,0,0,0.22413966193673848,-0.5706512502141172
308,10032,1,1,-2.517220972077769,-0.9976461780366008
309,2826,1,1,-3.2024808974800254,1.0164613048577702
310,2437,0,2,2.0059692856413984,-0.8467201493087603
311,6320,0,2,2.539986865292586,-0.7198815752060754
312,3050,1,0,-0.5670874080560271,2.1471498702504097
313,231,1,1,-2.2731368664714604,0.7416925246982469
314,2392,1,1,-2.1999186072309103,0.7225473497193209
315,9478,0,2,0.8560991754952649,-0.8190031455955069
316,113,1,1,-2.26062208070217,-0.21552469603450647
317,2863,0,0,-0.15684699484400738,2.3943446598940827
318,1802,0,0,1.5195105255506351,0.559685570523959
319,520,1,1,-2.4877599310527745,-1.712771624984081
320,8275,1,1,-2.4973714505995943,0.43461403872636
321,9750,0,0,0.4693173556116401,2.388706297633362
322,2607,0,0,-0.2105217844758839,2.704616782497116
323,7214,0,2,2.8881212693316747,-0.016869654479933577
324,5835,1,1,-2.584106109957296,-1.0384832821768062
325,3896,1,1,-2.22727400263894,-1.3023850327545947
326,10350,1,1,-1.7553649789646413,1.2618317766087186
327,7786,1,1,-1.4294830727712677,-0.0690457858349685
328,2861,1,1,-2.8923420750862703,-1.433404414624046
329,663,1,1,-0.44578204993857135,-1.7889192668541283
330,10675,0,0,0.9505629891983852,2.238508772824235
331,2521,1,1,-1.2004223960796787,-0.9972781590112345
332,9592,1,1,-2.793778269014143,-0.8674677195658376
333,10151,0,2,1.473231761717014,0.07976805044752702
334,7381,0,0,1.714051274729547,0.7956394659601734
335,4099,1,1,-2.158580171995331,-1.5037884875417031
336,9560,0,2,2.683747811836407,-0.2044408155854477
337,10172,0,2,2.4869666426396506,-2.060827671240406
338,11191,1,1,-0.4892423105034785,-1.8679683076292648
339,9707,0,0,0.44252527664221303,2.435718430639085
340,6245,0,0,1.7227076351901267,1.1289341047229833
341,8234,1,1,-2.8237889321294953,-2.2902974863004575
342,1411,0,2,3.8953542452041456,-1.4704370458524347
343,8553,1,1,-1.980322293090024,0.49634658900155176
344,1826,0,2,2.703451206752645,-2.2315502529955804
345,8842,1,1,-2.691136700837378,0.21447674765040456
346,11030,1,1,-2.4709059483419016,-0.9762770356320325
347,2579,0,0,1.8757726231546032,1.1485862168028385
348,175,0,0,1.301856902958205,0.3061949301213659
349,9185,0,2,2.544143443453213,-0.7176301780930853
350,11056,0,2,2.8627966562155107,-1.4133552481848288
351,9365,0,0,0.3758967637625646,2.87861470539654
352,6201,1,1,-2.4081234932942537,-0.08969350892001736
353,2061,1,0,-0.9958126894860222,0.8891443370327224
354,6184,0,2,2.7947285875019574,-1.8596089882279445
355,6142,0,2,2.1518578334695126,0.5801962344668987
356,4107,0,0,0.8507841936259514,1.5104851867014673
357,7274,0,2,3.354118903401109,-0.9731906903272195
358,9336,0,0,0.7147059556384892,1.5381064183366175
359,2958,1,1,-1.700933181899584,-0.3598883099806996
360,933,1,1,-2.590227165738339,-1.067995850242167
361,5837,1,0,-0.2867131945717625,1.9937717039289464
362,10704,0,0,0.6042714263330339,1.1163638338564204
363,5125,0,2,3.693991916196115,-1.9968400558295256
364,4432,1,1,-2.1952119766017075,-1.5106814306544134
365,5955,0,2,2.190829997001167,-0.4300088431922508
366,2928,0,0,0.8757332598002704,1.0959189202268411
367,5680,1,1,-2.107575104141698,-1.895510142296572
368,10313,1,0,-1.4379867407698426,2.4442971398478517
369,2557,1,1,-1.2242489389052311,-1.7538416746618861
370,1245,0,0,0.8417527319454746,1.9038514899894092
371,1519,1,1,-2.397868162169688,0.9488028261496056
372,10703,1,0,-1.230005983333752,1.2428462819180157
373,1726,1,1,-1.4273000790038184,-1.9914643423957628
374,4459,1,1,-2.3205406284723398,-2.057531501643118
375,1729,0,0,1.4868237749234277,1.5393066995660951
376,1517,1,1,-2.1014141048863593,-1.8275426886559687
377,2098,1,1,-2.847779509893268,-0.20776355542647887
378,9543,1,1,-2.67400048309772,-2.9786128467906487
379,6878,1,1,-0.5422640737124622,-0.2807074892979279
380,3310,1,0,-1.9626074069214454,1.461921167701091
381,2724,1,1,-0.6904354966492827,-1.8093891781754603
382,948,1,1,-1.7938133327781656,-1.5122589578009735
383,6720,0,0,-0.21251013067592803,1.8673026169239928
384,6202,0,0,1.9314845815962047,1.1842923183153733
385,2066,1,0,-0.7327995763181946,0.6936493434362099
386,9799,0,0,0.8641476896359926,1.756871061827191
387,8318,0,2,3.4889036979557306,-2.5309887531695034
388,5642,0,0,0.07029299568706884,-0.02107829832650892
389,2669,0,2,2.0665618458671857,-1.7718117788428327
390,455,0,0,0.17759768381332286,0.06134450138991317
391,7683,0,0,1.3611509434279911,1.1133920633995713
392,3428,0,2,3.0977567892571294,-1.2634662322981915
393,7414,1,0,-1.4185331556269922,1.404336097436385
394,6354,1,1,-2.2353062034863003,-1.9924240008272156
395,798,1,1,-2.7087287284033477,-2.184370923776076
396,8213,1,1,-1.9201841714863948,-0.563946025147481
397,2488,1,1,-1.555060976787727,0.26419413803284886
398,9999,0,0,1.5846628391936004,0.9587825991737612
399,7617,1,1,-0.935572039000409,0.1852610606672963
400,615,1,1,-0.6016052750420962,-0.4030490304530854
401,2552,1,0,-0.6957635483477643,4.36294401660323
402,194,1,1,-1.8789772049996807,-0.7888358241200376
403,3645,1,1,-2.105420730666125,-0.5937627174843721
404,8890,1,0,-0.6796936075938489,0.9879836536612635
405,5049,1,1,-2.406244552283162,-1.080109461025279
406,9973,1,0,-0.5525987615536295,2.486389163986833
407,7301,1,1,-2.7192725146527366,-0.5220764328572085
408,10882,0,0,0.741094750958408,0.6507303298216518
409,7030,0,0,1.7292730647623475,2.629474964024041
410,7422,1,0,-0.7685413694347042,0.3522107130582484
411,3523,0,2,1.7867632241033677,0.5735875748337358
412,7106,0,2,3.467931732531182,-1.5891290032153977
413,6504,1,1,-1.9183217456150914,-0.9606511864817969
414,5067,0,2,2.4014431018327156,-0.6911322108698454
415,4216,0,2,2.746520499434373,0.22657805975899395
416,8581,1,0,-0.6943162968934093,3.755278624900923
417,5929,1,1,-1.9587206634856236,-1.0217913622293116
418,3129,1,1,-2.302092350148833,-1.9802615377093489
419,6528,1,1,-3.5076956305605367,-2.290156936546241
420,1361,0,2,2.8661409779042173,-0.06958039770662794
421,6932,0,2,4.044454755764512,-0.3220151349437637
422,7284,1,1,-2.7685568448301674,0.05893239718043544
423,1340,0,2,3.402445083133428,-2.173901651011434
424,8746,0,2,1.4982354782587066,-0.03447013577624938
425,5987,1,1,-2.9418262553332997,-2.754144478447334
426,3767,0,2,1.5763783145137582,0.2392267331731101
427,3725,0,2,2.5166731233262043,0.1871064795362575
428,4324,1,0,-0.7280418045837918,0.868014856036189
429,238,0,0,0.34178830814732525,3.3239605898405307
430,6694,0,2,1.531119780832832,-0.11356301179465854
431,498,1,1,-1.5315298645757633,-1.3945954709413444
432,9347,1,1,-1.237332889891609,-0.02957974559364843
433,9699,0,0,0.8764936858666521,0.5089205540473749
434,10664,1,0,-0.3985211235327278,2.9588202846124445
435,5455,1,0,-1.1335592105872343,1.0407460450810055
436,456,1,1,-3.907081961398995,-1.4579812478834024
437,5012,1,1,-2.4194958931048456,-2.4284937193862506
438,7495,0,0,0.06578934515668163,0.23045711637417415
439,5029,1,1,-1.988025311655874,-2.342727208828652
440,10642,1,1,-2.3205406284723398,-2.057531501643118
441,2106,1,1,-2.5200308223593892,-2.3253162189280787
442,10364,1,1,-2.7198517226209478,-1.6086932202627355
443,5954,1,1,-1.3359855852755853,0.16323642681545183
444,1137,0,2,3.1678849841310295,-1.6859799081567617
445,2541,1,1,-2.6262608781786287,-0.5853093398827588
446,1142,0,0,0.9455848351336231,0.2579496680814415
447,2276,0,2,2.019132610758407,0.7082161012402246
448,2807,0,0,1.3060702745511636,1.7838156573199528
449,6471,1,1,-1.324160488353923,-1.9872250120516488
450,6131,0,0,0.40508161514952595,-0.10506422983265032
451,6233,0,0,0.982529147497982,0.995435152292099
452,4148,1,0,-1.6647908712942705,2.2395466603310394
453,4947,0,2,2.8248632759880303,-0.8574699830237404
454,3225,1,0,-0.8043089339133562,0.4239222860735905
455,7540,0,2,0.7170644907337925,-0.39580043770813605
456,10648,0,2,2.4921119205896085,-1.279915456961458
457,1992,0,0,0.5825670175323779,0.7847749526323131
458,7851,0,2,3.277433776087793,-1.4757994188544443
459,8594,1,0,-0.7368895424213965,1.6399415539685112
460,7059,0,2,3.429161277052779,-2.007724327854802
461,2815,1,1,-2.0149114884160375,-0.7847768629528145
462,2416,0,2,3.6141786571446404,-1.4121984920168666
463,7999,0,2,3.022239345012306,0.3235654573560037
464,9213,1,1,-2.677089394332454,-1.5144546247499215
465,9697,0,0,-0.025864478535813196,1.946835037742517
466,3916,0,0,0.5153644974094933,1.733630615461829
467,2021,0,2,1.9758890395688289,0.593806256641563
468,1581,1,1,-2.537906724495612,-2.4789367305891328
469,564,0,0,0.8314929101990837,2.578622674691083
470,6619,1,1,-2.3022855325744764,-0.3441180764201273
471,9081,1,1,-1.9002624505973302,-2.740256344358663
472,178,0,0,0.8849513445476425,1.7685935870196718
473,916,1,1,-1.8622353755685368,-0.24302270862264927
474,5512,0,0,0.10013639313163453,1.1176403737151195
475,8970,0,0,0.23931031635962047,2.0784819231334235
476,10581,1,0,-0.5422941114870037,2.1829437226408475
477,5300,1,1,-1.290079835700697,-1.0959418513443384
478,5154,1,1,-1.7785684942788256,-0.5548759417990992
479,8346,1,0,-1.217547440868409,1.3328283053342913
480,1676,1,0,-0.223447820773872,1.4063099006334472
481,9286,0,2,2.921799703247674,0.21253714745407842
482,2426,0,2,2.8820429974933335,0.11508624284689489
483,5172,0,0,1.25017403797126,0.7059748784069181
484,5562,0,0,0.4584886318403969,1.3688389598431154
485,3436,1,1,-2.875890814724575,-1.3107904543485513
486,3921,1,1,-0.49580360205585117,-1.4335148501117685
487,3403,0,2,1.9906544471221315,0.7319516592945614
488,22,1,0,-0.6714109280415661,0.9434908232434471
489,10965,0,2,2.3255590725854014,0.23555639901423955
490,9426,0,0,1.3715113052137422,1.8984277542147234
491,6605,0,0,1.2195012485872436,1.4092420520245217
492,3136,0,0,1.0315232343490608,0.4326324193113035
493,8737,1,1,-1.1124941776761188,-0.6266397529639903
494,11088,0,2,2.432873149681093,0.9384733704738577
495,716,0,2,2.2022900139152335,0.4524392401316729
496,466,0,2,2.3835080123513257,-0.304083057124762
497,9135,1,1,-1.701109316619884,-0.4428047527167905
498,10623,1,1,-1.4069632797514937,0.2162977827282408
499,8151,1,1,-1.493598178336361,-1.0136824887254772
500,5140,0,0,0.7421262015266101,1.3187760930474544
501,10160,1,1,-1.237332889891609,-0.02957974559364843
502,4945,0,0,1.4285074872972403,1.5442746092289363
503,10584,0,2,2.4411083151630044,-1.3686649838745224
504,6071,0,2,3.2232218322310886,-1.7099368920889182
505,3386,1,1,-0.5701192748055435,-2.5057492508930923
506,8939,0,0,0.5474883727708948,2.052658979568643
507,9925,1,0,-0.6696753723143306,0.6677042292949104
508,4320,0,2,1.4570506256517874,-0.6779689279991185
509,5389,1,0,-0.5984897713139404,2.0436076465000825
510,6036,0,2,3.4377282221387837,-0.3442601471525286
511,182,1,0,-0.2914022334918422,2.5903615670277085
512,203,0,2,3.1491203988370473,-0.47349524987367636
513,11025,1,0,-1.597565671919374,1.1724828116134618
514,10203,1,1,-2.4506201627262922,-1.8201329535347772
515,4607,0,2,2.6855563481440172,-1.6750314498374756
516,3711,0,2,2.492217663734416,-0.017903594803614174
517,3696,1,1,-2.4809651400851296,0.35305962556690623
518,2532,0,2,1.9878549364824456,-0.8557347351127395
519,9214,1,1,-0.08341337367520392,-0.5750586380589064
520,4943,0,2,2.1585802093170545,0.8782766890931998
521,35,1,1,-0.9042609688505907,-1.0833020077964863
522,2258,1,1,-2.2082816207246574,-2.067241723738666
523,4322,0,2,2.85876624369095,-0.146739790321967
524,713,0,2,1.4806519900643869,-1.9998612703722645
525,4702,0,2,2.250132065253029,0.31445041330644585
526,3281,1,0,-0.6507607460205537,1.9406514290384371
527,702,0,0,0.2731867664822231,0.5271305854120489
528,2004,0,2,2.8797949877425517,-0.436514854217749
529,4769,1,0,-0.7242104012794052,3.121691100219004
530,4437,0,0,0.23791446020638946,0.23231618181407362
531,8724,1,1,-2.1089600950702283,-1.6139493910313119
532,10741,1,0,-0.4161924924419891,1.5538255956955687
533,1991,1,0,-0.649169454746967,0.3932233724480528
534,6931,0,2,1.449054582866251,-0.004050554139591516
535,11096,0,0,0.6229372389791556,0.01543392238606581
536,304,1,1,-2.548130382714056,-0.3948244212262064
537,3665,1,1,-2.8255813702424066,-0.411585887994838
538,10591,1,1,-0.7407538864033381,-0.1912234675369249
539,5036,0,0,0.44541291899264046,0.7460218584131152
540,5547,0,2,2.5271867374693087,0.3347643177818936
541,7822,0,2,1.6244893455606662,-0.8537091190934107
542,8541,1,1,-2.2480510680074426,-1.6814531159305743
543,10955,0,2,3.7247015530926793,-2.3829845804291203
544,4368,1,1,-1.2135672174420513,-0.9717663781068194
545,9671,1,1,-2.6366457401374634,0.18796956453988053
546,2256,1,1,-2.7208934115388246,0.258693523292165
547,4279,1,1,-0.9839495588171809,-0.8939831210895196
548,5371,1,1,-2.1923878216091692,-1.3793573788071938
549,9240,0,0,0.2838273541641443,1.8482220150891457
550,9460,1,1,-0.7141128326120294,-1.1830004991737915
551,9504,0,2,3.740745405924468,-2.0846313547693356
552,8692,1,0,-1.092370353931051,1.510821149557842
553,448,0,0,0.4563800233315234,0.4398764214570272
554,8314,0,2,2.866930470483575,-1.5893898165285478
555,8420,1,1,-2.038345674258912,-1.6135417760178523
556,3174,0,2,2.636889942842119,1.4134760372120416
557,7685,1,1,-1.6597140329105262,-0.8163057982920696
558,3179,0,2,3.073977195712764,-2.9136482549345977
559,9780,0,0,1.117675556886795,1.0884102864552534
560,10681,0,0,0.8520426410384052,0.18602031675963704
561,10232,0,0,0.5518646037832222,0.265844830715289
562,4184,0,0,0.3937941810469999,0.7943094030747321
563,9120,0,0,0.519507888212108,2.070425441363789
564,891,1,1,-2.735995393225438,-0.1539398142742322
565,10381,1,1,-2.1354846836119017,-0.42635448897701717
566,3525,1,1,-2.695721082976997,0.04400317453580844
567,6818,1,0,-0.7151730011871082,0.7257602366107903
568,3526,1,1,-2.3022017884898562,0.7950671574031415
569,8181,1,1,-1.3765938620152438,0.17504174741279865
570,1029,0,0,-0.04256396156348392,0.9270354427367165
571,7369,1,1,-2.010392133983737,-0.8494902650321998
572,2574,0,0,1.02522592606551,1.9543330894329918
573,8159,1,0,-1.3672499185450098,1.7788796167668894
574,1160,1,1,-3.502839795387726,-0.03647185387389118
575,10242,1,1,-1.5847101819716813,1.0606218709935322
576,5253,1,0,-0.6542183301730121,2.392050140529494
577,5966,1,0,-1.01990597374586,2.639991255699165
578,5314,1,0,-0.9077005271154803,3.139961246095131
579,5081,1,1,-2.1158429159040453,-1.222145280207499
580,5123,1,1,-0.7777789059393715,-0.7178491684032133
581,5756,1,1,-1.9015895154045415,0.4316184782312528
582,8036,1,1,-1.6400242601146313,0.15286404176198226
583,9058,0,2,3.5689072078988406,0.03417152944746491
584,5057,0,2,1.7569751510370415,-0.23458754675223784
585,254,0,0,-0.2442077050543272,2.414335118099142
586,4179,1,1,-0.7196436332468771,-2.0235771923526995
587,3710,1,1,-1.2803928486204659,-1.2281573767119822
588,7627,0,2,3.9293864464551223,-1.7702689346902016
589,4501,0,2,3.4560107107699016,-2.1771611923308556
590,6424,1,1,-1.9237110428679134,-1.3908284146709196
591,3075,0,2,2.3975428802668164,-2.20919599382416
592,4992,1,1,-2.385678593626394,-0.5901991745415226
593,5252,1,1,-2.2233736061509743,-1.0026215953091437
594,7444,1,1,-2.3383613271324535,0.038166006661266676
595,6919,1,1,-1.7565591588644782,-1.0560322563914928
596,3537,1,1,-1.991005228965986,-0.24758356248781385
597,10277,1,1,-2.0091060344388434,0.5633987253133353
598,2453,0,0,1.035448988327993,1.560917750982854
599,7972,0,2,3.097367558936482,-1.680102527215015
600,895,0,0,0.42272844676895555,2.2112746945918214
601,1177,1,0,-1.3432572620658867,1.7386852153561827
602,7141,1,1,-2.256095287094523,1.0317302694791384
603,7232,1,1,-0.7534946072892383,0.20562934845829772
604,8477,1,1,-2.8359705944956084,-1.1804309251320888
605,2457,1,1,-2.4010850891038085,-0.8509717859125683
606,988,0,2,2.3435672253451174,-1.4351701238341188
607,7930,1,1,-0.41700583012921766,-0.7502748581211031
608,4587,0,2,0.8702048473340513,-0.07430631285953661
609,6682,1,1,-2.965721755009373,-1.3385740747085582
610,6222,1,1,-3.2024808974800254,1.0164613048577702
611,10299,0,0,1.1599752180419487,0.2554738824101688
612,3083,1,0,-0.8202634350374034,1.9304742006497448
613,8953,1,1,-2.8279405336401338,1.2669534019875228
614,1503,1,1,0.2007515635295085,-1.5723875363718745
615,8650,1,1,-1.8007789264593779,-1.5052247372872822
616,10862,0,0,0.5841517081902973,0.17990291493853863
617,2782,0,0,-0.1601483645704146,2.456276245707598
618,6941,1,1,-1.1169223374787762,-1.1631201293086588
619,10972,0,2,2.581849965679657,-0.10955496471784237
620,10708,1,1,-2.018370293729981,-1.8464564560822545
621,6583,0,2,2.7952239363844784,-0.4789390606013288
622,3641,1,1,-2.759115453711801,-1.4567062814104454
623,10156,0,2,1.677374750586487,-0.7820108609167977
624,4299,0,0,1.7709393550558001,2.4073350857448967
625,3469,1,1,-2.582816029569741,0.2466584621606039
626,5063,1,1,-1.1931337272276885,-1.0738454232334675
627,10727,0,0,0.8952352790911167,1.7695062858735846
628,9624,0,2,2.7394501399908404,-1.008766458608515
629,5156,0,0,0.8520426410384052,0.18602031675963704
630,4376,1,1,-0.94586806013106,-1.4107417943541294
631,8923,0,2,2.832263843092691,-1.218248307994722
632,8461,1,1,-2.993209498344539,1.2177414775920363
633,6945,0,2,3.0371083504500342,-0.7098066417298615
634,944,0,0,0.4962461865630364,-0.11286355355637606
635,1907,0,0,0.9643967340812322,2.694210872272191
636,701,0,0,1.4219868759859744,0.6355612529274461
637,3856,0,0,1.9314845815962047,1.1842923183153733
638,4149,0,2,3.5730152281479968,-1.2631573761447472
639,2131,0,0,0.8071604397756891,3.0470189781330355
640,2942,0,0,0.4847190367834874,1.401515779071281
641,1173,0,2,2.452308534411024,-0.12876830163834652
642,4381,1,0,-1.0041093966924803,2.0398437406756984
643,4611,0,2,3.002957799326514,0.11041680495699464
644,3376,0,1,0.15716647969019862,-0.5499066213649887
645,4679,0,0,1.5899234276217196,1.017658131565976
646,10928,0,0,0.21951825959960924,1.5667389636424482
647,4248,0,2,3.8251220011528306,-1.684312960346127
648,6728,1,1,-2.3989428645350785,-1.2905626655168503
649,6661,0,0,1.157395182478758,2.086139262324939
650,4725,0,2,0.4046815107864426,-1.6642886376538508
651,3277,1,0,-0.4490067779923869,1.6446707966111573
652,5555,1,1,-0.03056730936961254,-4.9197953495112525
653,2564,1,0,-0.28159805376051356,1.0871038969298534
654,946,1,1,-0.5646090054501346,-0.6346080966927832
655,3867,0,2,1.6471928483032263,0.27437071463111923
656,6940,1,0,-1.1500241435729355,1.6221824823399977
657,55,0,0,0.3108445681751388,2.586475701759566
658,7093,1,1,-2.67400048309772,-2.9786128467906487
659,5084,0,2,1.295295669789802,-0.17313174440789714
660,1777,1,1,-2.1572939862345857,-1.5984553050035537
661,8162,1,1,-2.1029411351062333,-2.5593340804109266
662,10826,1,1,-1.4992320380376323,-1.5921394673851448
663,8754,1,1,-2.246240623881998,-0.19834074754805797
664,1987,1,1,-2.711425766404245,-1.4660392259429589
665,11007,1,1,-2.164888199249228,-0.13317272070878086
666,7426,1,0,-0.42347581981814114,0.7813863925683324
667,9153,0,2,1.7315996116470262,0.352349053509616
668,10379,0,0,-0.034602808127382034,1.936766376575354
669,9204,0,0,1.0968433143821628,0.7316126093710953
670,3197,0,0,1.0640498419841005,0.3231095911301434
671,2920,0,0,0.8757332598002704,1.0959189202268411
672,6961,1,1,-3.313626022918585,-2.438740014908072
673,4673,0,0,0.8992762263987997,2.8416889327992165
674,9937,0,2,2.1766396633116902,-2.018715629246794
675,8779,1,1,-1.4786288416566569,-0.05488059760321907
676,9596,0,2,1.9662570162317201,-0.9644796943391255
677,2891,0,0,1.6318033325434305,1.6009681398441047
678,4910,0,0,1.7485752677181237,0.9000944919224095
679,75,1,1,-0.4992871044132315,-0.8578309782731894
680,10120,1,0,-0.19269075664963883,-0.02438163477366466
681,6327,0,2,3.6805022218596024,-1.7326955802034532
682,10142,0,0,0.8618933801085347,0.56859367466343
683,9826,0,2,3.150789858807955,-1.0044840444074234
684,1501,0,2,6.6908055570227045,-2.5600226836752027
685,10767,0,2,3.0446626774601078,-1.9426739136382118
686,7279,0,2,2.8580348649557057,-2.028048196944143
687,7230,0,0,0.7787209458981865,2.816421233363724
688,143,0,2,1.7891585634844112,-0.48422755343404844
689,450,0,2,1.1887253844169257,-0.8702652426481209
690,9316,1,1,-2.373206082311546,-2.2838302987737342
691,6379,1,0,-0.7212112545545744,1.4788543664671798
692,9239,1,0,-0.1690771224617184,0.6169630332684156
693,8315,1,1,-2.014463643206802,-3.3951468197637014
694,2868,1,1,-2.414759198797644,0.11327694503557037
695,10888,0,0,0.8804545396198883,0.3544825685443041
696,1277,0,2,2.3833781418016238,-0.45276679057404984
697,9977,0,0,0.9668510143686196,0.6157246323821942
698,10196,0,0,0.22313631956760865,0.44637324519137483
699,6384,0,0,0.5785998109877374,1.210592633027084
700,8029,0,2,2.948056858464804,-1.0538576359401592
701,968,1,0,-1.0530990825101794,1.2718648915137025
702,6988,0,0,1.301856902958205,0.3061949301213659
703,4472,1,1,-0.4606641234792353,-2.1230279961841703
704,6991,0,0,0.09326733461368769,2.751978778275158
705,3336,0,0,1.2385494082632584,1.9282575088020388
706,4301,1,1,-1.2004223960796787,-0.9972781590112345
707,1940,1,1,-3.1518591887259557,-2.1104134384596316
708,1272,0,0,1.0013866289052797,2.2272661770389646
709,1388,1,1,-1.3589566710477203,-0.9443071738077516
710,1044,0,2,1.6308771216382183,0.34623255469403863
711,6969,1,0,-0.7346340261418154,0.25055150040559415
712,10479,0,2,2.268403202547143,-0.8029743609374392
713,3619,0,2,2.4734323719414504,-1.0832245355652887
714,1715,1,1,-2.3713267711634467,-1.2511025250837722
715,10159,0,0,0.7995658023552162,1.5407440613540042
716,1463,1,1,-2.54289744824596,-0.5899581575578852
717,5114,0,0,1.4684645569887933,1.1183595188549922
718,4990,0,0,0.6515349898895945,1.4298851714932457
719,4329,1,1,-2.877866333613447,-2.115772858345794
720,10936,0,2,2.6339849140460134,-0.7099195696690309
721,4692,1,1,-3.4684167094291545,0.2202257652742869
722,7212,1,1,-1.5210455146544128,0.27555568214146436
723,6086,0,2,2.985249117540307,-1.3277024988998913
724,437,0,2,3.215737288823393,-1.7000781416516368
725,11171,1,0,-0.7254988468235902,3.1685499621414817
726,11101,0,2,1.783112234440313,0.10043378115690527
727,5329,1,1,-1.956200119948218,-0.7760379257638816
728,610,1,0,-0.5963197026059415,3.5956429075317398
729,9384,0,0,0.37515331533727825,1.506791406262239
730,5956,1,0,-1.4882645381544515,2.5491495440215197
731,10430,0,0,0.8001314819272862,2.0924047338036953
732,7875,0,2,3.4322573750259364,-0.7347966188796694
733,7072,0,0,1.2823468669438778,0.5273324426178744
734,6255,0,2,0.8862780326723666,-0.408578966232238
735,6516,1,1,-3.557822904966096,-1.9584550992999428
736,5564,0,2,1.4792608196467125,0.2829528527573433
737,5682,0,0,1.8690789410462827,2.6390836568444724
738,7458,1,1,-2.2588966828437527,0.9354460902558827
739,5237,1,1,-1.3844546507007782,0.8027557022265394
740,7761,1,1,-1.6925899957479498,-0.6824229391260793
741,5278,0,2,2.9775490884531526,-1.117541722146754
742,3560,0,2,3.169452778134054,-0.2341118247526139
743,7235,1,1,-2.5207100117426675,-1.5985303159342814
744,10548,0,2,3.1321531708393375,-2.633050151034135
745,2281,1,1,-2.4824489884388465,-1.628685356426092
746,4073,0,2,2.266750212660292,0.8136908693199296
747,6974,0,2,3.5263327100385777,-1.619029856556357
748,7938,0,0,0.9682029387753025,0.9061077813586261
749,7094,0,2,1.295295669789802,-0.17313174440789714
750,3667,0,2,1.8781922718379926,-0.06343267592642678
751,7723,0,2,2.2617177326778912,-0.5707940617647244
752,3870,0,2,1.5938805223488877,-0.7505991887009735
753,4012,0,0,1.2068462005359095,1.7548981553189342
754,5909,0,0,0.7763469505377761,2.193256716545153
755,10470,1,1,-0.8093116398449539,-0.5790731499463092
756,6488,1,0,-0.416103849769193,0.6954355260954782
757,10270,1,1,-2.145000316128978,-0.8743065005183543
758,6887,0,0,0.02501941146816227,0.732517795182814
759,6406,0,2,2.0552236144019482,-0.8592555121211114
760,7573,1,1,-1.54361493736632,-0.25382520822364135
761,4508,0,2,4.106532849447429,-2.162579781283406
762,221,1,0,-0.0778966259546059,1.1938288428367059
763,5331,0,2,3.0809139160558208,-1.8510006561751027
764,1911,0,2,1.4533025496266267,0.08538971994123375
765,20,1,1,-0.33550907817256637,-0.7541203791120669
766,8786,0,0,0.0014055924121345552,2.1553357322017934
767,10582,0,2,1.4689543645971301,-1.1453676157607546
768,1915,0,2,2.3357806463701087,0.6130417196683859
769,8897,1,0,-0.6265378374670474,2.9652709683728777
770,2371,1,1,-2.190627749466955,0.46002772393959723
771,4303,1,1,-3.719159942562388,-1.036095231197531
772,6825,1,1,-2.4626432933669045,0.7159403292749972
773,1072,1,0,-0.8577801611256516,0.6388266011228791
774,4964,0,2,4.325351877384129,-1.2559093116977167
775,2461,1,1,-1.3181345038798586,-0.0024493823659448044
776,10736,0,2,2.64919023538474,-0.32618034393010675
777,3194,0,2,2.8578406143897483,-2.1400266450269214
778,10839,1,1,-2.3560930351178384,-1.195633263064609
779,49,1,1,-2.007285471487308,-2.3398849873728347
780,4290,1,1,-2.615971451049243,-2.319124339386955
781,10219,1,1,-2.1448730095916484,-2.029865148687965
782,4211,1,1,-2.922798108061156,-0.8676019003433297
783,1135,1,1,-2.8218951011901225,0.3214390415414195
784,6299,0,0,0.858767714637198,1.3919742045750423
785,10846,1,0,-0.5914784863500082,1.300652460784616
786,347,1,0,-1.0560990526952216,1.9269279891970843
787,6543,0,2,3.210833833547392,-1.1531620590217286
788,10446,0,2,2.6520512012767226,-1.7218864342648605
789,3479,1,1,-2.1755781099974993,-1.4270294086916613
790,11075,0,0,0.05940205360623823,1.0053156162749282
791,4442,1,1,0.005052638493242295,-1.028782041461462
792,199,0,0,0.15581385295873057,0.4265073172770488
793,6722,0,0,0.6488564680187197,1.4607373251777787
794,796,0,0,0.5151554340818578,2.0494933001167244
795,3749,0,2,2.4710615718222653,-0.8983364058504907
796,8523,1,1,-2.6808366679171125,0.36611660411183106
797,310,0,0,1.1399279439282883,0.6490467671029125
798,8629,1,1,-1.7094737047736095,-0.324894087638111
799,236,1,1,-1.2845600243892348,0.5034784014736189
800,9930,0,2,3.1921388307992453,0.1437564881144764
801,3483,0,0,1.9382771334649003,1.1349639120058665
802,4599,1,0,-0.9568761647661191,3.2572932053025694
803,7326,1,1,0.21373969098281276,-1.6392309351657
804,7352,0,2,1.236731581766052,0.11943382634932163
805,2350,0,0,-0.16543721361341385,2.2245947041709577
806,9145,0,2,2.7177780231423307,-0.20759948898783875
807,2964,1,1,-1.2167649671871776,-2.2563806177913106
808,5585,1,1,-2.587760488963848,-0.9462844920130609
809,9687,0,2,2.0639029597058487,-1.8614413444612574
810,3732,0,0,1.5587216706715485,1.2759823776450823
811,6303,0,2,3.3410201805260784,-2.9650244854562358
812,11176,0,0,1.2615430707991788,0.6848147484096234
813,2986,1,1,-2.9351670113821733,-1.1159598107652249
814,7462,1,0,-0.6199092969987662,0.3455536724536278
815,3900,0,0,0.6341252553257494,1.5342348310594713
816,7034,1,1,-2.6552167662457453,-0.7510929905959532
817,9493,0,2,2.3539998717013435,-1.1111047866945676
818,1143,1,1,-2.5684329742751695,-0.9663137538646509
819,1,0,0,1.0627299209540195,0.6399484627389063
820,3855,1,1,-0.7141128326120294,-1.1830004991737915
821,5536,0,2,2.636889942842119,1.4134760372120416
822,5989,0,0,0.9592495483965926,1.06996560453282
823,9499,0,0,1.1249193048696067,2.6375705393040083
824,6768,1,1,-2.7426837930220755,0.8504682022292943
825,2150,0,2,2.4575220074623902,0.8098827157500839
826,6646,1,1,-2.9334492759252475,-2.4520927590747235
827,4887,1,1,-1.6509670081040684,-1.4703917128061028
828,8560,0,2,0.9087437985619041,-0.4319530148792988
829,3321,0,0,0.15386485084739074,2.2722735423894016
830,11003,1,1,-2.70640546341941,-1.037985193545387
831,10402,1,1,-2.403794962963671,0.359125574378739
832,9904,0,0,1.6949199799383337,0.9760396587463206
833,6141,1,0,-0.5206773493703785,0.8645930814703746
834,5687,0,2,2.8098131969647575,-1.284708658273638
835,10856,1,1,-1.6894909529964033,-0.4202639428906271
836,5121,0,0,0.9894470562776225,1.013785305044899
837,4186,1,1,-1.4780683003267479,0.3929197620132157
838,368,1,0,-0.23238235741419747,0.08206737906431795
839,3312,1,1,-2.092136432944591,-1.038091100898224
840,11121,1,1,-2.8769181678824225,-0.5679538485174329
841,5332,0,2,3.3986013827004204,-1.613007359488707
842,5848,0,2,3.07139822634648,-1.4806502432766788
843,10343,0,2,2.2512264056868125,-0.9383922400032264
844,5935,0,0,1.123851802574353,1.9082238286229616
845,2895,1,0,-0.23080540945765346,0.17523735827165313
846,10262,1,1,-2.5932965357211155,-0.4197874218069016
847,7848,0,0,-0.054861881300856265,1.2909713491744175
848,9477,0,0,0.799402257360927,1.6093143373891108
849,4856,0,2,2.9769925641875292,-0.7986742501494866
850,7186,1,1,-1.7134610199616531,0.21416855992263129
851,5794,1,0,-0.630629011906632,2.361083657873822
852,1456,0,0,0.1447086630771301,1.3679297545009648
853,4877,1,1,-1.8438030693154583,-0.23865767531813828
854,425,0,0,-0.03380934504833962,1.2475585581688027
855,3007,1,1,-2.3227304997427827,0.4710758440640646
856,1031,0,2,3.0403843437402993,-0.9739577324284244
857,4297,1,1,-2.402197300162876,-1.1866644006601417
858,807,1,0,-1.3690470533980077,2.0171056407035874
859,9553,1,1,-3.17796493043545,-3.909821835263617
860,4271,1,0,-1.1250234542189932,0.2905027810394127
861,4120,1,0,-0.7995452020200385,0.33034832793173396
862,2036,0,0,0.559860133155216,0.504582460624949
863,115,0,0,-0.15587522639868776,1.4223556784237041
864,4259,1,1,-3.4110404094588738,-1.371105543515353
865,8687,0,2,0.825733640246889,-0.5066064102964914
866,2447,1,1,-2.319927944588989,-0.971921964478031
867,10140,0,2,2.662155741059812,-0.09737479411375655
868,9353,0,2,1.7185707172513234,0.4631403791893656
869,3623,1,1,-2.709996319226862,-1.1319892264617424
870,738,1,1,-1.4823313216437262,0.027479694748925972
871,7631,0,2,1.8995457405932836,-0.013529648443437348
872,4789,0,2,3.4893532668519733,-0.5787153103806423
873,773,0,0,0.147618080653207,2.4178408541205334
874,10602,1,1,-1.6469789682841778,-0.8116090988050905
875,1446,0,2,3.727859804569497,-1.6368158735128469
876,3270,1,1,-2.2398551899519794,-0.4520161900594816
877,8443,1,1,-2.199631379192048,-0.22311984803064658
878,9653,1,1,-2.153581550054164,-0.039742593428151916
879,8916,1,1,-2.069764553449569,-1.688887604815512
880,8017,1,1,-2.04052520726467,-0.8754700497589347
881,5830,0,2,3.150789858807955,-1.0044840444074234
882,4597,0,2,2.873302485558351,-1.3230583378316678
883,7023,1,0,-1.6098587843299215,3.274265256200004
884,8086,1,0,-2.1984960869520545,1.8938750478154756
885,8825,1,0,-0.8119457953238157,2.6563107773598484
886,2930,0,2,2.1151242014417106,0.05955091955683905
887,1928,1,1,-2.189365103936484,-0.04705008103552188
888,7108,1,0,-0.5188176589651049,2.3924164400847063
889,10925,0,2,3.6170041886701,-2.5569063147352042
890,9960,1,1,-3.2945986903836735,-2.2848859915510147
891,8800,0,2,2.1421306705907917,0.9004793067814955
892,9224,0,0,1.5384682238122713,1.8581851479002052
893,5519,0,2,1.9129045001227183,0.3948225314206371
894,5046,0,0,1.7755075527662239,1.1533964112933355
895,7037,1,0,-0.09454992167109183,0.14427025391086246
896,905,1,1,-2.8671349504345747,-0.1749844738266489
897,8624,0,2,2.5478074343419674,-1.789778381314708
898,8945,1,0,-0.5902092955513758,1.7183302170510182
899,6445,0,2,2.5786724742686555,-1.7677995115888931
900,2727,0,2,1.3297005393327888,-0.911081312712584
901,6404,1,0,-0.9291876466668628,1.77613986223431
902,11074,0,2,3.4898082450098835,-2.1649195060488697
903,10150,0,2,2.9010456377299443,-2.086710629848165
904,1968,1,1,-2.2954416770907944,-1.3392304921087643
905,6534,1,1,-1.2372009036098208,-1.3187701537567789
906,9485,0,1,0.19859168859878107,-1.560155010129043
907,7053,0,2,4.041394069203914,-1.750548256558404
908,4654,0,2,3.438328763092384,-1.9701582438102527
909,9760,0,0,0.5312065643248802,3.283218964373103
910,1048,1,1,-0.9493033343639523,-0.47521382058272166
911,10619,0,2,2.097507504847954,-1.1321675643857443
912,9308,0,2,2.7498330004705913,-1.0194585899565751
913,10505,0,2,2.5398547886573692,-0.024564726793295272
914,8362,0,2,2.5271867374693087,0.3347643177818936
915,2625,0,0,0.5006408221363557,0.2060331390940834
916,4637,0,2,3.1402243901677345,0.08089476924311842
917,9972,1,1,-2.0020812369920744,0.8757137415659463
918,4483,0,2,3.705317538284325,-2.5883054963258565
919,4487,1,1,-1.439393897705291,-1.1473210208592273
920,4988,1,1,-0.9875166220711717,-0.6169301649347425
921,8931,0,2,1.3049949901761606,0.09047481314781555
922,5871,1,1,-0.7040255247254451,-0.8229086229126205
923,2008,0,2,2.598279499643246,-1.6371067239228587
924,3139,0,2,2.5765452534436126,-1.4091491498248916
925,10037,0,2,2.0665618458671857,-1.7718117788428327
926,10673,0,2,2.447156865847457,-0.28553714691117676
927,5303,0,2,2.491111820638125,-1.4926775058366004
928,538,1,1,-0.2887796806635452,-2.1401239340721894
929,7922,0,0,0.6025640095043228,2.99973770858486
930,5692,1,1,-2.837448929904642,-1.848375399962661
931,4843,0,2,4.106532849447429,-2.162579781283406
932,6383,1,1,-2.155402929557195,-0.1945960065332823
933,1628,0,2,1.3346107564619312,-0.20607467821225653
934,1204,0,0,1.0701236701922356,2.0167093230900313
935,3673,0,0,1.0676759861621419,0.6427820702139929
936,760,0,0,0.6953053745689887,1.6629488987161527
937,8957,0,0,0.18936209990219297,2.6549337132857604
938,4128,0,0,0.8172908353431421,1.7909052968271015
939,6810,0,2,2.414802925328541,-2.4995630177196593
940,5386,0,2,3.8175765577651135,-0.9832875944496434
941,8700,1,1,-1.9829130644016328,-1.51327392726824
942,3202,0,0,1.129671953186565,0.9849400909323581
943,1328,0,2,1.1029387450304564,-0.1950182305739254
944,8405,0,0,0.10378440787446848,0.45112190809210995
945,6515,1,1,-1.5518553844645124,-1.9873123521232186
946,2882,0,0,0.5408072769147058,1.237942084462956
947,7574,1,1,-1.9235762227911375,-1.9689398971581098
948,6387,1,1,-1.2168196597217442,0.2393749324222161
949,5320,1,0,-1.1713198715811433,0.7529133095960594
950,5048,1,1,-1.6003738186771526,-0.41408946604049535
951,8146,1,1,-1.3189268932289266,-0.5793703661253602
952,10031,1,1,-3.0182052167721274,0.2022757318486694
953,5748,0,0,0.11014190741201446,0.895256442237897
954,2134,0,0,1.1913045674483496,0.8680289236956312
955,1523,1,1,-1.4225614878249708,0.6633259190325369
956,9665,0,0,-0.0489386006788583,2.339884448477455
957,4640,0,2,2.343337314900929,0.4499180561649025
958,3635,0,0,0.5476663405578065,1.9040073751852367
959,3547,1,1,-1.938944044014537,-0.22072212026820215
960,2456,1,0,-0.7658778197332885,0.2235432089890808
961,5633,1,1,-0.8817342005503646,0.045797424861335784
962,7801,0,0,0.8083225197430335,0.1586738305018809
963,10489,0,2,3.2832917579730587,-1.444767984270757
964,7011,1,1,-1.7875369808627466,0.313373185966676
965,2620,1,1,-2.603127290928535,-0.20182237525840072
966,3933,1,0,-0.622040411441381,1.2923930267179926
967,10981,0,2,2.804980136579194,-2.059240413200574
968,1734,1,0,-2.489887967602793,2.4089346057561207
969,10995,1,1,-2.748290826504856,-0.8497988932044408
970,6357,0,0,0.0034534009367237933,1.4569281417600592
971,9209,0,2,3.004927918020791,-0.6279485402812174
972,10286,0,2,4.230798862807944,-2.3823679647078277
973,2611,0,2,3.332489924267365,-0.46693477250117965
974,1600,1,0,-0.7254988468235902,3.1685499621414817
975,3308,1,1,-1.731678048030498,0.567550473316413
976,5407,0,0,0.8202751409018358,2.7621928467496333
977,2166,1,1,-0.7431256241200832,-0.9708334623461975
978,3955,1,1,-4.976101135491543,-4.392561251113624
979,6634,1,1,-1.9800754120792985,-1.0765569588467887
980,3056,0,0,1.0727726413806842,1.0793692086891034
981,5718,0,2,3.253369825037968,0.38369786171271136
982,6872,0,0,0.6772839715429343,0.6545968521312399
983,8164,0,2,2.937949130461524,-0.9074639020202369
984,4580,0,2,2.399844774683177,0.2343093260279334
985,9305,0,2,3.3115620971751714,-2.018721604696751
986,453,1,1,-2.1094038203518606,-0.22616013241685792
987,8545,0,2,3.3009256897949277,-0.3230006671783679
988,9850,1,1,-2.2861873476420196,-2.8408169424842065
989,7378,1,0,-0.8575537276885343,2.319480547833733
990,7646,0,2,0.8858129880816454,-0.4583693551618278
991,1640,1,1,-0.17961469975102942,-0.06816512768360301
992,5184,1,1,-2.014463643206802,-3.3951468197637014
993,8492,0,2,1.7242759782359194,-0.25179602168579174
994,11188,1,1,-1.7005756531448917,-0.1765951088152511
995,1212,0,0,1.1978523293261156,0.6565696407226951
996,9097,0,0,0.058774371050258664,1.5331406031009578
997,10473,0,2,1.2864781988928284,-0.4464292254321591
998,7962,0,2,2.6575704968233844,-0.624691270920591
999,9984,0,0,-0.1524472865337507,2.0827542772660315
1000,5527,1,1,-2.8411328404063045,-1.1151122091509904
1001,6374,1,0,-0.6808116860938149,2.5818768434533377
1002,7453,0,0,1.3954493100546173,0.6250913063690966
1003,8952,0,2,1.8652116273263237,0.4732098125195323
1004,241,0,2,3.169452778134054,-0.2341118247526139
1005,8975,1,1,-2.6366457401374634,0.18796956453988053
1006,6119,1,1,-2.647024621278308,-0.03341186374932491
1007,5236,0,0,0.9688192827350546,1.1657250311343872
1008,5723,0,2,0.3738056448606795,-1.2079279762813169
1009,1710,1,0,-1.5657025410166023,1.839407531269907
1010,1970,1,1,-1.8615636538401195,0.5362744155105973
1011,5313,1,1,-1.9874619621873275,0.4503261066563739
1012,10634,0,2,1.4484204413765625,-1.566524735624749
1013,7010,0,2,2.362056254897208,-0.330859250746304
1014,8562,0,2,1.1260268684884356,-1.354024465769864
1015,3158,1,1,-2.299248306813615,-0.9460541612599296
1016,4436,1,1,-1.2331653362671193,-1.67118080962563
1017,5287,1,1,-1.3509705867983146,-0.2692762651484549
1018,2445,1,1,-1.9887605682403295,-0.6579032707754748
1019,6059,0,0,-0.4044595158408565,4.527100056216306
1020,4550,1,1,-0.8630541945738235,-0.3650463131498369
1021,4240,1,1,-2.3000840522908352,-1.2607426246203155
1022,8911,0,0,0.9709848701018136,0.28903711049855474
1023,3706,1,1,-0.9200728231392088,-1.531094562419521
1024,3628,1,1,-2.621171439539525,-1.0759350381243118
1025,10175,1,1,-1.7295234878980288,0.04640979646223383
1026,8985,0,0,1.2750257464967993,2.5577362760926654
1027,5204,0,2,2.7510024221117755,-1.27877480132422
1028,9220,0,2,2.733090788009127,-0.9485277506006703
1029,9888,0,2,2.3041922886467328,-1.7282116174108269
1030,5263,1,1,-2.237518697626288,-1.7503571697231406
1031,1020,0,2,2.823773956131897,-1.8957626007072161
1032,9503,1,1,-0.7859557939913657,-1.1286113028301832
1033,10613,1,1,-1.8079279567762894,0.6915258386936796
1034,67,1,0,-1.8873065760691414,1.3024868459356047
1035,6019,1,1,-0.3907608380111893,-0.6477742160738118
1036,5863,0,0,0.5823116590840526,1.603117227815206
1037,3717,0,0,1.4188619104610531,0.9356564623497934
1038,6730,1,1,-2.2311023313668623,1.3590663401579766
1039,10749,1,1,-1.0937780088421984,-1.1422556673036752
1040,4998,0,2,2.6980272425183425,-1.730821643647889
1041,6287,1,1,-1.1840846488497951,-2.1508495404705505
1042,5985,1,0,-0.9789561682643875,0.5028019333065578
1043,4754,1,1,-1.1593735219477217,-1.2381688570404847
1044,4002,0,2,2.2446021615020864,-0.03318262966836136
1045,8870,1,0,-1.2141523995538996,0.6629953027962256
1046,966,0,0,0.29544579904253476,2.248244142554316
1047,4767,0,2,2.362056254897208,-0.330859250746304
1048,9725,1,1,-3.127442075583375,-0.5707422551649667
1049,4475,0,2,2.7649687719811005,0.38646002742796975
1050,5740,1,1,-1.3531631332551255,-1.0828383703375775
1051,5731,1,1,-2.2432066370065527,-1.8932140357528218
1052,7290,0,2,2.7177501012620406,-2.2477580788132077
1053,3846,1,0,-1.0108401416075543,2.000122136405522
1054,8104,0,0,0.08038171687648299,1.6386505144399437
1055,4507,0,2,2.8793573441042715,-0.293757861391743
1056,11013,0,2,3.3412229571379957,-2.08269400112146
1057,4491,0,0,0.47607075000529964,4.18792848823598
1058,3759,0,0,1.1712747883465093,1.88127227511352
1059,1162,0,2,0.6411595128391443,-1.4034398054569832
1060,2055,1,1,-1.6067819864962372,-0.8733357662653803
1061,10766,0,2,1.7168596330509964,0.3287596062114614
1062,4415,1,1,-2.4909279628107956,0.02301888179997701
1063,3005,0,2,3.670705844237502,-2.4564855178505782
1064,2223,0,0,1.5521588012984178,2.797369245374636
1065,4817,1,1,-2.354743428827684,-2.0647797944201733
1066,2875,0,2,2.911843955550455,-1.7866550590445074
1067,10536,1,1,-2.155402929557195,-0.1945960065332823
1068,11112,0,0,1.8069630818365323,1.4814244274453827
1069,3807,0,0,0.5345862718367549,1.9855571744275846
1070,9197,1,1,-1.6113552525364951,0.7448341518887186
1071,10832,0,0,0.13337415739573844,0.9873710539249778
1072,6421,0,2,3.6562555145695628,-0.6804384589328473
1073,4207,0,2,2.8165811761662236,0.3428491944059122
1074,577,1,1,-2.8438061699478894,-0.8197015134194005
1075,10855,0,0,0.012874652884450258,0.5415532973866225
1076,3081,1,1,-2.339602584557963,-1.4393742078901484
1077,3535,0,2,2.0145609278854253,-1.510955852659154
1078,247,1,0,-0.8802892441820441,1.5788158074982086
1079,8707,0,2,2.7836053613523344,-0.5069377462742466
1080,9523,1,1,-1.4122926420793576,-3.404889430651605
1081,6072,0,2,3.066011740613446,-0.8540873197363359
1082,6295,0,0,0.48873680219168,2.2928103143999987
1083,10914,1,1,-2.5604541242709193,-1.6587553688760708
1084,1509,0,2,2.318705019101477,-0.5074354026824166
1085,5577,1,1,-2.1148324590822134,-2.167970848333065
1086,7348,0,2,3.0035318999688574,-1.3730306312116152
1087,1127,0,2,3.024620948321241,-1.3557016946891096
1088,1833,1,1,-0.797166988879416,-0.27732328733603634
1089,4944,0,2,2.6855563481440172,-1.6750314498374756
1090,9080,1,1,-2.397868162169688,0.9488028261496056
1091,6466,1,0,-0.4965057006031594,1.4609078771324002
1092,9964,0,2,0.5964303922833092,-0.565348970903113
1093,4790,0,2,2.188883869184496,-0.2719353392700627
1094,10245,0,2,2.5384096516461687,-2.5843082223939926
1095,1109,1,1,-2.6914353225470924,-1.7211691431500409
1096,6001,0,0,1.5750720897769137,0.8078344277023786
1097,5538,0,2,3.6078261523550514,-1.649128081640955
1098,10552,1,1,-0.16004718520367775,-0.5859521052413934
1099,1545,1,0,-0.7019425680136768,0.32171269582111023
1100,7409,1,0,-0.1791124046617504,1.2267389928435548
1101,4444,1,1,-2.262707919405303,-1.331078394866079
1102,146,0,2,2.877197765067423,-0.5773746694296419
1103,6271,1,1,-1.2021504626145076,0.40416785870512073
1104,10065,1,1,-2.038345674258912,-1.6135417760178523
1105,4741,0,0,0.49126437536563533,1.1557242711667064
1106,246,1,0,-0.3050666098449231,1.7502490943433255
1107,375,0,2,2.8421241378367954,-1.3248883046468645
1108,1524,0,0,0.958538486886979,0.9013438801618326
1109,10022,1,1,-2.170242972402919,-0.27336622683812023
1110,7451,0,2,3.8251220011528306,-1.684312960346127
1111,11010,1,1,-2.8843126856510883,-0.5680234780725477
1112,4356,0,0,1.0193931789710315,1.7164387288785306
1113,3885,1,1,-1.4250126562649592,-1.7663151926857659
1114,1175,0,2,0.7847644892789979,-1.2689110904171566
1115,880,1,1,-1.5324612185130055,-1.3033456876232572
1116,2320,1,0,-0.7777564079421687,2.9867111759877947
1117,850,0,2,1.6472047519449038,0.29950902102913657
1118,4713,1,1,-1.0614443617914855,-0.3060022098816442
1119,675,1,0,-0.6548714899324161,1.2876992166310002
1120,5025,1,1,-0.36403190356616055,-1.514642215887416
1121,2308,1,0,-0.36313938723155126,0.47173322187836825
1122,5995,1,0,-0.9139807678943577,1.8549171991244653
1123,6749,0,0,0.5887164526839327,2.0838775994213394
1124,1010,1,1,-1.1144586860701151,-0.3220110139206808
1125,8977,1,1,-2.133714937160465,-3.5573028521207046
1126,4756,0,2,2.535390626483475,-1.8764835780551818
1127,3412,0,0,0.7743799155350741,2.441861652829898
1128,606,1,1,-3.219067818393752,-0.5166452173265412
1129,5961,1,1,-1.5885763471151813,-2.594523137273654
1130,2975,0,2,2.4580296293440447,-0.3238498060819282
1131,2894,0,2,2.1743174443699047,-0.6650208016915291
1132,7613,1,0,-0.291157190218986,-0.08413530389541325
1133,10542,1,1,-2.358692002310872,0.48635329405469047
1134,8015,0,2,3.4187694431441895,-0.7669300732132547
1135,10617,1,1,-2.770947700965262,-2.184982925761347
1136,11166,1,0,-0.2021093937229696,1.7467161292479394
1137,849,0,0,0.7022006561755081,1.4166656247799927
1138,523,1,1,-1.491732637849057,-1.634517141781733
1139,4066,1,1,-2.142896853395608,-1.5891073064403503
1140,8414,1,1,-1.6694177451354555,0.6443053930861485
1141,819,0,2,2.392976174449844,0.0006987100203136326
1142,4961,1,1,-1.2664662375385594,-0.8661612886959267
1143,749,1,1,-0.9304029328568933,-0.8680777401861625
1144,5430,1,0,-0.49539084255911486,3.6855912353497704
1145,7755,1,0,-0.42522170427208406,2.8228896357325044
1146,10525,1,1,-2.8664680193213687,-1.4573902470804492
1147,1453,0,0,1.4421342250911506,1.69795866537192
1148,8310,0,0,0.922190860566363,2.2786579787674635
1149,10710,1,1,-4.028172439050987,-1.6355330057634263
1150,5031,0,2,3.38861767993821,-1.1056193127370688
1151,2613,0,2,1.6257796344167346,-0.4026301332531928
1152,213,1,1,-2.0902560387828646,0.8181203723671243
1153,967,1,0,-0.637055679533406,2.4595842095977236
1154,1077,0,2,1.0833066994349765,-0.3964567552559493
1155,7959,0,2,2.481717272293787,-1.4393837430484195
1156,640,0,0,1.5159073041668352,0.5773745811157005
1157,4252,1,0,-0.21453958706568774,0.6446488551136413
1158,8432,1,0,-0.49539084255911486,3.6855912353497704
1159,6218,0,0,-0.0045589485301509355,2.2769055739593402
1160,6905,0,2,2.4072260146693356,-2.365643953609104
1161,5922,1,0,-0.8389057446943464,1.8422039552376666
1162,3598,0,0,0.7789755714334203,1.4490806044006292
1163,6116,1,1,-0.255804493909674,-1.6202445549655067
1164,6263,1,1,-2.5180458737039815,0.4694119596355295
1165,10486,0,2,2.5233825582785276,-0.032318244946333334
1166,2410,0,2,2.960159928690855,-1.8897918994827416
1167,193,1,1,-3.1227809981890107,-3.147141025472156
1168,3363,1,1,-2.5200308223593892,-2.3253162189280787
1169,8278,0,2,1.1012374439031318,-0.035129735890191395
1170,10660,1,0,-0.4266267692688224,3.115150984020105
1171,8686,1,1,-2.6162727860052075,-0.9295621406253156
1172,1604,0,0,0.16524821572458884,1.2914297729703692
1173,5907,1,1,-2.6267227288889856,-0.6513599409437646
1174,10669,0,0,0.694928602827969,0.1867582467788409
1175,2918,1,1,-2.174215019635176,0.24405249587775124
1176,5735,0,2,3.130268841231372,-1.8921602978555796
1177,359,0,0,-0.016554323051588337,2.5028333347500262
1178,8387,1,0,-0.2691615517353001,0.27134808064624516
1179,1829,0,0,0.7494951591584768,3.1648109573552023
1180,3839,1,1,-1.967349136137102,0.4247015627663457
1181,9392,1,1,-2.437000607636502,-2.9662141660965715
1182,2292,1,1,-2.3683035671690926,-2.455486123288839
1183,10466,1,1,-1.4143810396570475,-0.691912289231998
1184,9855,0,0,1.8761676254738235,1.6115214771226996
1185,4088,1,0,-1.1327912840601833,1.0552137429832138
1186,5231,1,1,-1.9439084034659717,-0.44858056994757406
1187,590,0,2,2.670883805368889,-0.4662103156027498
1188,8732,0,0,1.3036715986338072,2.6143401481886124
1189,2315,1,1,0.24051130307608837,-1.509830918099003
1190,3515,1,0,-0.5844724617481659,0.549746208718605
1191,2245,1,1,-1.0461452901786534,0.09724128601277729
1192,6283,0,0,0.7658193352224205,1.5213220291356742
1193,2246,1,1,-0.33550907817256637,-0.7541203791120669
1194,6606,0,0,0.6231052027827324,1.930293018153427
1195,5545,0,2,3.0386127122516258,-1.2287916943605535
1196,7342,0,0,1.2335999734155239,1.1425360589444529
1197,837,1,1,-0.6481646058978963,-0.0204168104090049
1198,9500,0,0,0.1635629809032981,1.3475134229515915
1199,3602,0,0,0.22869066452700879,0.8594026546884737
1200,234,1,1,-2.324975850336628,-1.9466727781322757
1201,2995,0,2,3.1228306180185235,-2.4074807491226187
1202,1118,0,0,0.3002740600450639,2.8175802814523636
1203,7789,0,2,3.5001149204808004,-1.278318312646306
1204,3068,1,1,-2.5707768524622314,-2.383316110674602
1205,8955,1,1,-1.1615414514721012,0.35534519266165265
1206,945,1,1,-1.4965645898656665,0.8834100982117088
1207,5644,1,0,-0.3577592706184877,1.9976694240537711
1208,7192,0,2,2.110262737416961,-0.4078852268492215
1209,2324,0,2,2.276274311253819,0.7029338706734868
1210,697,0,2,3.281135027127856,-0.9330921782681812
1211,3439,1,0,-0.9401782497229617,1.974902441415338
1212,1506,1,1,-1.2609326798741114,0.1409058701744641
1213,232,0,0,1.0206062707976291,0.10974556298497117
1214,8876,1,0,-1.707216734839295,2.740021408649748
1215,4500,0,2,3.0977567892571294,-1.2634662322981915
1216,9739,1,0,-0.6316333719313607,0.3447350676916549
1217,10395,1,1,-3.1022276126102923,-0.48776232639517475
1218,1176,1,1,-2.9473239384994123,-1.606938266655032
1219,1627,0,2,2.396939843268288,0.2709470817136137
1220,938,1,1,-1.9045113225037273,0.898531343005978
1221,2740,1,0,-1.2783523583343046,1.3186443158869507
1222,257,0,0,1.8319063640167026,1.480870260232247
1223,4058,0,0,0.9830990130155395,1.596191398351686
1224,7736,1,1,-1.8649853567030918,-1.1004071251785599
1225,8210,0,0,-0.007922164689157732,1.8926199910650743
1226,833,1,0,-2.139236886873449,1.8065228499958372
1227,6230,1,0,-1.8455453795291008,1.9426110713366969
1228,7325,1,1,-1.6937240713835706,-1.3171894357506457
1229,1307,1,1,-1.5834869530362752,0.1151469166730049
1230,1502,1,1,-2.3444935858072258,-0.9212852554143127
1231,6211,1,1,-1.8810778589204225,-1.430628114117033
1232,843,0,0,0.49383090544741143,0.47327606342133544
1233,4174,0,0,0.16286038951470871,0.06934807217915837
1234,9757,0,2,3.0023403467176304,-0.43579502479183024
1235,6918,1,1,-2.4194958931048456,-2.4284937193862506
1236,286,1,0,-0.877591540429308,1.3366210966090082
1237,11086,1,1,-2.84973640364267,-2.0155787654921453
1238,1921,1,1,-1.8665117597312881,1.2204538005684376
1239,4138,0,2,3.0851732768854334,-0.5654719783981205
1240,7718,0,2,2.8103622102214025,-2.0646901893082075
1241,1291,1,0,-0.969266536103043,0.7612446170401161
1242,6862,1,1,-6.5499748001268445,-2.7605170379239348
1243,4136,1,1,-2.8247967906299083,-0.6221156794202157
1244,803,1,1,-0.9699160861226948,-1.2584927051093646
1245,4298,1,1,-3.024709449320628,-1.7904473424404606
1246,10833,0,0,0.7873070977307398,1.6120398493992174
1247,9606,0,2,1.8603662795485716,-0.4128901674860055
1248,8534,0,0,1.2767402647892923,1.9398815499107074
1249,5153,0,0,1.9331291262096382,1.7329709700540952
1250,961,0,2,1.0617935877325086,-0.5986112516859656
1251,5011,0,0,1.6318033325434305,1.6009681398441047
1252,6653,1,0,-0.5645111634799789,2.489691705246305
1253,9094,0,0,0.5887465876045042,1.9387609932686103
1254,810,0,2,1.1713861437711561,-0.6397827481516036
1255,5493,1,1,-2.7106403688188974,-0.08539944084086956
1256,2147,0,2,3.260855533208808,-1.476260530581728
1257,5107,1,1,-1.6067819864962372,-0.8733357662653803
1258,3979,0,2,2.250167412997448,-0.7513475844574116
1259,6049,0,2,2.7087801402268448,-0.273815802539148
1260,8147,1,1,-2.5768508570207365,1.0709114906959376
1261,1857,1,0,-1.4087857548252627,1.0725329541769388
1262,3910,0,2,3.6078261523550514,-1.649128081640955
1263,5207,0,0,-0.25079327844514676,3.4320003223789235
1264,11114,1,1,-1.94246384868036,-0.0005621344720196267
1265,5429,1,0,-0.39254738039511883,1.2870050155782364
1266,9400,0,2,3.034273758342798,-1.3522144027157117
1267,1740,0,0,1.290789561694168,1.688763881152623
1268,7488,0,0,1.3583320805303338,0.8127402604556349
1269,195,1,0,-1.1751683494531382,1.4174920364261114
1270,635,1,0,-0.8515018980001876,3.7628177960804927
1271,7527,1,1,-1.7199007246227722,-1.0307767904485776
1272,10319,0,0,0.9679849480611296,2.2025381930659145
1273,2296,1,1,-2.240846417943224,-2.2285133961011083
1274,10637,1,1,-2.511562222462212,0.7929731112731171
1275,2931,0,2,2.551723960622834,-0.42105723099983877
1276,907,1,0,-0.3414693843257322,1.4650014571226142
1277,3698,0,2,2.900126533015333,-1.2182777413357553
1278,9516,0,0,1.4265594913768176,0.7694662607463266
1279,679,1,1,-2.2181112383439308,-0.7289088736598931
1280,7384,0,0,0.025885750504897706,-0.09303729885890792
1281,5043,1,1,-0.23832356417034087,-0.3930749984629806
1282,5267,1,1,-1.82702031871802,-1.5947693922798478
1283,339,0,0,-0.10532960768506745,2.6937030499438257
1284,2516,1,1,-0.4439842579109674,-0.420341733000789
1285,9010,0,2,3.231170745766115,-0.9775827532425435
1286,378,0,0,0.6843674496732045,0.2944158476338679
1287,4808,1,1,-2.7446976308227526,-2.316131253036174
1288,5068,1,1,-2.88963337405131,-0.3797059174275964
1289,7628,1,1,-1.3476033839852322,-0.8531691789283239
1290,7128,1,1,-2.758313411018603,-1.4362423691399666
1291,2811,1,1,-1.3549204745910437,0.5902768768858558
1292,3551,0,2,0.5314028203185341,-0.8386943074992292
1293,1663,1,1,-2.464788978385698,-0.6823762715660686
1294,5543,0,0,0.5087647256640513,2.1012334066675953
1295,1577,0,2,3.5086333435489174,-1.1480503956606192
1296,10641,1,1,-3.4101943722498578,-0.22889747072583067
1297,5336,1,1,-0.020380343629377174,-0.8067001895240091
1298,6024,0,2,3.8175765577651135,-0.9832875944496434
1299,1878,1,1,-2.3040765764895044,-2.2007850600905647
1300,3099,1,0,-1.098613927684774,2.1793386083800392
1301,6055,0,2,2.2663880906702536,-0.8063413467129948
1302,5841,0,0,0.37827338741156236,2.5832928467490346
1303,3972,1,0,-1.2622338956513182,2.865404647348697
1304,4394,0,2,2.7926879544355563,-0.059247911865168985
1305,5758,0,0,1.384338608503049,1.2398487249041366
1306,6658,0,0,0.34920892373251455,2.674729422979744
1307,4603,0,0,1.387663628117475,0.4451276437863942
1308,8427,0,2,2.331859815575163,-0.6318940981842434
1309,10260,1,0,-0.6040506483620816,1.5095434618457066
1310,7143,0,2,2.2036624013267154,0.3750582296643413
1311,8789,1,1,-0.041171391664052516,-1.413705540428561
1312,6197,1,1,-2.6846514022892594,1.3585214283608815
1313,4554,0,0,0.3107556480395657,0.5022816625719336
1314,4937,1,1,-2.0097232835849104,-1.9960479543049907
1315,1920,1,1,-2.1999186072309103,0.7225473497193209
1316,8749,1,1,-0.9610365209036021,-1.6553309279984065
1317,1650,0,2,3.181056651496662,-0.44327329542908084
1318,10377,1,0,-0.43007034457451637,1.2090275127242243
1319,9206,0,2,2.674208490218821,-0.15891032019526474
1320,10971,1,0,-1.3679533219301063,1.7884640572077115
1321,6398,1,1,-2.898302338193856,-0.9286643773461245
1322,9212,0,0,0.962579099071135,2.64041469074453
1323,7937,1,1,-1.8967857784897117,-2.300091027015058
1324,839,1,1,-0.4695151927642168,-0.2930588418467967
1325,4246,1,1,-3.8762857077102364,-1.8019231812854657
1326,158,0,2,1.770858974756296,-0.28193767358918015
1327,4832,1,1,-1.226968183350196,-1.2525954347786623
1328,5621,1,0,-1.3504135803800852,1.4053740183357044
1329,1945,0,0,1.266773694275048,1.4711445758329407
1330,5147,0,2,3.7615833168666577,0.10314173824929587
1331,2535,0,2,1.2699110452569053,-0.958307914924612
1332,11039,1,0,-0.22635287918052902,0.14161271167025624
1333,9495,0,2,3.506541430456126,-2.1865198697743713
1334,9635,1,1,-0.6745686840695597,-1.2745930154245213
1335,2173,1,1,-1.6943545176552972,-0.7677472473419419
1336,942,1,0,-1.3377746189428668,1.2487565845973179
1337,9386,1,0,-0.20286498088829283,1.1959115633913275
1338,5510,0,0,-0.1486261131286092,1.1565234610690593
1339,873,0,0,0.47607075000529964,4.18792848823598
1340,2253,1,1,-1.9128910078423234,-1.708699145923639
1341,5181,1,1,-3.247530188930798,-1.4651141141325539
1342,979,1,1,-1.3589566710477203,-0.9443071738077516
1343,10390,1,1,-2.259427951593318,-1.1175970098015382
1344,4698,0,0,0.38526543874902974,-0.5010485868089535
1345,7793,0,0,0.5508874966828426,2.2702302417623574
1346,1745,0,2,3.4187694431441895,-0.7669300732132547
1347,10590,0,2,3.437462557380211,-0.7020821099543783
1348,5080,0,2,2.3953855297158673,-1.5679697866936646
1349,8369,1,1,-1.8909744422785568,-3.094888576671765
1350,5232,0,0,0.2015282144324386,-0.5410376988630295
1351,2407,0,2,2.1822965737726503,-0.39282451852682404
1352,3834,0,0,0.7836705296940739,0.6082134392982864
1353,7912,1,1,-1.6201097888587161,-0.6137484756705046
1354,7712,0,2,1.5260915390603682,-0.9393276759740024
1355,1065,0,2,3.4688161258227947,-1.6408958206443316
1356,7275,1,1,-1.3633166389092921,0.6431152613469024
1357,1343,1,0,-0.5610111531638936,3.0646227681902114
1358,1384,1,1,-2.4931128625470818,-1.4962788304578394
1359,9967,1,0,-0.892996525870169,1.4348877423701702
1360,6181,0,2,1.871849316917489,0.5250858608315407
1361,10507,0,0,0.22672910985613456,1.7915106483434717
1362,2674,0,0,1.48189889656991,0.7119366627327821
1363,2698,0,0,0.07976902651276714,0.9430887187117304
1364,3231,1,1,-2.1042776349010412,-1.9471796614663057
1365,4096,1,0,-1.0530990825101794,1.2718648915137025
1366,10476,0,2,1.0498354828854362,-0.5412187960327989
1367,5948,1,0,-0.2573378209677063,0.2724116999584583
1368,9140,1,1,-1.490648453653794,0.5279820147630297
1369,10258,1,1,-2.8279405336401338,1.2669534019875228
1370,5675,0,0,0.7787209458981865,2.816421233363724
1371,4743,0,0,0.7488732614190092,2.1951643344731995
1372,8805,1,0,-0.4994036570274295,2.7837562588986975
1373,1542,1,0,-0.6292176973244694,2.8787934243414584
1374,6770,1,1,-2.0496168070515504,-1.340899453530964
1375,8773,1,0,-0.4425694241085233,2.248323656966714
1376,10475,0,0,0.15293819373440942,0.6301282412648405
1377,10420,1,1,-0.2213987428758201,-0.10603842209901607
1378,7514,1,0,-0.9448745769696275,1.5333309110622277
1379,2902,1,1,-1.6091962211935367,-0.41751897880737326
1380,4345,1,1,-2.3420808009780854,-1.4065530944890092
1381,793,1,1,-2.529270443878144,-1.0121666917487127
1382,10909,0,2,4.374419572048737,-1.3119874003941896
1383,3769,1,1,-1.5472292553418634,-0.9880403997160951
1384,8702,1,1,-2.8438061699478894,-0.8197015134194005
1385,4791,1,1,-2.145088349359171,-1.0459108229019474
1386,2963,0,2,2.2617177326778912,-0.5707940617647244
1387,8216,0,0,0.023207460540209036,1.4426674039193275
1388,8140,1,1,-1.265227917099982,-1.3497538532047384
1389,10146,1,1,-1.7770071802418574,-1.0732372265997112
1390,5289,1,1,-1.2870166487932837,-0.8841186949394052
1391,2587,1,1,-2.128242674511199,-0.4943504140282489
1392,4405,0,0,0.709429555613494,2.144118703477694
1393,8663,1,1,-2.642415495919826,-0.420225533938878
1394,2589,1,1,-1.462540941074342,-0.7363726475689552
1395,3421,0,0,0.7658193352224205,1.5213220291356742
1396,10490,1,0,-0.7726332253631635,1.0412199111773264
1397,4094,1,0,-0.6953087282168174,2.5223694949079296
1398,9958,0,0,0.6341252553257494,1.5342348310594713
1399,2534,1,0,-0.9900843939000578,0.7668141915125364
1400,4188,1,0,-0.6223888435807694,1.8758651748168191
1401,6613,0,0,0.12773285491866915,2.430968015988006
1402,10827,1,0,-2.2119495008890993,1.9679757457734988
1403,5491,1,0,-0.4161924924419891,1.5538255956955687
1404,8402,0,0,1.4814570704848344,0.6204522702071631
1405,8783,0,0,0.9831865744130116,1.22137132417833
1406,10010,1,0,-1.288120809336212,2.435085149849556
1407,618,0,0,1.0714714143805588,0.13505377264406995
1408,9121,0,0,1.0941530133084285,1.5245855211753332
1409,361,1,1,-2.6002642966099008,-1.3803965999248438
1410,4310,0,2,3.9941212440278213,-1.0076516384967515
1411,2678,1,1,-2.1704366245766322,0.4145585611003462
1412,6376,0,0,0.6577482615806599,0.17998097971677213
1413,524,1,1,-1.5324612185130055,-1.3033456876232572
1414,10341,0,2,1.2544200588794485,-1.2250769293221362
1415,5654,1,1,-2.8019050109283636,0.3493107108671274
1416,4098,1,1,-2.4764509417245844,-0.2914465166048678
1417,5824,1,1,-3.352163445452878,0.5319805410845694
1418,7000,0,2,3.2923179119413635,-1.2789285850252843
1419,2561,0,0,0.8417527319454746,1.9038514899894092
1420,5229,1,1,-1.5079819588855496,-0.3395780815767312
1421,4086,1,1,-1.4992320380376323,-1.5921394673851448
1422,2428,1,1,-2.0647937225765673,-1.036395870762401
1423,8254,1,1,-2.603127290928535,-0.20182237525840072
1424,2836,1,1,-2.22229784164548,-1.138091230344364
1425,8418,1,1,-2.303832567775708,-0.44430248026091557
1426,1362,1,1,-0.5322723634346292,-0.6407394807335258
1427,7152,1,1,-2.2432066370065527,-1.8932140357528218
1428,10033,1,1,-2.1334622125030323,-2.212973378468177
1429,9349,0,2,2.4949668776350507,-0.2384234015068385
1430,274,1,1,-2.36281546447586,-0.9730759946671703
1431,3388,1,0,-0.8708470462564859,1.9554326502608614
1432,922,1,1,-1.9919810667126048,-0.5855694830802831
1433,8588,1,0,-0.6953087282168174,2.5223694949079296
1434,2518,1,1,-1.3135870623262544,-3.016936295338979
1435,574,0,1,0.31401540424704893,-2.246074875985079
1436,3220,1,1,-1.6469789682841778,-0.8116090988050905
1437,5967,1,1,-1.714642420406155,0.6183675921154718
1438,1183,1,1,-2.5456457763645997,-0.1407547004169804
1439,6856,1,1,-2.702686364554567,-0.42357970750293594
1440,4530,0,2,3.053513064937723,0.41750425639141875
1441,1553,0,2,2.593280772654915,0.18410321961477744
1442,4682,0,2,1.8797690624231245,-1.921989750005586
1443,8204,0,2,2.6475553522950617,-1.3747781175805347
1444,5221,0,0,0.8430802508484874,3.0038874658491985
1445,1232,0,2,2.3058581265192557,-1.1546967677389175
1446,1927,0,2,1.5387930032455142,0.46992279984432134
1447,5788,1,1,-0.0731150865295463,-0.6416921692907191
1448,6652,0,2,2.9874653436881227,-2.7312751005418954
1449,6246,0,2,4.163273450219433,-1.2780393648513293
1450,5975,1,1,-1.6374850162080399,-0.2045813305806044
1451,6875,0,0,0.11469870761047901,0.041865426567876604
1452,4399,0,2,2.3041922886467328,-1.7282116174108269
1453,4042,1,0,-1.433799342762882,0.8993054038693333
1454,2157,1,1,-2.5115427277724747,0.1306662280597804
1455,10133,0,2,3.4297196265016927,-1.2357013059043818
1456,2525,0,0,0.3091705001906466,-0.35417458032556426
1457,8233,0,0,0.670222609144101,2.9610841708570517
1458,9483,0,0,1.5506814125010506,1.0135775519911605
1459,2945,1,1,-2.0020812369920744,0.8757137415659463
1460,10403,1,1,-3.187807300761553,-1.0458510291083951
1461,5074,1,1,-2.2037304547927654,-0.9129620765243753
1462,10524,0,2,2.5880119301558304,0.5171958168547145
1463,4690,0,0,-0.22894087202269306,2.8313121034267725
1464,7521,0,2,3.169452778134054,-0.2341118247526139
1465,7196,1,1,-1.542648998854339,-1.0181339424987519
1466,4406,0,0,1.047470052079696,1.7672488938789943
1467,9672,1,1,-2.0509763536410697,-0.6648316068617146
1468,4864,1,1,-1.3980426963707793,0.5231586189432956
1469,4706,1,1,-1.6814495007382178,-0.17782406486925992
1470,4070,0,2,1.055589742793429,-0.038620154777762906
1471,25,0,2,1.8029941885944993,0.35314356437067385
1472,3697,1,0,-1.3815725408228103,0.888630536081855
1473,217,0,2,2.331859815575163,-0.6318940981842434
1474,4220,1,0,-0.07989820064640758,0.1973778016328605
1475,5286,0,2,0.49956694522019635,-1.3456570307448086
1476,9559,0,0,1.3181984783554266,2.0383392463151697
1477,2849,0,0,0.1447086630771301,1.3679297545009648
1478,7787,0,0,1.035448988327993,1.560917750982854
1479,3102,1,1,-2.744360932414667,-2.58996627097756
1480,5868,1,1,-2.8033462835874285,-1.7237757370196056
1481,8370,0,0,0.9782330286054768,0.5567495912310715
1482,9988,0,0,1.13718698090395,1.2144302663530278
1483,2939,0,2,3.0785233236276643,-1.7918127715530927
1484,5529,1,0,-0.8216949326570359,4.244722884043775
1485,9743,0,0,1.8090756355575892,2.5774884586300186
1486,5763,1,0,-0.14778005630492114,0.36089564183214257
1487,3478,0,0,0.352366301195193,1.5505766899448763
1488,7494,1,0,-1.2392751904461017,3.152151162914796
1489,1763,0,2,3.0639815702538074,-0.6498268116552405
1490,7250,0,0,0.12834802413192636,1.5227115348349964
1491,2005,1,1,-1.699014847218648,-1.5355191618221984
1492,10770,0,2,2.718959451095669,-0.9663815664230757
1493,6885,1,1,-1.9892470313179746,-0.2018351048027946
1494,2072,0,0,0.09568264615870868,2.715049130617025
1495,9463,0,0,1.2885913882920192,2.3472770948449746
1496,6318,0,2,2.171905472073496,-0.315052602456403
1497,4093,1,0,-0.23523092162472506,1.912926292483655
1498,5751,1,1,-2.1334622125030323,-2.212973378468177
1499,3340,1,0,-0.8532906164922616,1.8625736133492483
1500,3594,1,0,-0.6345632699755034,3.7140954456304875
1501,3584,0,0,2.139157447348495,1.8161509180234738
1502,3643,0,2,1.9338423893311993,-0.056220085981167206
1503,851,1,0,-0.2851786981921259,2.2009156428357506
1504,7706,0,0,0.5199792063526655,1.8225442261235596
1505,3967,0,2,3.319293901952303,-1.3945933103968373
1506,10128,0,0,1.1736802554885273,1.8852463002349442
1507,486,0,2,2.804980136579194,-2.059240413200574
1508,9,1,0,-1.230005983333752,1.2428462819180157
1509,9451,0,0,1.0383643414392598,1.6858986769399131
1510,9264,0,2,3.0969971050639025,-2.2829307879155327
1511,3865,1,1,-1.8959462622575758,-1.3464354002484873
1512,2853,1,1,-0.12942086528949723,-0.806997761031422
1513,1490,0,0,0.21445856097726754,3.1417363943716023
1514,6310,1,1,-1.6597140329105262,-0.8163057982920696
1515,10380,1,1,-1.7262942786781275,-0.616875176624778
1516,3887,1,1,-2.4049670956896696,-0.7615187802678914
1517,4278,0,2,1.7548776370915895,-0.24443793853075113
1518,8643,0,2,2.5481266446640367,-1.9353175514267713
1519,1998,1,1,-1.0379251731227381,-1.0319276793452044
1520,10795,1,1,-1.9587206634856236,-1.0217913622293116
1521,11110,1,1,-5.629868061584204,-3.605759454334202
1522,2408,0,0,-0.020621669474599303,2.9123465705600755
1523,202,0,2,3.503398569131656,-1.9580472921864929
1524,7998,1,0,-1.2650413148050323,1.0291899446722517
1525,830,0,2,2.5511724961551563,-1.2880449202946955
1526,3536,1,1,-1.6423921582553607,-0.8905134706262282
1527,6050,0,0,0.5437322102568571,2.20165244859633
1528,125,1,0,-0.985100339358068,3.124781994609173
1529,3463,0,0,0.8850420425078627,1.3597628040041811
1530,2804,1,0,-1.230005983333752,1.2428462819180157
1531,3745,1,1,-2.7626008210200803,-0.4064820039552549
1532,9771,1,1,-1.6354909856522872,0.5033353306928283
1533,451,1,1,-2.7232196689171686,-2.2760825561581126
1534,10530,0,2,3.2669704687903334,-1.5891046981825772
1535,1079,0,0,1.0379248220305817,2.1973204215763427
1536,8920,0,0,0.5754890780175297,0.9740653511875057
1537,6678,1,1,-1.9871820741087012,-0.7664239739700464
1538,3852,0,0,0.5464883189037515,2.044452229559559
1539,528,0,2,2.2064210976821323,-1.880798280623873
1540,73,1,1,-1.9905264311591442,0.15347505808827183
1541,5589,0,0,0.2856838392003341,2.4150504057528144
1542,10212,1,1,-1.8664955591655448,0.3799198130128859
1543,6365,1,1,-1.844501608083322,-1.7493278469567075
1544,5636,1,1,-1.3852923703602038,-0.3971432145131834
1545,591,0,0,0.5959848337956781,1.2087306823679274
1546,2217,1,1,-2.334142771474172,-1.041142806092933
1547,2544,0,2,0.9002492084212881,-1.2093536049660079
1548,7725,0,2,2.655306941630607,-1.9302591006502117
1549,8091,0,2,1.3375511986904052,0.27184070993237414
1550,7321,0,2,2.6980272425183425,-1.730821643647889
1551,5462,0,0,1.157395182478758,2.086139262324939
1552,7791,1,1,-2.467958350310367,-0.1947187970312947
1553,955,1,0,-0.9284474264835647,2.6791465214968024
1554,4037,1,1,-2.7477591658905975,-1.4922048300007706
1555,6642,1,1,-2.080313593947723,0.8977000872719446
1556,2793,0,0,0.9176927666256168,1.14937967888733
1557,5424,1,1,-1.6469789682841778,-0.8116090988050905
1558,879,1,0,-0.9568761647661191,3.2572932053025694
1559,9530,1,1,-3.096396232764895,-1.6261048919524979
1560,4828,0,2,3.1758760871621337,-1.8167275263827674
1561,10699,1,1,-1.7869291096084752,-0.8667478697741877
1562,1497,0,0,0.4613681457927222,1.4543321570380765
1563,7476,0,0,1.4356431947500579,1.7145931500623781
1564,4390,0,2,1.9720186997214415,0.4409090320000436
1565,10478,1,0,-0.7293672328884371,3.8731062588404184
1566,1081,0,0,0.12394954586061022,3.8232239782870523
1567,4261,0,2,2.706914684698442,1.3420105956704427
1568,9916,1,1,-2.2311023313668623,1.3590663401579766
1569,5350,0,2,3.130268841231372,-1.8921602978555796
1570,8135,1,1,-2.1768900645137483,-2.638925678160004
1571,8685,1,0,-0.8532906164922616,1.8625736133492483
1572,4967,1,0,-0.9361437524136884,2.6156832689629708
1573,2130,1,1,-1.1812746027247052,-1.268850655568559
1574,9298,0,2,3.4427545331591394,-0.28860611007434994
1575,8175,1,1,-0.5701192748055435,-2.5057492508930923
1576,6257,0,0,0.20254975610308068,0.44773659934549964
1577,3790,1,1,-2.9502369526042194,-0.22133007904658272
1578,9952,0,2,3.7530271114367424,-1.8000801229480456
1579,3503,0,2,2.868285983465597,-1.782881964037158
1580,5223,1,1,-0.740645839059717,-0.25441775842450304
1581,4608,0,2,3.564725204389872,-3.0384476153522293
1582,1626,1,1,-1.6067819864962372,-0.8733357662653803
1583,4764,1,0,-1.2531026968529773,0.9601116261508159
1584,2471,0,2,1.2286838339148725,-2.2828725261059657
1585,5892,1,0,-0.7578426623555825,1.436703167566356
1586,2612,0,2,2.3380369470671085,-1.1051307485456257
1587,4971,1,0,-1.1327912840601833,1.0552137429832138
1588,5185,0,2,2.1925095481289336,-1.1223826667647252
1589,10069,1,1,-3.6089695150635324,-1.1744798693960024
1590,2262,1,0,-0.6040506483620816,1.5095434618457066
1591,1131,1,0,-0.6887767281384033,0.5197587504531103
1592,1041,1,0,-0.7426212664983528,2.60578733310682
1593,24,1,1,-2.8218951011901225,0.3214390415414195
1594,3409,1,0,-1.1925065608194574,0.49377167929016125
1595,7022,0,2,1.7418183525408863,0.13288090559738877
1596,7943,1,1,-0.5181848174599007,-1.6829082338103933
1597,5272,0,0,0.4269237172974719,2.2362068168038687
1598,5453,0,2,3.4237389963188454,-0.3519312158792332
1599,2565,0,2,2.5653302946452077,0.5309638168896784
1600,800,1,1,-1.7693612573059665,0.4335093013478463
1601,11092,1,1,-2.439597479486423,-0.9162032046732425
1602,5062,1,1,-2.3003108250828985,1.6416059612694933
1603,8969,0,2,1.7794324318339645,0.3318132011081841
1604,4656,0,0,0.011584513283188425,1.363184939805898
1605,4480,0,0,-0.1791750482146761,2.749495121281346
1606,9971,0,2,1.7168596330509964,0.3287596062114614
1607,6729,0,2,2.4869666426396506,-2.060827671240406
1608,1773,1,1,-2.7775356457841087,-1.9811005763652394
1609,9242,0,2,1.6222690962350244,-0.8236578114376186
1610,1764,1,1,-0.9700134742529323,0.102037460943625
1611,6215,1,1,-2.04956936513028,-1.002213837017879
1612,10099,0,0,0.7956086309392241,-0.18342689322611358
1613,5423,1,1,-2.753146004973393,-1.7543608556891666
1614,940,0,2,0.5529477589631577,-0.983284262432129
1615,3011,0,0,0.2015282144324386,-0.5410376988630295
1616,3298,0,0,0.7315647056387907,3.3433570677262647
1617,8286,1,0,-1.127007960057867,0.9941163211311628
1618,9668,1,1,-2.5724408394721614,-0.8462827849904294
1619,5120,0,2,2.4921119205896085,-1.279915456961458
1620,6097,1,0,-1.0842314230118841,3.3583887407508426
1621,7019,1,0,-0.6932788055236996,1.643980542655721
1622,7408,1,0,-0.5519635688608234,2.470260860108121
1623,8041,0,0,-0.004392143210546052,1.73480125560859
1624,252,0,0,0.4467500723634551,-0.5321996841223309
1625,9986,1,1,-2.2497460300857544,-0.737609436023843
1626,3276,1,1,-1.8207118554147483,-1.5197840328716197
1627,3859,0,2,1.6471928483032263,0.27437071463111923
1628,3570,1,0,-0.4916745612559879,0.9479044251826184
1629,3783,1,0,-0.7482478203453028,1.524670140590796
1630,10207,1,1,-2.8036859385500996,-2.2882432061953386
1631,10906,0,0,0.8507841936259514,1.5104851867014673
1632,3427,0,0,-0.01362662439140791,3.7318502805417317
1633,5209,0,0,0.09560533728302181,2.1461955674429807
1634,10711,0,2,3.3091440404184262,-1.6447432675010614
1635,10785,1,1,-2.0706139234794843,-0.11790862745978625
1636,2814,1,1,-2.357051045918385,-1.294767169957143
1637,6866,1,1,-2.0631756827403502,-1.879549746503276
1638,1665,0,0,1.2206958732250643,2.5326034490163596
1639,6575,1,0,-1.0044278493252847,2.0889551421789143
1640,3829,1,1,-2.374124402071213,-2.3610777536608647
1641,3091,0,2,1.3000797568939064,-0.17299442428050185
1642,10141,1,1,-1.0274273148492814,-2.5651016463768213
1643,5177,0,0,0.10137509138281228,1.288128052932474
1644,7005,0,2,1.8700427741439634,-1.2111325905550085
1645,6409,0,2,1.663598996386228,-1.122048065765324
1646,7485,1,0,-0.5127910284714211,0.5734574509442307
1647,8079,1,1,-1.590280813904161,-1.47599117140477
1648,8395,0,2,2.4037789472538496,0.465852346481997
1649,10352,1,1,-1.9804183499072232,1.2735680657321355
1650,4931,0,2,6.884669720044395,-4.994844514820627
1651,13,1,1,-2.080627976023836,0.16882866894389154
1652,1834,1,1,-1.8439156138906498,-1.125661211702784
1653,2285,1,0,-0.35702081169119076,1.5287077473050186
1654,2295,0,0,1.5255923119148016,0.7337218452964097
1655,1378,0,0,0.2886356244161876,1.4141302381654568
1656,2781,0,2,2.8141596591878115,-1.5359109052642712
1657,1165,1,0,-0.3922102181189072,2.344698497044286
1658,1404,1,1,-1.7784440211011874,0.93282526822624
1659,6457,0,2,1.3031294991685702,0.10939912055426694
1660,2639,1,1,-1.795500820203966,0.6526212760042902
1661,8299,1,1,-0.44578204993857135,-1.7889192668541283
1662,6437,1,1,-1.8715129841337028,-1.1387932216193504
1663,6912,0,0,0.827036064525799,1.4361538133075769
1664,7327,1,1,-0.871432048436906,0.04375554835407455
1665,5299,0,0,0.8952352790911167,1.7695062858735846
1666,4127,0,0,1.9331291262096382,1.7329709700540952
1667,8143,1,0,-0.14564900541547793,0.38294807463295427
1668,1964,0,2,3.2245029397624236,-1.2065719645558444
1669,3690,0,2,1.8193412774087432,-0.12268791125843928
1670,3433,0,2,2.7952239363844784,-0.4789390606013288
1671,3389,0,0,1.8146164453620175,1.3024160456269245
1672,4712,1,1,-0.9339616146002216,-2.969194429243912
1673,1170,1,1,-1.3760418776771937,-0.09821500347012527
1674,6347,1,1,-3.1199156881843306,-1.8744656202677554
1675,4065,1,0,-0.2638751457742614,1.2651424373315419
1676,8230,1,1,-1.8884854124817667,-1.6500394962056069
1677,1215,0,2,3.017539083944684,-1.0022933393070463
1678,5939,1,1,-1.4796677865625734,0.5764555706651835
1679,2156,1,1,-2.3303585098273927,1.1335835282563766
1680,7788,1,1,-1.964366140992828,-2.973724823006748
1681,10323,0,0,0.20287171149400102,1.279734500034778
1682,7947,1,1,-1.9010104418876705,-0.4538138156074474
1683,1891,0,2,3.0299192925529885,-1.6053772679363874
1684,2570,0,0,0.3016829127416295,2.948817743478082
1685,9256,0,0,0.6016078152608813,1.5083077300364998
1686,295,0,2,3.2232218322310886,-1.7099368920889182
1687,7397,0,0,0.22294542198002953,2.304925918272637
1688,6349,0,2,1.3932195421710605,-0.40904846702864783
1689,10790,1,1,-3.1934156072939577,-1.4032334041274024
1690,10398,1,1,-3.006405537460558,-1.530699551572282
1691,2431,1,1,-2.362941148047448,-2.0364351837336216
1692,550,0,2,1.8052328183026685,-0.2821291088507614
1693,1890,1,1,-2.6533051596112065,-0.22982092469586327
1694,10742,0,2,2.228088454329196,-1.0014171829460892
1695,10356,1,1,-2.1489613780471193,1.2160056316442593
1696,4676,0,0,1.3604659639548824,1.172854482496224
1697,8852,0,0,0.7880336446912969,1.0261202637718463
1698,3565,1,0,-2.139236886873449,1.8065228499958372
1699,5294,1,1,-2.6893219119106417,-1.288027472176863
1700,1958,0,0,0.23891705598782018,2.524044013727903
1701,7349,1,1,-2.8315631372116057,-0.23264791462888584
1702,8799,1,1,-1.0046081505530122,-0.4862602546323581
1703,1351,0,0,1.5872224616967638,2.4117159901519916
1704,1045,1,0,-0.1329276869069758,0.3350002690158903
1705,7732,0,0,0.5909743784051468,0.09057821377987343
1706,8070,0,0,0.8570396888285091,0.09360805576775708
1707,477,0,2,3.4645132209795766,-2.1102799072673633
1708,7832,0,2,2.133976707886079,0.8549187402124634
1709,2202,1,1,-1.2803939351326339,-0.6275024121348545
1710,7396,0,2,3.176226636499613,-1.7861242192564135
1711,4055,1,1,-2.8885138638220136,-1.5630181263611567
1712,10340,1,0,-1.2141523995538996,0.6629953027962256
1713,10091,0,0,1.0311928183561818,0.7675775927099012
1714,7629,1,1,-3.1229774443630487,-1.1279635779153434
1715,10640,1,0,-1.324564744051188,1.0298634490057328
1716,3498,0,0,0.7554140681135797,1.3508110527873054
1717,6742,1,1,-3.562079502459522,-1.4674210898020166
1718,1172,0,2,2.7210148652814907,-0.9876214128060429
1719,569,0,2,2.9278207578899744,-1.776631393454152
1720,4686,0,2,3.056504192704742,-1.3532721216783936
1721,1381,1,0,-1.0356565899545405,0.8942681989308867
1722,2634,1,1,-1.9443848669300459,-2.0352404731409135
1723,10905,1,0,-1.0378499330480273,2.5556776267622032
1724,1744,1,1,-1.4391039625171633,-1.6067490764561037
1725,1000,0,0,0.5464883189037515,2.044452229559559
1726,3828,0,0,1.837465153842893,1.097363981215347
1727,8605,1,1,-1.9007212959534685,0.8538409014241825
1728,10304,1,1,-1.4992320380376323,-1.5921394673851448
1729,4351,1,1,-1.4401217207277144,-0.33869595343890946
1730,10129,0,2,3.2305501997920043,-1.743497867582447
1731,2499,0,0,1.0038195379614798,0.2551377441176093
1732,10092,0,0,2.1469382004522557,2.281487824244012
1733,7500,0,0,0.02501941146816227,0.732517795182814
1734,5796,0,2,3.2164231147169673,-1.2951209909645696
1735,10556,1,0,-0.29242842207027053,0.8274723494346603
1736,1064,1,1,-1.858965390854321,-0.8909776183945964
1737,48,1,0,-0.6737221121270096,1.422649286808604
1738,7610,1,0,-0.515733315991198,1.5408667396504636
1739,263,1,1,-0.46660258494225204,-0.3297909250211039
1740,10814,0,2,2.523968767738235,-1.073155635500157
1741,9710,0,0,0.27230198836529146,2.721787477736099
1742,9292,0,2,3.871917001064136,-1.505832095480723
1743,10250,1,1,-2.1920621599915426,-1.3111073106330655
1744,7881,0,2,2.494289189417406,0.2758416110894092
1745,5847,0,0,0.8772543053850567,0.8038481213683587
1746,737,0,2,2.7713220320508,0.8165436701724815
1747,3571,0,0,0.6249675610637357,2.7559058299950507
1748,7807,1,0,-0.7151730011871082,0.7257602366107903
1749,3878,1,1,-2.3503764360538977,-1.9051921664560187
1750,5092,0,0,-0.3064551873208044,3.0231102163781345
1751,2154,1,1,-2.691136700837378,0.21447674765040456
1752,5394,1,1,-2.196168444834774,-0.9881958901823505
1753,3798,1,1,-1.4539939409222498,-0.02501264980816819
1754,3524,1,1,-1.3562555627894932,0.6171268521497841
1755,5247,1,1,-1.6322392077585821,0.2888095319978472
1756,5883,0,0,0.938185274488101,0.28710504254663116
1757,2118,0,0,0.47016545818659755,0.8252666110711387
1758,8812,1,1,-3.086337404429922,-0.7762348350788854
1759,6616,0,2,1.1906314704868135,-0.4625358005134229
1760,2797,0,0,1.5640169539561133,0.9220351431096124
1761,4328,1,1,-2.0270519404694376,-1.2625901699681967
1762,9167,0,0,0.786788161552255,1.5486209301038785
1763,10560,1,1,-2.016270579884022,-0.8657189668744808
1764,2631,0,2,3.506541430456126,-2.1865198697743713
1765,8312,1,1,-1.8812646431959825,-2.065786180585837
1766,5534,1,0,-0.47453533180996815,0.6219894265995125
1767,5093,1,1,-2.4004169288257597,0.33068972933613244
1768,7592,0,0,0.17759768381332286,0.06134450138991317
1769,8895,0,2,2.7177501012620406,-2.2477580788132077
1770,8584,0,2,4.360601994391877,-1.975136368317493
1771,2694,1,1,-1.7612633949103988,-0.04252605679359526
1772,8910,1,0,-1.0378499330480273,2.5556776267622032
1773,7433,1,1,-1.3561863194781871,-0.21360890737711846
1774,164,1,0,-0.7537507826340113,0.8916984168559239
1775,10477,1,1,-1.2242057868060672,0.5181067951604313
1776,2681,0,2,2.1020893827490412,-2.351297086912613
1777,5150,1,1,-2.7607192594023315,-1.168088052343522
1778,5283,1,0,-1.1126857130708934,0.7532093654476437
1779,9645,0,0,1.5072750113965347,1.1000606478793196
1780,10678,0,0,0.6574798802801702,2.0609484828676368
1781,7261,1,0,-1.1786918753200375,2.128375695897821
1782,9648,1,0,-1.3045119916298613,2.133887927991838
1783,2870,0,0,0.0217762783513659,2.3520542464215395
1784,8008,1,1,-1.5161093287497613,-1.0942305940218233
1785,1513,0,0,-0.20517313650435123,2.4584056021542953
1786,6173,0,2,1.9738688838623077,-0.503211825361766
1787,1419,1,1,-1.4780683003267479,0.3929197620132157
1788,9150,1,1,-1.3549204745910437,0.5902768768858558
1789,7960,0,2,3.7726065874487507,-0.841361921269919
1790,1250,1,1,-1.0379251731227381,-1.0319276793452044
1791,9905,1,0,-0.5212161436051715,1.797451799346617
1792,10691,1,1,-1.670680664440875,-0.9258547228492768
1793,7002,0,2,1.0207191329942829,-0.2976248493654158
1794,2952,1,1,-1.7758811145018827,-0.8021271218439952
1795,8439,0,0,0.4806642920629137,1.9217045317738144
1796,762,0,2,1.3000797568939064,-0.17299442428050185
1797,2831,0,2,1.948788238045881,-0.5622302415134997
1798,6977,0,0,1.6291806002026223,0.6474453738325888
1799,6289,1,0,-0.5930161039173468,2.0314145357396542
1800,4168,1,0,-0.9997169921781532,2.0628937376545613
1801,8397,1,1,-1.4534986144694002,0.47340339579772717
1802,9284,0,0,1.1736802554885273,1.8852463002349442
1803,6237,1,1,-0.9868027275455817,-0.2743849158181319
1804,3130,1,1,-2.8651110840464984,0.5735829128541077
1805,1619,0,2,3.664781225930507,-2.4693466099721397
1806,1990,0,2,2.5226498055953046,-0.8344238860796366
1807,5513,1,1,-2.3227304997427827,0.4710758440640646
1808,269,0,0,0.4329865802880682,2.292520271662153
1809,8093,0,2,2.494523268996999,-1.3904320506395091
1810,10513,0,2,1.3474907756243564,-1.6665011031936563
1811,10177,0,2,1.9010577172557317,0.7671979699276319
1812,2549,1,1,-2.583283248216427,-1.2593260279769416
1813,5782,0,0,0.29528437984984257,1.0262448997810576
1814,10057,0,2,2.273153276594065,-0.12891949436324113
1815,10307,0,0,0.00470080455585663,2.1344493410106806
1816,8566,1,1,-2.938789717401378,-1.064173182480905
1817,2415,0,2,1.0908276007240898,0.023197257894277432
1818,5684,1,1,-2.1288972361239957,1.3710479433315852
1819,8334,1,1,-1.3633166389092921,0.6431152613469024
1820,9166,0,2,1.6610377424574427,0.3870578335265923
1821,1440,0,0,1.0470569996072612,0.2872517932836103
1822,78,1,1,-1.5965429688424424,-1.3522128630613743
1823,5441,0,0,0.24906730545651207,1.24164784709574
1824,5302,0,2,2.839815211675463,-2.173024877425746
1825,4687,0,2,4.251290891718588,-1.5132060944972785
1826,1087,1,1,-2.153821653189508,0.10881373212353644
1827,6859,1,1,-2.4159040065746247,0.017788679934385536
1828,9860,1,0,-0.8092659562387053,1.9749408932711827
1829,7129,0,0,0.7963102702945358,2.6032493556055654
1830,5866,1,0,-0.8173518398821623,0.2731566947762773
1831,10521,1,1,-0.6481646058978963,-0.0204168104090049
1832,7393,1,1,-1.2900225372272696,0.5665661203107828
1833,7849,0,2,3.6608956781896307,-2.3287794775636583
1834,332,1,0,-0.31564191997324836,1.6657568815302566
1835,9847,0,0,0.5887465876045042,1.9387609932686103
1836,531,0,0,1.0066154092765485,2.8309684369050676
1837,9576,1,1,-1.8393909705306848,0.49016131637472843
1838,6906,0,2,3.9378160625214926,-2.142631440151364
1839,7419,1,1,-2.0546862143644797,-1.867462402677131
1840,3170,0,2,2.5057773931932155,-1.1198468459475936
1841,8527,1,0,-0.31847112792717036,1.9859014760188907
1842,7872,0,2,2.618354898125926,-1.2396459712493184
1843,9931,1,1,-6.594916757231964,-0.21563854754276085
1844,10595,1,1,-1.8206295766683276,-2.640790651906121
1845,4609,0,0,-0.21990457609589506,2.284613168979632
1846,5010,1,1,-2.791987919531277,-1.9931778696211266
1847,4427,0,2,2.5652332220346246,-1.2980209792729447
1848,11148,1,1,-3.097200501034083,-1.9930944865807148
1849,1168,0,2,3.013328733444979,-2.439201456672914
1850,9595,0,2,2.5861395113352077,-1.2884526847340483
1851,10163,0,2,1.85035164069965,-0.2859568966717407
1852,2886,0,0,1.4739831277389968,2.8592777893207275
1853,6710,1,0,-1.6281537517532074,1.5676586092506755
1854,5316,1,1,-1.7195590254854491,-1.214047001840091
1855,9029,0,2,3.6502934096988895,-1.6518640225307029
1856,521,1,0,-0.3015399163486934,0.19207689866164232
1857,1459,0,0,1.315091450333885,1.0131583930523125
1858,10241,1,1,-3.4315933509325554,-2.284342285623296
1859,1630,0,2,0.5964303922833092,-0.565348970903113
1860,3254,0,2,1.7548644459635494,-0.31597494699032963
1861,9064,0,2,2.1822965737726503,-0.39282451852682404
1862,3678,0,0,-0.38370374671079793,3.6572148165660145
1863,4227,1,1,-1.586750415108728,0.371560042701017
1864,9467,1,1,-2.0817902439914695,-3.116045906774652
1865,8486,1,0,-1.7383169675991483,2.8544460358810886
1866,2186,0,2,3.5000788184465126,-1.263198594334184
1867,3286,1,1,-2.150031585497054,-1.048851640743519
1868,8602,0,0,1.6003922295753483,0.7871093763517469
1869,3722,1,1,-2.161560254132671,0.5497343208509482
1870,6715,0,0,0.576510031810885,2.633347365218464
1871,4796,1,1,-0.8762953644846537,-0.8556642084026612
1872,9612,1,1,-2.319963933806988,-2.591651866787185
1873,3766,1,0,-0.3048926719784136,0.4867242310381161
1874,1399,0,2,3.4371268293826907,-1.543206952831517
1875,1570,0,0,1.9679197331477665,1.3841635508355745
1876,3426,0,0,1.236961191005879,1.3475006535815968
1877,3074,0,2,2.3138139642051034,0.28120138254071336
1878,8341,1,1,-1.5979643230365728,-0.8297126746779049
1879,5180,1,0,-1.243650321030467,1.5256678706465159
1880,6461,0,2,2.13093625157642,0.1863709412644914
1881,7679,1,1,-0.5580492200453253,-3.6183471626007124
1882,10702,1,0,-0.3732089303933921,0.4139464182294679
1883,7505,1,1,-0.9611663320831271,-0.48087352699702873
1884,5113,0,2,2.9113813564408755,-1.4991356243769978
1885,10858,0,0,0.5953397412478328,1.6872793221273137
1886,2961,1,0,-0.08257093146742779,0.275481370882253
1887,2747,0,2,3.1723228535841383,-1.3393627005666007
1888,3010,0,2,3.425252334181294,-1.7379447090779523
1889,5790,1,1,-2.3254315261473675,-0.4727879362370272
1890,6892,0,0,0.1485045481295736,3.1939950879559382
1891,1743,0,2,2.407421041915456,-2.1305091564903584
1892,3578,1,0,-0.22628272712835057,0.7747497566166024
1893,8462,1,1,-1.5694572850854855,-1.7620260120301954
1894,5558,0,2,3.598842911486649,-0.49440933831970996
1895,4619,0,2,1.2087136377559249,0.33727066051305915
1896,8780,0,0,1.7227076351901267,1.1289341047229833
1897,10789,1,1,-2.0020288990181387,0.8474887306669285
1898,10779,1,1,-2.053906536627191,-2.4445911575282224
1899,5896,0,2,1.9414764395764736,-0.876453374358766
1900,2337,1,1,-1.9874032119440068,-1.2777498906831921
1901,10951,0,0,0.0601906767802972,1.2213591236835575
1902,544,0,2,2.7498330004705913,-1.0194585899565751
1903,17,0,0,1.9510361714302424,1.2264063585633684
1904,10680,1,1,-2.0185767424523,-0.23493039325587609
1905,3265,1,1,-1.3470560611957432,-1.037082587803763
1906,5623,1,1,-1.3870505950416177,-1.6627685470615103
1907,5832,0,2,4.0123687208021055,-2.3834494701105795
1908,5544,0,0,1.7445518572650227,1.530839133196573
1909,6417,0,2,3.004927918020791,-0.6279485402812174
1910,5831,0,0,1.3556814798554806,1.4113666456489664
1911,7101,0,0,0.5312065643248802,3.283218964373103
1912,10176,0,0,0.3241494490214788,1.1828342461460684
1913,2326,1,1,-1.9128910078423234,-1.708699145923639
1914,4385,1,1,-1.9682714650146584,-0.25383491710710915
1915,2929,1,1,-1.2331653362671193,-1.67118080962563
1916,10686,1,1,-2.6930791166723598,0.2622706107309486
1917,2546,1,1,-1.4489880094820033,-1.9074200190307415
1918,3283,0,0,0.9915152416098438,0.07312860159199451
1919,3138,0,2,3.1110414500908328,0.7756967342394778
1920,4994,0,2,2.6972022540198526,0.9317993103074576
1921,7966,0,0,1.1173684368766297,1.679364789432186
1922,3112,1,1,-2.3404243462567456,-2.643216880442357
1923,10872,0,0,0.44252527664221303,2.435718430639085
1924,2181,0,2,2.481281382278808,-2.2060966207192028
1925,1867,0,0,1.4263451764856572,0.6518732755878577
1926,1518,0,0,-0.10941226844126056,2.447069809683973
1927,5734,1,1,-1.1322502554280895,-0.6126518215346255
1928,2878,0,0,1.080513523373498,0.19266837005830828
1929,1458,1,1,-2.5535693737322704,-1.2368498162299477
1930,7007,1,1,-2.1081212666345994,-0.1433246330420054
1931,6200,0,2,1.9692187545207394,0.7108848046348202
1932,1403,1,1,-2.442165044998826,-1.1456726962936203
1933,4827,0,0,0.681481879624773,0.3143642985821709
1934,6250,0,0,0.1572198589437505,3.5709357137287294
1935,9291,1,1,-1.7087976521665666,-1.9038981496861207
1936,2478,1,1,-1.9801142119194974,-1.941584757247549
1937,1139,0,2,3.3680323150961606,-0.5728406271772748
1938,5138,1,1,-1.9320748206132883,-0.7710862131377015
1939,5393,1,1,-2.3708609062726125,-0.7386285160601608
1940,10413,0,2,2.792627448558176,-1.9201580700398393
1941,5015,1,1,-0.6065444004277477,-0.2772303057188494
1942,10868,0,2,2.5373669170216706,-1.072243905196055
1943,10676,0,2,2.7968480254387518,-1.8622806309722137
1944,2495,0,2,2.8378118087357214,-2.2083488769628534
1945,7842,1,1,-2.347981971885007,0.03015991122156742
1946,9955,1,0,-1.3815725408228103,0.888630536081855
1947,6663,0,0,0.267203049490633,1.3872870744112915
1948,2162,0,2,1.0343631253423453,-0.14940489053514427
1949,3434,0,2,3.165857879880429,-1.5871294431524114
1950,7919,0,0,1.4678977116422796,0.688937375699231
1951,5626,0,2,1.2609632184780664,0.1153681851270996
1952,6428,0,2,4.511656293094618,-1.7593622174571133
1953,8514,1,1,-2.167657164437219,-1.8852036103218426
1954,10448,0,0,0.01012882021595969,1.5873589328575184
1955,2109,0,2,3.6402158722390614,-2.288507597110824
1956,7530,1,0,-0.5127910284714211,0.5734574509442307
1957,8925,0,0,1.1435086902651566,1.6357940762855347
1958,3009,0,0,1.5256701067109586,1.375392821635439
1959,6355,1,1,-1.6511938882847437,-0.7940468856792386
1960,3517,1,0,-1.521919849266063,1.064663886088961
1961,1158,1,0,-1.224893181470179,0.7964944317013174
1962,6203,0,2,3.0390248277104552,-0.9219421985610625
1963,7165,0,0,0.6166558236955155,0.7960870628062335
1964,3595,0,2,2.2723260107166774,0.5807650979847897
1965,8537,0,2,3.7287683011422117,-1.0381619586404565
1966,4331,0,2,3.3481637379490614,-1.0508239324946875
1967,6281,0,0,0.8793470350692256,1.3106760744404882
1968,4338,1,1,-1.6043364320097788,-1.4464362259713772
1969,2452,1,0,-1.1786918753200375,2.128375695897821
1970,9507,1,0,-0.15843748614016842,1.0787127812577306
1971,8360,1,0,-0.42347581981814114,0.7813863925683324
1972,10311,1,1,-1.9948906470428018,-0.42289305497255153
1973,5117,0,2,0.7774381772370672,-0.7861757075562791
1974,4867,1,0,-2.1185005590874617,1.5789356503419318
1975,9289,1,1,-1.475055229243134,-0.9198501988198677
1976,10913,1,1,-2.5840804964239514,-2.3782882808722516
1977,3032,1,1,-2.1961091039584075,-0.3439242607748977
1978,8524,1,1,-2.4004169288257597,0.33068972933613244
1979,3334,0,2,3.9492186542778183,-1.6092606267233454
1980,4470,1,1,0.016335621047542923,-0.6927033432056247
1981,1406,1,0,-0.5147272123022354,2.668756819972813
1982,8619,1,1,-1.9806730269596615,-1.9269580997997806
1983,10821,1,0,-1.1193306640397267,2.3757364559515244
1984,4552,0,2,1.3818170997959387,-1.83276324491578
1985,898,1,1,-2.1795081503570097,-0.7128186362691038
1986,9797,0,2,1.467922344925077,-0.30761941949437954
1987,10949,0,2,2.5632445628284786,-0.3263472895057844
1988,8212,1,0,-0.9685696499952134,0.4819582722686012
1989,6248,0,2,3.28982913820438,-0.2788775395827689
1990,10164,0,2,2.0156241104853883,0.6090907200771859
1991,4547,1,1,-3.3030542376477814,-1.039036964601976
1992,6815,0,2,2.646248372643894,-1.192914170611563
1993,4122,0,2,1.8643550694825746,0.3586261604457576
1994,10841,0,0,0.7455949747694487,0.2845265296909874
1995,5370,1,0,-0.8818215690640178,1.2885987632759908
1996,176,0,2,0.2866219105510311,-0.8385580887442535
1997,4860,1,1,-2.271919637514958,-1.7772765596636746
1998,10757,1,1,-2.5195573841653145,-1.9011375325743283
1999,4023,1,1,-1.5564912600028498,0.01417130813818451
2000,6679,1,1,-1.1185551915169119,-2.5403286248957344
2001,9923,1,0,-1.8873065760691414,1.3024868459356047
2002,7181,1,1,-2.2055875302723167,0.08583654154603473
2003,3599,0,0,1.0763783807314125,0.9345607182809221
2004,405,0,0,0.22281374118384373,2.1983441173531175
2005,6870,0,0,0.9285628686818235,0.10849496259329397
2006,832,0,0,0.6623816059115065,1.7988507527578836
2007,2002,0,2,2.864174355615436,-1.145340006103951
2008,3657,1,1,-1.782143771750008,0.9091740847613108
2009,500,0,2,3.175492758508663,-0.8599766235018015
2010,1951,1,0,-0.45599837801713433,1.3253602504756854
2011,3262,0,2,2.8956099047045094,-0.010222059144865594
2012,4102,1,1,-2.334142771474172,-1.041142806092933
2013,7042,1,1,-1.3982732910915243,-1.7273448786503347
2014,10598,1,1,-2.7012332986657563,-0.21612506185432034
2015,255,1,1,-2.732042813321261,0.7866695806236801
2016,2375,1,1,-2.9770027619011343,-1.0861190558877079
2017,9829,1,1,-2.030925232049834,-0.6466758115250815
2018,6214,1,1,-1.6328297360033779,-1.5775821013731262
2019,4954,1,0,-0.6155899902055569,1.492808817698692
2020,7861,0,0,1.2810951578792333,1.7279496585505996
2021,4837,0,0,1.6260280041442925,1.2389190538702641
2022,9423,1,1,-1.7499404599103296,-1.4867566151056395
2023,4198,1,1,-2.443940528959172,-1.2051870735047856
2024,153,1,1,-1.4635963548055264,-1.2319519472560219
2025,9323,0,0,0.6156210809910241,2.379455167406885
2026,10001,1,1,-3.0865162801242785,-0.877989600657208
2027,3945,0,0,1.6018370277480407,2.09863566468638
2028,3799,0,0,0.9072738437117913,0.6549917217866953
2029,8625,1,1,-2.6874454747822045,-0.8999314847352082
2030,3491,0,0,0.7425243707237906,1.1080806686249207
2031,983,1,1,-0.7337876713648872,-0.16081930401165417
2032,9119,0,2,1.4190648619935051,0.29607934988930895
2033,4786,0,0,0.43142756603392446,1.9851649306455117
2034,5872,0,0,1.482507391027522,0.47901818082014436
2035,6568,1,1,-1.7714550618143492,-1.91697001467776
2036,5628,0,0,1.1781291893739119,0.376445655232823
2037,5631,0,2,1.2466745734803237,-1.4156674930812272
2038,4974,0,0,0.7500575943818809,1.7540851678150722
2039,8416,1,1,-2.2970463331152966,-1.506915745929552
2040,5454,1,1,-1.5770074867387138,-0.0151393885135784
2041,4095,1,0,-0.35420929100241483,1.47332517066101
2042,5474,1,1,-0.695938462941753,-0.5248204300835576
2043,4268,1,0,-0.12251959198899055,0.40774633991366016
2044,10701,0,2,2.3606311624267495,-0.05769506161279446
2045,3507,0,2,1.7750301830283435,0.1585545216578332
2046,2079,0,2,3.437609988374824,-1.2198994782687445
2047,626,1,1,-1.7658882665019098,-0.4031953457950322
2048,4426,1,0,-0.6791103704153879,2.840610794526803
2049,2591,0,2,1.4945432829188443,0.3282128699648347
2050,10509,1,1,-2.2236960746665573,1.1921384829954982
2051,6382,1,1,-1.5002085953165147,-0.9575303577968591
2052,6673,1,1,-1.8273943921318943,-0.7671722374395853
2053,7441,0,2,2.1719203467486365,0.7724787516497116
2054,1071,0,0,0.9176927666256168,1.14937967888733
2055,10061,0,0,0.6700454930835906,2.2225671766406325
2056,7187,0,0,1.4802480996895664,1.9007635430198364
2057,8775,1,1,-1.081973642819195,-0.4267619171769847
2058,1612,1,1,-1.67569915441966,-0.14535525132742083
2059,2345,0,2,2.3058581265192557,-1.1546967677389175
2060,322,1,1,-1.879078269006039,0.36933555163103277
2061,10897,0,0,1.157395182478758,2.086139262324939
2062,123,0,2,2.092675373386244,0.9455488261530821
2063,6103,1,1,-0.08991564841257138,-0.572841463878002
2064,7899,0,0,2.0770367384235673,1.760480668029988
2065,10500,1,1,-1.8057764738904756,-1.0002872042068174
2066,1655,1,1,-1.9654617439045705,-1.6755326382759954
2067,2406,0,0,0.5270205789510175,1.927617278962383
2068,2712,0,2,1.4350701731018818,-0.286106697747644
2069,5517,1,1,-1.5965429688424424,-1.3522128630613743
2070,10643,0,2,0.6411595128391443,-1.4034398054569832
2071,2254,0,2,1.8038642148277027,-0.2399255713495766
2072,10281,0,2,1.3577855366284457,-0.6060384296220065
2073,6958,1,1,-1.5722429015579527,-0.9676926551617705
2074,954,1,1,-0.9368390770201928,-2.105693296247187
2075,5079,1,0,-1.4235646207431967,1.684791886911349
2076,10339,1,0,-0.4396812092593297,1.7778081822594183
2077,4643,1,1,-1.977199310980509,-0.6141160225405055
2078,3117,1,0,-0.492602456414747,2.172684963832945
2079,6497,1,0,-0.36845596336696024,2.5862115586624945
2080,5396,0,2,2.171905472073496,-0.315052602456403
2081,5250,0,2,2.947313577693573,-0.917901075835636
2082,1052,0,0,1.3060702745511636,1.7838156573199528
2083,2802,0,2,2.900879344019621,-2.746837082673359
2084,6343,0,2,2.8868310966562207,0.03995055170770546
2085,6507,1,1,-0.8308938340539802,-1.7471110764479967
2086,7901,1,1,-1.6331958912522189,-2.2089463794440682
2087,4865,1,0,-0.716576529515741,1.7105480393547066
2088,2686,1,1,-2.5888866710959384,-2.1931521075582263
2089,3107,0,2,0.8313690009173474,-1.3684150068751337
2090,7734,0,2,3.331827593018351,-1.1995522379567471
2091,1146,0,0,0.6156210809910241,2.379455167406885
2092,11031,1,1,-1.543918029691813,0.14320211409800843
2093,7428,0,2,3.3370489577214486,-2.072816906298496
2094,975,1,0,-0.8644444416378743,2.60517010660205
2095,1103,0,0,1.4946327346932222,1.3758672924164779
2096,3422,0,0,1.2833481610895328,0.9289290015102692
2097,1055,1,1,-1.634958767635542,-0.47793374082222123
2098,6544,0,2,2.2022900139152335,0.4524392401316729
2099,1241,1,1,-3.1666126529722094,-1.0767257035761852
2100,2909,0,0,1.5228752307422753,1.2249843007294734
2101,5802,1,1,-2.1809160098020985,-1.905930969221201
2102,1407,1,1,-2.922798108061156,-0.8676019003433297
2103,6183,1,1,0.016335621047542923,-0.6927033432056247
2104,340,0,0,0.5768611186179666,0.20568746902173746
2105,5991,1,0,-0.6286595160566584,2.0758768466057913
2106,3104,0,2,2.834089066263043,-1.0280680139885054
2107,9729,1,0,-0.23473642152472393,1.7440363989583862
2108,1008,0,0,0.9845740300762226,0.5065170717079319
2109,11091,1,1,-1.9934956986528212,-1.2912535508283312
2110,3969,1,1,-0.3641405634491896,-0.8490281902684765
2111,1916,1,0,-0.3323368264699929,1.3170290291732545
2112,9907,0,0,1.9189589905107103,1.1281267004033646
2113,87,1,1,-2.6560253812394325,-0.9281606629332644
2114,8659,0,2,2.5308030141217537,1.1121524809251249
2115,6262,0,2,3.591149098719735,-0.7320739020412279
2116,6147,1,1,-1.2570815138040885,-2.530760663202043
2117,8832,1,1,-1.492314866427985,-0.7153670260470781
2118,10067,1,1,-3.2397638799585597,-1.364783510406143
2119,7532,1,0,-1.7113683496038747,1.5355355061079237
2120,4915,0,0,0.48438846346626574,1.0818643480730996
2121,2115,1,1,-1.4116257992071752,0.429660488774687
2122,2088,0,2,3.0023403467176304,-0.43579502479183024
2123,2493,0,0,0.24595173368578882,1.270394871933819
2124,6292,0,2,2.403634887420799,-0.30628258190742486
2125,1631,0,0,1.313464918764283,1.784860684391015
2126,10104,1,1,-3.4911681928599827,-0.39350401991507056
2127,3006,1,1,-2.011271602198411,-1.4820820516039626
2128,3919,0,2,2.755449088852989,-1.0455812563241442
2129,11181,1,2,0.41982450545900346,-4.274376278102523
2130,642,1,1,-2.546463591632768,-0.36503416042807557
2131,4369,0,2,2.589823849335548,-1.180629032160547
2132,10127,0,0,-0.06551344708630287,1.46732931000028
2133,271,1,0,-0.19343439403472784,1.4579137601003886
2134,4973,1,1,-2.007285471487308,-2.3398849873728347
2135,2948,0,2,1.1207353928243213,-0.6441921391013892
2136,2715,1,0,-1.5719029395046094,1.3112262289491126
2137,10432,1,1,-2.7591508536034555,-2.6180028476929937
2138,9216,1,1,-2.345071144249784,0.14791176725645344
2139,7124,1,0,-1.4514603777077089,1.088664151562893
2140,9727,1,1,-1.6350651113049597,-1.5711066982810322
2141,5136,0,0,0.5608502246875634,2.7728053732890174
2142,9790,0,0,1.505669312512508,1.5063346022334168
2143,1818,1,1,-2.6064114887917453,-0.029130344139851435
2144,1100,1,1,-1.8021895776663903,0.7834871193417631
2145,7873,1,0,-0.3416860043148657,0.7527587728263092
2146,10609,1,0,-0.3466562856491672,0.29939516634987695
2147,6950,1,1,-1.9132196650822095,0.7855389557352902
2148,7233,0,2,1.7537364122542827,-0.7779724033257761
2149,9481,1,1,-2.459351805249086,-0.3027145394451553
2150,7699,1,0,-0.19343439403472784,1.4579137601003886
2151,2711,1,1,-2.357051045918385,-1.294767169957143
2152,8933,1,1,-1.8211349724575474,-1.3027155615637656
2153,8726,1,0,-1.2663811341483648,0.9373319003818859
2154,1515,1,1,-1.6086032145603497,-1.8071629748550004
2155,5186,0,0,0.9509859456286749,1.7142722491227866
2156,10157,0,1,0.22073806013948094,-0.7232499694497609
2157,5667,0,0,1.8197510078331254,1.724295172014925
2158,902,0,0,-0.02836191140875846,0.7766042961230917
2159,977,1,0,-0.23584285601257818,1.493194300180952
2160,7313,0,2,2.6805720389089855,-0.5290028821932329
2161,7600,1,1,-3.3453589287626815,-1.898337401408563
2162,9706,1,1,-1.3403326690332422,0.2620142119964704
2163,2429,0,2,1.9010577172557317,0.7671979699276319
2164,3520,0,2,2.439999786475754,-3.574349142144084
2165,10394,0,2,3.38350721117389,-0.9263318990305861
2166,4548,1,1,-1.881169575159731,-0.9768371612071904
2167,9362,0,0,0.18451661573701844,2.01518543704081
2168,3968,0,0,1.2329775389792397,1.3862816506446254
2169,4084,0,0,1.0222983826850909,-0.05605808361428071
2170,6721,0,0,1.343477704213669,1.289687313297476
2171,2829,0,0,0.7175858378963822,2.330806007177099
2172,1772,0,2,2.873399265721096,-0.473887001116311
2173,1544,0,2,2.396544601036124,-0.9809049657102897
2174,492,1,0,-0.7426212664983528,2.60578733310682
2175,4377,0,0,-0.11415695103008995,1.4830541981516898
2176,4541,1,0,-0.19269075664963883,-0.02438163477366466
2177,1321,1,1,-2.4472386339347105,-0.051608310394053385
2178,8858,0,0,-0.3640481826534635,3.0049422344453967
2179,3266,0,1,0.31401540424704893,-2.246074875985079
2180,11187,1,1,-1.7058041205554575,-0.9261313415889336
2181,8207,1,1,-1.0553254633733962,-0.5047651657776456
2182,9723,0,0,1.1793902342638087,1.6052126043829278
2183,2666,0,2,1.4124746682738922,0.4099451392883118
2184,5721,0,2,3.5812611238555996,-1.2510734715388903
2185,10652,0,2,2.589823849335548,-1.180629032160547
2186,1646,1,1,-1.1274156311436976,-2.197064555402442
2187,4418,0,2,2.759849457151778,-1.1296058184777837
2188,2656,1,1,-1.5336083773811324,-0.30092232853033196
2189,7990,1,1,-1.615661166192805,-1.287924827217882
2190,8722,0,2,2.9769925641875292,-0.7986742501494866
2191,7118,0,0,1.3534572628386166,1.6808710741810728
2192,2980,1,1,-3.6822268887247396,0.4886603173822509
2193,1839,1,1,-0.9317229384058758,-1.244888388537669
2194,10722,0,0,0.9445695629925598,0.7331355373183157
2195,2632,0,0,-0.06972816137432916,2.908416597501943
2196,9014,1,1,-2.5697993424500263,0.6769518085384724
2197,7620,1,1,-1.8523767166760163,-1.3704462283262566
2198,10968,0,0,1.2684214445971356,0.6558998083886667
2199,11133,1,0,-0.7426212664983528,2.60578733310682
2200,2736,0,2,1.86988234548265,0.05069676610203146
2201,1876,1,1,-1.9128910078423234,-1.708699145923639
2202,5959,1,0,-1.4835481371723551,2.514704464286802
2203,1092,0,0,0.24120859064171815,0.7060334775717991
2204,4333,1,0,-1.7283886318587909,1.4906275162358926
2205,3850,1,1,-2.774118068700292,-1.4086252336849858
2206,6168,1,1,-1.0725420100893266,0.5004438585769132
2207,607,1,0,-0.5492264903566951,2.3846259387075794
2208,10469,0,2,2.276812941634146,-1.8061167331850672
2209,6983,1,1,-2.1062114694280245,0.14817723348916848
2210,3661,0,2,2.827792159042783,-1.80325843714256
2211,9303,1,1,-5.642532339247014,-0.6556779017490495
2212,692,1,1,-2.568464516625736,-0.8797270098525807
2213,736,1,1,-2.3444935858072258,-0.9212852554143127
2214,9589,0,2,3.503398569131656,-1.9580472921864929
2215,4838,1,1,-2.8036859385500996,-2.2882432061953386
2216,9246,1,0,-0.7801615449540663,0.6732437555515265
2217,6261,0,0,0.5921874483932309,0.3418342665737778
2218,7366,0,2,3.244980486788901,-1.6439871781162623
2219,10659,1,1,-2.766469391856092,-0.8700333009815809
2220,1448,1,1,-2.362642701744006,-0.03008056261470565
2221,4286,0,0,1.201841597326799,1.899760650575922
2222,4749,1,0,-0.5610111531638936,3.0646227681902114
2223,4478,1,0,-0.894155736674688,3.46978282112927
2224,4201,0,0,0.4250065474327065,1.0451842178950843
2225,8720,0,2,1.8642030294361596,-6.478599401771327
2226,10084,1,1,-2.4765376258991534,-0.8266213510324745
2227,7004,1,1,-2.774635756753669,-0.5178280092448982
2228,9817,0,0,0.9254543734063349,1.6335749468340863
2229,8080,1,1,-1.5939858902037785,-3.3178154535423827
2230,8372,1,1,-2.4877599310527745,-1.712771624984081
2231,10870,0,0,0.6040390061269347,1.6731254447781172
2232,4001,1,0,-0.8216949326570359,4.244722884043775
2233,7270,0,2,1.5084838840723909,-0.29743268924967026
2234,8235,0,2,1.759597514561376,0.5475698036196041
2235,9405,1,0,-0.8674487738407258,1.1042464870790107
