fold,row,group,partition
1,1,1993,fit
1,4,953,fit
1,5,1799,fit
1,11,250,fit
1,16,1809,fit
1,17,485,fit
1,25,832,fit
1,26,1967,fit
1,27,435,fit
1,28,377,fit
1,29,701,fit
1,30,1533,fit
1,32,737,fit
1,33,1919,fit
1,34,1199,fit
1,37,1301,fit
1,38,754,fit
1,39,546,fit
1,40,708,fit
1,42,515,fit
1,48,1580,fit
1,49,211,fit
1,50,213,fit
1,51,277,fit
1,52,1720,fit
1,53,88,fit
1,54,254,fit
1,55,1504,fit
1,56,142,fit
1,57,267,fit
1,58,61,fit
1,60,1841,fit
1,61,454,fit
1,63,303,fit
1,65,963,fit
1,66,696,fit
1,67,1804,fit
1,68,1712,fit
1,69,753,fit
1,71,1180,fit
1,72,152,fit
1,75,723,fit
1,77,1647,fit
1,78,1114,fit
1,79,692,fit
1,80,912,fit
1,82,79,fit
1,84,1940,fit
1,85,1402,fit
1,86,506,fit
1,87,1056,fit
1,88,2010,fit
1,89,779,fit
1,91,1163,fit
1,92,232,fit
1,93,767,fit
1,94,324,fit
1,96,1288,fit
1,97,1476,fit
1,99,1477,fit
1,100,746,fit
1,101,113,fit
1,102,1509,fit
1,103,1286,fit
1,104,1620,fit
1,107,797,fit
1,108,234,fit
1,109,130,fit
1,110,1717,fit
1,111,1016,fit
1,112,876,fit
1,113,1729,fit
1,114,615,fit
1,116,556,fit
1,119,581,fit
1,120,418,fit
1,123,1576,fit
1,124,1263,fit
1,125,1376,fit
1,126,371,fit
1,128,40,fit
1,130,257,fit
1,132,194,fit
1,136,348,fit
1,137,1666,fit
1,139,1063,fit
1,141,343,fit
1,142,192,fit
1,143,690,fit
1,144,1388,fit
1,147,1639,fit
1,148,369,fit
1,149,603,fit
1,150,752,fit
1,151,589,fit
1,152,637,fit
1,153,123,fit
1,155,888,fit
1,156,493,fit
1,157,114,fit
1,160,1953,fit
1,161,959,fit
1,162,742,fit
1,163,1445,fit
1,164,278,fit
1,166,1486,fit
1,167,836,fit
1,168,283,fit
1,169,1875,fit
1,171,206,fit
1,172,1364,fit
1,173,528,fit
1,174,564,fit
1,175,1154,fit
1,176,698,fit
1,178,730,fit
1,180,1656,fit
1,182,2002,fit
1,183,572,fit
1,184,1932,fit
1,185,391,fit
1,186,1674,fit
1,187,1833,fit
1,189,94,fit
1,190,1981,fit
1,191,773,fit
1,193,786,fit
1,196,526,fit
1,197,769,fit
1,198,413,fit
1,201,1027,fit
1,202,1271,fit
1,203,308,fit
1,204,1334,fit
1,205,911,fit
1,206,218,fit
1,207,899,fit
1,208,1934,fit
1,212,1392,fit
1,215,1741,fit
1,216,1142,fit
1,217,53,fit
1,218,1371,fit
1,220,1209,fit
1,222,952,fit
1,224,174,fit
1,227,390,fit
1,229,1684,fit
1,230,1214,fit
1,231,851,fit
1,233,1290,fit
1,234,1208,fit
1,235,329,fit
1,236,869,fit
1,237,17,fit
1,238,396,fit
1,241,694,fit
1,244,1899,fit
1,245,1136,fit
1,246,1243,fit
1,249,820,fit
1,250,1593,fit
1,252,1537,fit
1,253,502,fit
1,255,647,fit
1,256,1147,fit
1,257,1207,fit
1,262,1066,fit
1,265,1668,fit
1,266,1192,fit
1,267,1004,fit
1,270,224,fit
1,271,1710,fit
1,272,1404,fit
1,273,791,fit
1,274,879,fit
1,275,1302,fit
1,276,568,fit
1,278,914,fit
1,280,485,fit
1,281,1847,fit
1,283,1382,fit
1,284,1820,fit
1,285,472,fit
1,286,1865,fit
1,287,644,fit
1,291,834,fit
1,292,1554,fit
1,293,892,fit
1,294,1384,fit
1,295,1954,fit
1,296,639,fit
1,297,475,fit
1,299,835,fit
1,300,457,fit
1,301,2031,fit
1,302,1412,fit
1,303,728,fit
1,305,759,fit
1,306,41,fit
1,307,1269,fit
1,308,541,fit
1,309,1926,fit
1,310,2030,fit
1,311,1960,fit
1,312,1900,fit
1,313,804,fit
1,316,1082,fit
1,317,1456,fit
1,318,66,fit
1,319,545,fit
1,320,1854,fit
1,321,42,fit
1,322,1170,fit
1,325,540,fit
1,327,438,fit
1,328,1610,fit
1,329,1669,fit
1,332,1747,fit
1,333,205,fit
1,335,170,fit
1,336,1190,fit
1,339,1683,fit
1,340,1479,fit
1,342,671,fit
1,343,1074,fit
1,344,334,fit
1,345,428,fit
1,346,1719,fit
1,349,1458,fit
1,350,304,fit
1,352,1814,fit
1,354,296,fit
1,355,340,fit
1,356,1276,fit
1,359,961,fit
1,361,492,fit
1,362,1955,fit
1,364,1523,fit
1,365,1651,fit
1,366,2022,fit
1,369,1959,fit
1,370,51,fit
1,372,1698,fit
1,373,1378,fit
1,376,6,fit
1,377,609,fit
1,379,148,fit
1,380,369,fit
1,382,1087,fit
1,383,1437,fit
1,384,1782,fit
1,385,1974,fit
1,386,1515,fit
1,387,702,fit
1,388,486,fit
1,389,2019,fit
1,390,1660,fit
1,391,1414,fit
1,392,653,fit
1,393,333,fit
1,397,931,fit
1,402,1274,fit
1,407,1979,fit
1,409,89,fit
1,410,725,fit
1,412,1444,fit
1,413,923,fit
1,416,519,fit
1,417,1829,fit
1,419,441,fit
1,420,1913,fit
1,423,379,fit
1,424,1434,fit
1,428,1673,fit
1,429,663,fit
1,430,1001,fit
1,431,1707,fit
1,434,501,fit
1,435,1298,fit
1,436,436,fit
1,437,925,fit
1,441,1320,fit
1,442,397,fit
1,443,1118,fit
1,444,1503,fit
1,445,1638,fit
1,446,1507,fit
1,448,1253,fit
1,449,279,fit
1,450,1616,fit
1,457,1450,fit
1,459,448,fit
1,462,523,fit
1,463,926,fit
1,465,718,fit
1,466,1534,fit
1,467,1293,fit
1,468,1012,fit
1,470,1381,fit
1,471,1964,fit
1,476,196,fit
1,477,986,fit
1,478,1614,fit
1,480,1128,fit
1,481,189,fit
1,483,343,fit
1,484,1883,fit
1,485,679,fit
1,486,487,fit
1,487,1721,fit
1,489,235,fit
1,490,1603,fit
1,491,882,fit
1,493,1992,fit
1,494,784,fit
1,495,1054,fit
1,496,1184,fit
1,497,481,fit
1,498,1313,fit
1,502,1262,fit
1,503,1818,fit
1,504,1736,fit
1,506,476,fit
1,508,1806,fit
1,509,1195,fit
1,510,366,fit
1,511,246,fit
1,516,1863,fit
1,518,461,fit
1,519,1188,fit
1,521,81,fit
1,522,561,fit
1,524,1277,fit
1,526,1611,fit
1,531,141,fit
1,532,1931,fit
1,535,164,fit
1,536,1679,fit
1,537,674,fit
1,539,2014,fit
1,540,1579,fit
1,541,1030,fit
1,544,3,fit
1,545,792,fit
1,548,900,fit
1,549,183,fit
1,550,491,fit
1,551,1746,fit
1,552,1305,fit
1,553,54,fit
1,556,684,fit
1,557,1115,fit
1,559,46,fit
1,563,1368,fit
1,567,1270,fit
1,568,885,fit
1,569,1574,fit
1,572,713,fit
1,573,1973,fit
1,575,1485,fit
1,579,299,fit
1,580,1980,fit
1,581,1699,fit
1,582,427,fit
1,583,1218,fit
1,584,217,fit
1,585,645,fit
1,586,1812,fit
1,590,1092,fit
1,592,967,fit
1,593,305,fit
1,594,627,fit
1,595,1652,fit
1,597,1564,fit
1,598,1449,fit
1,599,1628,fit
1,601,420,fit
1,602,1446,fit
1,603,754,fit
1,604,661,fit
1,605,1682,fit
1,606,422,fit
1,607,1701,fit
1,609,1756,fit
1,610,1926,fit
1,612,1327,fit
1,613,1560,fit
1,615,1294,fit
1,618,664,fit
1,620,19,fit
1,621,1958,fit
1,623,1035,fit
1,624,392,fit
1,625,500,fit
1,627,1657,fit
1,628,100,fit
1,630,1022,fit
1,632,251,fit
1,634,345,fit
1,635,186,fit
1,636,35,fit
1,637,1782,fit
1,638,1148,fit
1,640,1994,fit
1,641,1511,fit
1,642,1098,fit
1,643,2015,fit
1,644,1443,fit
1,646,724,fit
1,647,518,fit
1,648,1711,fit
1,651,1888,fit
1,653,133,fit
1,656,1725,fit
1,657,1047,fit
1,659,850,fit
1,661,1788,fit
1,662,1454,fit
1,663,990,fit
1,665,1316,fit
1,666,225,fit
1,667,1344,fit
1,668,364,fit
1,669,1678,fit
1,670,1877,fit
1,671,2022,fit
1,672,1468,fit
1,673,591,fit
1,674,1126,fit
1,676,1304,fit
1,677,1106,fit
1,678,405,fit
1,679,272,fit
1,680,293,fit
1,681,384,fit
1,682,1535,fit
1,683,1605,fit
1,684,37,fit
1,685,1342,fit
1,686,1952,fit
1,687,800,fit
1,688,643,fit
1,691,318,fit
1,694,1601,fit
1,695,352,fit
1,696,1596,fit
1,697,2005,fit
1,698,562,fit
1,700,230,fit
1,703,1587,fit
1,704,1734,fit
1,705,300,fit
1,707,607,fit
1,710,1566,fit
1,711,1481,fit
1,712,115,fit
1,714,956,fit
1,715,1853,fit
1,716,1332,fit
1,718,1687,fit
1,719,1722,fit
1,722,899,fit
1,723,1929,fit
1,724,678,fit
1,728,1059,fit
1,729,254,fit
1,731,978,fit
1,732,1786,fit
1,733,1145,fit
1,735,226,fit
1,736,743,fit
1,737,316,fit
1,738,1982,fit
1,739,464,fit
1,741,537,fit
1,742,434,fit
1,743,1435,fit
1,749,850,fit
1,750,1923,fit
1,751,359,fit
1,753,710,fit
1,754,1645,fit
1,755,771,fit
1,756,873,fit
1,757,1816,fit
1,758,668,fit
1,761,1937,fit
1,763,1416,fit
1,765,1635,fit
1,769,1229,fit
1,770,927,fit
1,772,1211,fit
1,774,1354,fit
1,775,1158,fit
1,778,349,fit
1,780,1242,fit
1,781,846,fit
1,782,1081,fit
1,783,1999,fit
1,784,1585,fit
1,785,258,fit
1,786,1604,fit
1,787,414,fit
1,788,796,fit
1,790,1281,fit
1,791,187,fit
1,792,68,fit
1,793,1247,fit
1,794,1700,fit
1,795,262,fit
1,801,1732,fit
1,802,199,fit
1,803,1761,fit
1,804,242,fit
1,805,179,fit
1,806,55,fit
1,807,1950,fit
1,809,942,fit
1,810,1691,fit
1,811,1089,fit
1,812,624,fit
1,813,1283,fit
1,815,1903,fit
1,817,2001,fit
1,820,491,fit
1,821,684,fit
1,823,1962,fit
1,824,239,fit
1,826,26,fit
1,827,288,fit
1,828,1536,fit
1,830,1546,fit
1,831,1836,fit
1,833,1356,fit
1,834,992,fit
1,836,1238,fit
1,837,1169,fit
1,838,1667,fit
1,839,123,fit
1,840,1224,fit
1,844,12,fit
1,845,411,fit
1,846,1470,fit
1,847,1280,fit
1,849,1425,fit
1,851,622,fit
1,852,2018,fit
1,856,350,fit
1,857,801,fit
1,858,808,fit
1,859,715,fit
1,862,1173,fit
1,863,122,fit
1,865,4,fit
1,866,1983,fit
1,868,1021,fit
1,872,140,fit
1,876,1791,fit
1,877,1225,fit
1,878,271,fit
1,879,1768,fit
1,880,1794,fit
1,881,1605,fit
1,884,1329,fit
1,886,1811,fit
1,887,1633,fit
1,888,388,fit
1,889,1122,fit
1,890,241,fit
1,891,546,fit
1,892,533,fit
1,893,1246,fit
1,895,1423,fit
1,896,1267,fit
1,898,134,fit
1,901,449,fit
1,904,1792,fit
1,905,1739,fit
1,906,891,fit
1,907,11,fit
1,909,2008,fit
1,910,1621,fit
1,911,106,fit
1,913,505,fit
1,914,1579,fit
1,916,1407,fit
1,919,150,fit
1,921,687,fit
1,922,781,fit
1,923,259,fit
1,925,2019,fit
1,927,855,fit
1,928,1703,fit
1,929,1296,fit
1,931,1937,fit
1,932,146,fit
1,933,761,fit
1,935,412,fit
1,938,236,fit
1,939,1453,fit
1,940,9,fit
1,943,680,fit
1,944,15,fit
1,945,1411,fit
1,946,681,fit
1,947,402,fit
1,948,446,fit
1,949,310,fit
1,950,284,fit
1,951,921,fit
1,952,1935,fit
1,954,629,fit
1,955,1009,fit
1,956,1351,fit
1,958,1149,fit
1,959,1101,fit
1,961,1410,fit
1,963,440,fit
1,964,1975,fit
1,965,1552,fit
1,967,709,fit
1,970,69,fit
1,972,1577,fit
1,976,1315,fit
1,977,658,fit
1,979,894,fit
1,980,1027,fit
1,981,71,fit
1,982,1024,fit
1,985,1789,fit
1,986,780,fit
1,987,1157,fit
1,988,1848,fit
1,989,610,fit
1,991,1767,fit
1,993,810,fit
1,994,1875,fit
1,995,1856,fit
1,997,1251,fit
1,1000,631,fit
1,1001,1850,fit
1,1002,1549,fit
1,1004,434,fit
1,1005,792,fit
1,1006,932,fit
1,1008,161,fit
1,1009,766,fit
1,1010,1321,fit
1,1012,1909,fit
1,1014,1731,fit
1,1016,1810,fit
1,1017,1627,fit
1,1018,228,fit
1,1019,1624,fit
1,1020,222,fit
1,1021,292,fit
1,1022,818,fit
1,1023,1864,fit
1,1024,734,fit
1,1025,1894,fit
1,1026,817,fit
1,1027,159,fit
1,1029,898,fit
1,1031,2010,fit
1,1032,248,fit
1,1033,947,fit
1,1034,1906,fit
1,1035,1071,fit
1,1036,1783,fit
1,1037,551,fit
1,1038,417,fit
1,1039,1595,fit
1,1040,1377,fit
1,1043,697,fit
1,1046,2029,fit
1,1049,1751,fit
1,1050,883,fit
1,1052,1330,fit
1,1053,1971,fit
1,1056,822,fit
1,1058,652,fit
1,1059,1907,fit
1,1062,1256,fit
1,1064,33,fit
1,1066,1389,fit
1,1067,146,fit
1,1068,1897,fit
1,1069,1405,fit
1,1070,612,fit
1,1071,139,fit
1,1072,1370,fit
1,1074,1467,fit
1,1081,601,fit
1,1086,1025,fit
1,1087,1311,fit
1,1091,2012,fit
1,1093,980,fit
1,1094,1109,fit
1,1095,828,fit
1,1096,634,fit
1,1097,1530,fit
1,1098,1943,fit
1,1099,1632,fit
1,1100,1607,fit
1,1101,1473,fit
1,1102,74,fit
1,1103,273,fit
1,1105,376,fit
1,1107,1547,fit
1,1108,495,fit
1,1109,933,fit
1,1110,518,fit
1,1111,1557,fit
1,1114,1491,fit
1,1115,844,fit
1,1116,864,fit
1,1117,917,fit
1,1118,1178,fit
1,1119,498,fit
1,1120,1821,fit
1,1121,995,fit
1,1123,954,fit
1,1125,1230,fit
1,1126,208,fit
1,1129,39,fit
1,1130,1369,fit
1,1131,1871,fit
1,1132,25,fit
1,1133,129,fit
1,1134,549,fit
1,1135,1533,fit
1,1136,1837,fit
1,1137,418,fit
1,1139,1289,fit
1,1142,1637,fit
1,1144,934,fit
1,1146,949,fit
1,1147,1589,fit
1,1148,1187,fit
1,1150,1197,fit
1,1152,1526,fit
1,1153,219,fit
1,1154,539,fit
1,1155,1663,fit
1,1156,336,fit
1,1158,934,fit
1,1161,87,fit
1,1163,1826,fit
1,1165,1223,fit
1,1167,584,fit
1,1168,1320,fit
1,1169,383,fit
1,1171,962,fit
1,1172,919,fit
1,1173,496,fit
1,1174,1357,fit
1,1176,60,fit
1,1177,1996,fit
1,1179,1257,fit
1,1182,1105,fit
1,1183,78,fit
1,1184,557,fit
1,1185,1317,fit
1,1186,1113,fit
1,1187,1860,fit
1,1188,812,fit
1,1191,1240,fit
1,1193,1635,fit
1,1194,1570,fit
1,1196,354,fit
1,1197,1352,fit
1,1198,171,fit
1,1201,119,fit
1,1202,432,fit
1,1203,701,fit
1,1204,1885,fit
1,1205,994,fit
1,1207,326,fit
1,1208,1417,fit
1,1211,1017,fit
1,1212,1904,fit
1,1215,653,fit
1,1219,1772,fit
1,1220,27,fit
1,1221,691,fit
1,1222,1185,fit
1,1223,507,fit
1,1224,158,fit
1,1226,57,fit
1,1228,638,fit
1,1229,406,fit
1,1231,598,fit
1,1233,478,fit
1,1235,925,fit
1,1236,1255,fit
1,1237,513,fit
1,1240,260,fit
1,1241,99,fit
1,1242,314,fit
1,1243,462,fit
1,1244,1322,fit
1,1245,2033,fit
1,1247,755,fit
1,1249,2024,fit
1,1251,1106,fit
1,1252,363,fit
1,1253,859,fit
1,1256,1755,fit
1,1258,365,fit
1,1259,320,fit
1,1260,1119,fit
1,1261,1524,fit
1,1262,1530,fit
1,1265,1020,fit
1,1267,375,fit
1,1269,816,fit
1,1270,858,fit
1,1273,1363,fit
1,1275,1489,fit
1,1276,1393,fit
1,1277,1345,fit
1,1278,712,fit
1,1279,1976,fit
1,1281,1347,fit
1,1282,1893,fit
1,1283,298,fit
1,1284,749,fit
1,1285,1834,fit
1,1287,197,fit
1,1289,1397,fit
1,1290,1141,fit
1,1293,578,fit
1,1295,1120,fit
1,1298,9,fit
1,1299,173,fit
1,1301,577,fit
1,1302,583,fit
1,1303,347,fit
1,1305,1036,fit
1,1306,1490,fit
1,1307,659,fit
1,1309,1918,fit
1,1310,981,fit
1,1311,2023,fit
1,1313,263,fit
1,1314,1196,fit
1,1317,1796,fit
1,1318,672,fit
1,1319,1068,fit
1,1320,1571,fit
1,1321,154,fit
1,1322,750,fit
1,1324,1912,fit
1,1325,1007,fit
1,1326,1396,fit
1,1327,1541,fit
1,1329,1827,fit
1,1333,602,fit
1,1335,1307,fit
1,1336,1131,fit
1,1337,1819,fit
1,1338,732,fit
1,1340,1432,fit
1,1341,848,fit
1,1343,1887,fit
1,1344,1477,fit
1,1346,549,fit
1,1347,143,fit
1,1352,1076,fit
1,1353,21,fit
1,1355,1754,fit
1,1356,107,fit
1,1357,623,fit
1,1358,1391,fit
1,1359,1618,fit
1,1361,890,fit
1,1363,857,fit
1,1364,1052,fit
1,1366,1591,fit
1,1368,342,fit
1,1369,1560,fit
1,1370,800,fit
1,1371,840,fit
1,1374,1798,fit
1,1375,1129,fit
1,1376,1127,fit
1,1377,163,fit
1,1378,1567,fit
1,1379,1175,fit
1,1384,1467,fit
1,1385,993,fit
1,1386,359,fit
1,1388,651,fit
1,1389,2028,fit
1,1390,479,fit
1,1391,444,fit
1,1393,1451,fit
1,1394,524,fit
1,1397,1518,fit
1,1398,1903,fit
1,1400,1191,fit
1,1401,1939,fit
1,1403,1931,fit
1,1405,1015,fit
1,1407,1740,fit
1,1408,1899,fit
1,1409,135,fit
1,1410,517,fit
1,1411,176,fit
1,1412,155,fit
1,1413,844,fit
1,1414,1287,fit
1,1415,1921,fit
1,1418,1801,fit
1,1419,51,fit
1,1421,1454,fit
1,1422,1418,fit
1,1423,1552,fit
1,1424,936,fit
1,1425,1268,fit
1,1426,1111,fit
1,1428,1060,fit
1,1429,153,fit
1,1430,984,fit
1,1432,1231,fit
1,1433,1518,fit
1,1435,1825,fit
1,1437,338,fit
1,1438,125,fit
1,1439,657,fit
1,1440,147,fit
1,1441,1318,fit
1,1446,127,fit
1,1448,863,fit
1,1449,1859,fit
1,1450,105,fit
1,1451,776,fit
1,1452,898,fit
1,1453,983,fit
1,1454,2,fit
1,1455,1713,fit
1,1456,1758,fit
1,1458,1048,fit
1,1460,760,fit
1,1462,1988,fit
1,1463,905,fit
1,1464,434,fit
1,1465,1694,fit
1,1466,719,fit
1,1467,1261,fit
1,1468,948,fit
1,1471,1295,fit
1,1472,1361,fit
1,1475,937,fit
1,1476,877,fit
1,1477,2018,fit
1,1478,1449,fit
1,1479,1606,fit
1,1480,1830,fit
1,1481,1427,fit
1,1482,989,fit
1,1485,385,fit
1,1486,282,fit
1,1487,944,fit
1,1489,997,fit
1,1490,1137,fit
1,1491,407,fit
1,1492,1866,fit
1,1494,1849,fit
1,1495,1542,fit
1,1496,1749,fit
1,1497,1055,fit
1,1498,1060,fit
1,1499,92,fit
1,1500,312,fit
1,1501,544,fit
1,1502,886,fit
1,1506,1042,fit
1,1507,709,fit
1,1508,1698,fit
1,1509,102,fit
1,1510,1306,fit
1,1511,1151,fit
1,1512,93,fit
1,1513,1528,fit
1,1514,1115,fit
1,1515,1153,fit
1,1516,120,fit
1,1517,466,fit
1,1519,243,fit
1,1520,1829,fit
1,1521,34,fit
1,1522,1949,fit
1,1523,1737,fit
1,1524,59,fit
1,1525,1104,fit
1,1527,286,fit
1,1528,1349,fit
1,1529,827,fit
1,1530,1698,fit
1,1532,1462,fit
1,1533,1787,fit
1,1536,906,fit
1,1537,1843,fit
1,1538,313,fit
1,1539,1553,fit
1,1540,443,fit
1,1541,1484,fit
1,1542,1954,fit
1,1543,1672,fit
1,1544,1565,fit
1,1545,1341,fit
1,1546,1590,fit
1,1548,548,fit
1,1549,508,fit
1,1550,1377,fit
1,1552,870,fit
1,1553,1343,fit
1,1554,1265,fit
1,1556,1742,fit
1,1558,199,fit
1,1559,1561,fit
1,1561,1161,fit
1,1562,1203,fit
1,1563,1728,fit
1,1564,1014,fit
1,1565,290,fit
1,1566,585,fit
1,1568,417,fit
1,1569,60,fit
1,1570,1093,fit
1,1571,92,fit
1,1572,1399,fit
1,1573,1869,fit
1,1574,1502,fit
1,1576,685,fit
1,1578,109,fit
1,1579,825,fit
1,1581,1940,fit
1,1585,1419,fit
1,1586,1776,fit
1,1587,1317,fit
1,1589,1155,fit
1,1590,1918,fit
1,1591,1350,fit
1,1593,1999,fit
1,1595,1430,fit
1,1596,1650,fit
1,1599,1135,fit
1,1602,1766,fit
1,1603,762,fit
1,1604,1514,fit
1,1605,307,fit
1,1608,747,fit
1,1609,907,fit
1,1612,471,fit
1,1614,1198,fit
1,1616,1986,fit
1,1617,1781,fit
1,1623,1471,fit
1,1625,787,fit
1,1626,1096,fit
1,1628,229,fit
1,1629,599,fit
1,1631,1276,fit
1,1633,456,fit
1,1635,841,fit
1,1637,23,fit
1,1638,1372,fit
1,1639,1762,fit
1,1641,1050,fit
1,1642,1102,fit
1,1646,1802,fit
1,1650,803,fit
1,1651,389,fit
1,1652,184,fit
1,1653,118,fit
1,1654,5,fit
1,1655,579,fit
1,1656,1061,fit
1,1657,1745,fit
1,1658,774,fit
1,1660,50,fit
1,1661,1669,fit
1,1662,1873,fit
1,1663,63,fit
1,1664,178,fit
1,1665,1657,fit
1,1666,2024,fit
1,1669,765,fit
1,1670,1958,fit
1,1671,1226,fit
1,1673,1878,fit
1,1675,1898,fit
1,1677,1140,fit
1,1679,1599,fit
1,1682,1167,fit
1,1683,969,fit
1,1684,426,fit
1,1685,596,fit
1,1686,1736,fit
1,1687,897,fit
1,1689,1328,fit
1,1691,843,fit
1,1694,404,fit
1,1695,1501,fit
1,1697,83,fit
1,1698,57,fit
1,1699,1623,fit
1,1702,190,fit
1,1703,594,fit
1,1705,1043,fit
1,1706,531,fit
1,1707,1517,fit
1,1708,276,fit
1,1709,1844,fit
1,1710,1121,fit
1,1714,704,fit
1,1716,527,fit
1,1717,14,fit
1,1720,1362,fit
1,1723,1461,fit
1,1724,1642,fit
1,1725,313,fit
1,1726,783,fit
1,1727,903,fit
1,1728,1454,fit
1,1730,1172,fit
1,1731,957,fit
1,1732,1463,fit
1,1733,668,fit
1,1734,240,fit
1,1735,1644,fit
1,1737,636,fit
1,1738,676,fit
1,1741,1465,fit
1,1743,287,fit
1,1744,2002,fit
1,1746,1099,fit
1,1748,1270,fit
1,1749,16,fit
1,1750,853,fit
1,1751,428,fit
1,1754,1495,fit
1,1756,1946,fit
1,1757,1774,fit
1,1758,815,fit
1,1759,370,fit
1,1760,1911,fit
1,1761,421,fit
1,1764,602,fit
1,1765,1932,fit
1,1766,1880,fit
1,1767,82,fit
1,1768,1660,fit
1,1769,1330,fit
1,1770,741,fit
1,1771,1039,fit
1,1772,1461,fit
1,1773,912,fit
1,1774,1753,fit
1,1775,1555,fit
1,1776,1260,fit
1,1777,673,fit
1,1779,1067,fit
1,1783,480,fit
1,1784,839,fit
1,1785,382,fit
1,1786,1717,fit
1,1787,1169,fit
1,1790,243,fit
1,1792,425,fit
1,1796,1050,fit
1,1798,2009,fit
1,1800,1684,fit
1,1801,270,fit
1,1802,1042,fit
1,1804,1147,fit
1,1809,1003,fit
1,1811,1842,fit
1,1812,185,fit
1,1813,1083,fit
1,1814,203,fit
1,1815,1924,fit
1,1816,1475,fit
1,1819,107,fit
1,1821,1823,fit
1,1823,1702,fit
1,1825,875,fit
1,1826,1046,fit
1,1830,180,fit
1,1831,1352,fit
1,1833,85,fit
1,1834,200,fit
1,1835,859,fit
1,1836,738,fit
1,1837,965,fit
1,1838,430,fit
1,1839,667,fit
1,1840,372,fit
1,1843,1586,fit
1,1844,1375,fit
1,1845,575,fit
1,1847,530,fit
1,1848,214,fit
1,1857,1212,fit
1,1858,110,fit
1,1860,1945,fit
1,1862,321,fit
1,1864,1062,fit
1,1865,563,fit
1,1868,1037,fit
1,1869,1073,fit
1,1872,1400,fit
1,1875,1968,fit
1,1877,95,fit
1,1879,167,fit
1,1880,811,fit
1,1881,775,fit
1,1883,1386,fit
1,1884,1681,fit
1,1885,1220,fit
1,1887,1243,fit
1,1888,327,fit
1,1889,1676,fit
1,1890,1044,fit
1,1892,821,fit
1,1893,1981,fit
1,1894,483,fit
1,1895,44,fit
1,1896,1479,fit
1,1897,94,fit
1,1898,553,fit
1,1900,73,fit
1,1901,655,fit
1,1903,1108,fit
1,1904,824,fit
1,1906,1235,fit
1,1907,1164,fit
1,1908,1690,fit
1,1911,2008,fit
1,1912,355,fit
1,1913,1432,fit
1,1914,1459,fit
1,1915,1810,fit
1,1918,1338,fit
1,1920,592,fit
1,1921,1764,fit
1,1922,29,fit
1,1923,1683,fit
1,1925,1241,fit
1,1926,567,fit
1,1927,1424,fit
1,1928,833,fit
1,1930,910,fit
1,1931,705,fit
1,1932,1078,fit
1,1933,618,fit
1,1934,1159,fit
1,1936,733,fit
1,1939,1134,fit
1,1940,1085,fit
1,1941,1989,fit
1,1942,757,fit
1,1945,1987,fit
1,1946,1361,fit
1,1949,1250,fit
1,1950,1496,fit
1,1951,1204,fit
1,1952,1726,fit
1,1954,1539,fit
1,1956,1802,fit
1,1957,1088,fit
1,1958,1916,fit
1,1960,649,fit
1,1961,103,fit
1,1963,463,fit
1,1964,975,fit
1,1966,1965,fit
1,1967,613,fit
1,1968,332,fit
1,1970,570,fit
1,1971,225,fit
1,1974,1383,fit
1,1976,469,fit
1,1978,82,fit
1,1979,1406,fit
1,1982,515,fit
1,1985,1492,fit
1,1986,1928,fit
1,1989,2004,fit
1,1990,252,fit
1,1991,1839,fit
1,1992,8,fit
1,1994,294,fit
1,1995,1917,fit
1,1997,736,fit
1,1998,928,fit
1,1999,1613,fit
1,2001,1906,fit
1,2002,31,fit
1,2003,1248,fit
1,2005,865,fit
1,2007,1031,fit
1,2008,1807,fit
1,2009,215,fit
1,2011,1760,fit
1,2012,1590,fit
1,2013,1582,fit
1,2018,1179,fit
1,2021,400,fit
1,2022,96,fit
1,2023,1554,fit
1,2024,1033,fit
1,2027,67,fit
1,2028,1876,fit
1,2031,574,fit
1,2033,1029,fit
1,2034,1002,fit
1,2035,1497,fit
1,2037,1944,fit
1,2040,1705,fit
1,2043,468,fit
1,2044,264,fit
1,2045,1770,fit
1,2047,590,fit
1,2048,630,fit
1,2049,1482,fit
1,2052,1232,fit
1,2053,160,fit
1,2054,1742,fit
1,2056,521,fit
1,2058,1428,fit
1,2064,1708,fit
1,2065,1433,fit
1,2067,1358,fit
1,2068,686,fit
1,2070,1907,fit
1,2071,1221,fit
1,2072,1688,fit
1,2073,1069,fit
1,2075,943,fit
1,2077,789,fit
1,2078,450,fit
1,2079,1545,fit
1,2080,1749,fit
1,2082,1253,fit
1,2084,534,fit
1,2085,920,fit
1,2087,1598,fit
1,2088,1658,fit
1,2089,554,fit
1,2090,330,fit
1,2093,1648,fit
1,2094,138,fit
1,2096,1094,fit
1,2098,1054,fit
1,2099,976,fit
1,2101,619,fit
1,2102,1081,fit
1,2105,586,fit
1,2106,538,fit
1,2107,1339,fit
1,2108,1597,fit
1,2117,201,fit
1,2118,1336,fit
1,2121,1882,fit
1,2123,1833,fit
1,2124,1500,fit
1,2126,1572,fit
1,2127,1576,fit
1,2128,1335,fit
1,2129,2025,fit
1,2130,1890,fit
1,2136,1778,fit
1,2138,916,fit
1,2139,616,fit
1,2141,642,fit
1,2144,860,fit
1,2145,1521,fit
1,2146,1077,fit
1,2148,399,fit
1,2149,1938,fit
1,2152,608,fit
1,2153,458,fit
1,2156,1183,fit
1,2157,1325,fit
1,2162,806,fit
1,2163,1842,fit
1,2167,47,fit
1,2168,1773,fit
1,2169,1529,fit
1,2172,798,fit
1,2175,872,fit
1,2176,293,fit
1,2177,1508,fit
1,2178,452,fit
1,2179,1825,fit
1,2180,358,fit
1,2182,2003,fit
1,2183,941,fit
1,2184,1174,fit
1,2187,558,fit
1,2188,357,fit
1,2189,1010,fit
1,2190,1425,fit
1,2191,721,fit
1,2193,938,fit
1,2194,1581,fit
1,2195,1891,fit
1,2196,988,fit
1,2200,1278,fit
1,2201,1432,fit
1,2203,1000,fit
1,2204,1870,fit
1,2207,1217,fit
1,2210,970,fit
1,2211,1665,fit
1,2214,1737,fit
1,2216,974,fit
1,2218,1841,fit
1,2220,1649,fit
1,2221,166,fit
1,2222,623,fit
1,2223,849,fit
1,2224,1166,fit
1,2225,1559,fit
1,2226,75,fit
1,2228,1440,fit
1,2230,545,fit
1,2231,666,fit
1,2233,512,fit
1,2234,362,fit
1,2235,717,fit
1,6,1977,policy_validation
1,7,431,policy_validation
1,8,951,policy_validation
1,10,729,policy_validation
1,12,301,policy_validation
1,14,573,policy_validation
1,15,169,policy_validation
1,18,210,policy_validation
1,22,514,policy_validation
1,23,1441,policy_validation
1,31,38,policy_validation
1,41,1671,policy_validation
1,44,893,policy_validation
1,45,77,policy_validation
1,46,398,policy_validation
1,70,1447,policy_validation
1,73,682,policy_validation
1,76,1026,policy_validation
1,81,1065,policy_validation
1,83,38,policy_validation
1,98,2013,policy_validation
1,105,1984,policy_validation
1,129,1237,policy_validation
1,131,1011,policy_validation
1,133,823,policy_validation
1,135,915,policy_validation
1,140,1478,policy_validation
1,154,1677,policy_validation
1,158,845,policy_validation
1,159,1422,policy_validation
1,177,829,policy_validation
1,179,2013,policy_validation
1,188,45,policy_validation
1,194,1735,policy_validation
1,211,1045,policy_validation
1,213,1513,policy_validation
1,214,735,policy_validation
1,219,1409,policy_validation
1,221,1824,policy_validation
1,226,1706,policy_validation
1,228,1714,policy_validation
1,232,1556,policy_validation
1,242,1308,policy_validation
1,243,946,policy_validation
1,247,1374,policy_validation
1,248,1615,policy_validation
1,251,922,policy_validation
1,254,600,policy_validation
1,258,688,policy_validation
1,261,84,policy_validation
1,269,1498,policy_validation
1,290,175,policy_validation
1,304,595,policy_validation
1,314,1922,policy_validation
1,315,165,policy_validation
1,330,1182,policy_validation
1,331,1177,policy_validation
1,337,339,policy_validation
1,347,416,policy_validation
1,353,1258,policy_validation
1,358,1956,policy_validation
1,360,84,policy_validation
1,363,157,policy_validation
1,374,1084,policy_validation
1,394,212,policy_validation
1,400,128,policy_validation
1,404,1661,policy_validation
1,405,951,policy_validation
1,406,813,policy_validation
1,408,1367,policy_validation
1,415,253,policy_validation
1,421,958,policy_validation
1,422,482,policy_validation
1,425,1715,policy_validation
1,426,536,policy_validation
1,427,706,policy_validation
1,432,1387,policy_validation
1,433,662,policy_validation
1,438,1189,policy_validation
1,439,1080,policy_validation
1,440,1084,policy_validation
1,447,720,policy_validation
1,456,112,policy_validation
1,464,1730,policy_validation
1,469,626,policy_validation
1,473,1832,policy_validation
1,479,1861,policy_validation
1,482,268,policy_validation
1,488,1970,policy_validation
1,500,1544,policy_validation
1,501,1387,policy_validation
1,505,1227,policy_validation
1,507,714,policy_validation
1,513,1323,policy_validation
1,523,909,policy_validation
1,528,445,policy_validation
1,529,1771,policy_validation
1,534,1438,policy_validation
1,543,1353,policy_validation
1,554,394,policy_validation
1,555,1874,policy_validation
1,560,867,policy_validation
1,561,1360,policy_validation
1,574,542,policy_validation
1,576,748,policy_validation
1,587,768,policy_validation
1,589,337,policy_validation
1,608,648,policy_validation
1,616,1634,policy_validation
1,619,1602,policy_validation
1,629,867,policy_validation
1,654,922,policy_validation
1,675,2017,policy_validation
1,690,195,policy_validation
1,699,1908,policy_validation
1,706,1177,policy_validation
1,708,973,policy_validation
1,717,1881,policy_validation
1,727,202,policy_validation
1,730,641,policy_validation
1,740,1838,policy_validation
1,744,1784,policy_validation
1,745,439,policy_validation
1,747,669,policy_validation
1,748,353,policy_validation
1,759,1997,policy_validation
1,764,1331,policy_validation
1,767,1947,policy_validation
1,771,1969,policy_validation
1,777,64,policy_validation
1,779,1609,policy_validation
1,789,1933,policy_validation
1,798,991,policy_validation
1,799,2020,policy_validation
1,816,1724,policy_validation
1,818,474,policy_validation
1,822,490,policy_validation
1,835,740,policy_validation
1,841,145,policy_validation
1,843,319,policy_validation
1,848,1441,policy_validation
1,850,408,policy_validation
1,854,998,policy_validation
1,855,1790,policy_validation
1,864,628,policy_validation
1,867,1401,policy_validation
1,869,1531,policy_validation
1,870,2027,policy_validation
1,873,1236,policy_validation
1,875,238,policy_validation
1,885,274,policy_validation
1,897,632,policy_validation
1,903,1641,policy_validation
1,908,794,policy_validation
1,915,1348,policy_validation
1,918,861,policy_validation
1,930,1525,policy_validation
1,934,1273,policy_validation
1,942,1779,policy_validation
1,953,1326,policy_validation
1,957,772,policy_validation
1,966,1857,policy_validation
1,968,1815,policy_validation
1,971,1852,policy_validation
1,973,1777,policy_validation
1,978,799,policy_validation
1,983,1643,policy_validation
1,999,1168,policy_validation
1,1003,1103,policy_validation
1,1011,497,policy_validation
1,1013,1130,policy_validation
1,1028,1252,policy_validation
1,1030,231,policy_validation
1,1042,1051,policy_validation
1,1044,467,policy_validation
1,1047,1130,policy_validation
1,1051,504,policy_validation
1,1075,764,policy_validation
1,1076,778,policy_validation
1,1077,1413,policy_validation
1,1078,1472,policy_validation
1,1083,1146,policy_validation
1,1084,1693,policy_validation
1,1085,979,policy_validation
1,1092,1266,policy_validation
1,1104,1874,policy_validation
1,1112,1519,policy_validation
1,1124,1765,policy_validation
1,1128,1312,policy_validation
1,1140,322,policy_validation
1,1149,1201,policy_validation
1,1151,693,policy_validation
1,1162,1309,policy_validation
1,1166,1963,policy_validation
1,1175,98,policy_validation
1,1180,90,policy_validation
1,1189,488,policy_validation
1,1199,522,policy_validation
1,1200,688,policy_validation
1,1206,247,policy_validation
1,1209,1244,policy_validation
1,1214,266,policy_validation
1,1216,181,policy_validation
1,1217,1380,policy_validation
1,1225,550,policy_validation
1,1230,1206,policy_validation
1,1232,1750,policy_validation
1,1234,1696,policy_validation
1,1254,1032,policy_validation
1,1255,999,policy_validation
1,1264,1057,policy_validation
1,1268,1655,policy_validation
1,1297,1686,policy_validation
1,1300,1927,policy_validation
1,1304,367,policy_validation
1,1312,529,policy_validation
1,1315,1922,policy_validation
1,1332,1292,policy_validation
1,1349,2007,policy_validation
1,1350,381,policy_validation
1,1360,566,policy_validation
1,1362,1550,policy_validation
1,1367,1622,policy_validation
1,1372,1213,policy_validation
1,1383,1562,policy_validation
1,1396,124,policy_validation
1,1402,451,policy_validation
1,1404,606,policy_validation
1,1406,1233,policy_validation
1,1427,504,policy_validation
1,1457,1868,policy_validation
1,1461,1895,policy_validation
1,1474,1662,policy_validation
1,1503,971,policy_validation
1,1505,727,policy_validation
1,1518,1439,policy_validation
1,1526,410,policy_validation
1,1531,1845,policy_validation
1,1534,149,policy_validation
1,1567,169,policy_validation
1,1575,1227,policy_validation
1,1577,24,policy_validation
1,1583,880,policy_validation
1,1584,117,policy_validation
1,1588,1743,policy_validation
1,1594,964,policy_validation
1,1598,1759,policy_validation
1,1601,1282,policy_validation
1,1607,339,policy_validation
1,1611,1735,policy_validation
1,1615,381,policy_validation
1,1618,1019,policy_validation
1,1619,112,policy_validation
1,1620,1219,policy_validation
1,1621,245,policy_validation
1,1630,1194,policy_validation
1,1632,1299,policy_validation
1,1640,1984,policy_validation
1,1645,1038,policy_validation
1,1648,70,policy_validation
1,1668,1110,policy_validation
1,1674,874,policy_validation
1,1676,1091,policy_validation
1,1678,1991,policy_validation
1,1681,1506,policy_validation
1,1693,620,policy_validation
1,1704,1116,policy_validation
1,1711,790,policy_validation
1,1715,1902,policy_validation
1,1736,1124,policy_validation
1,1742,374,policy_validation
1,1747,600,policy_validation
1,1752,1831,policy_validation
1,1753,654,policy_validation
1,1762,887,policy_validation
1,1763,1941,policy_validation
1,1781,1072,policy_validation
1,1782,136,policy_validation
1,1794,459,policy_validation
1,1797,1797,policy_validation
1,1807,1790,policy_validation
1,1810,1466,policy_validation
1,1824,1162,policy_validation
1,1846,10,policy_validation
1,1849,1152,policy_validation
1,1851,1429,policy_validation
1,1852,1998,policy_validation
1,1853,1097,policy_validation
1,1855,280,policy_validation
1,1859,1266,policy_validation
1,1866,807,policy_validation
1,1870,929,policy_validation
1,1876,455,policy_validation
1,1878,756,policy_validation
1,1891,511,policy_validation
1,1909,1852,policy_validation
1,1910,30,policy_validation
1,1916,1143,policy_validation
1,1919,289,policy_validation
1,1929,939,policy_validation
1,1935,1626,policy_validation
1,1937,580,policy_validation
1,1948,1494,policy_validation
1,1965,1006,policy_validation
1,1969,1072,policy_validation
1,1972,255,policy_validation
1,1975,131,policy_validation
1,1977,360,policy_validation
1,1980,1538,policy_validation
1,1981,1520,policy_validation
1,1983,560,policy_validation
1,1993,1575,policy_validation
1,1996,56,policy_validation
1,2004,104,policy_validation
1,2006,20,policy_validation
1,2025,555,policy_validation
1,2026,1805,policy_validation
1,2032,838,policy_validation
1,2050,1138,policy_validation
1,2062,1889,policy_validation
1,2066,1455,policy_validation
1,2074,677,policy_validation
1,2081,1460,policy_validation
1,2083,344,policy_validation
1,2091,555,policy_validation
1,2092,328,policy_validation
1,2097,1630,policy_validation
1,2100,188,policy_validation
1,2103,1538,policy_validation
1,2109,220,policy_validation
1,2110,49,policy_validation
1,2112,881,policy_validation
1,2115,401,policy_validation
1,2116,1584,policy_validation
1,2119,904,policy_validation
1,2120,700,policy_validation
1,2122,1696,policy_validation
1,2131,1914,policy_validation
1,2133,423,policy_validation
1,2134,1609,policy_validation
1,2150,423,policy_validation
1,2155,1284,policy_validation
1,2159,985,policy_validation
1,2160,852,policy_validation
1,2161,1569,policy_validation
1,2164,830,policy_validation
1,2166,785,policy_validation
1,2171,309,policy_validation
1,2185,1592,policy_validation
1,2197,387,policy_validation
1,2198,1395,policy_validation
1,2205,614,policy_validation
1,2206,295,policy_validation
1,2209,1487,policy_validation
1,2213,1206,policy_validation
1,2215,1194,policy_validation
1,2217,588,policy_validation
1,0,611,outer_test
1,2,1297,outer_test
1,3,1133,outer_test
1,9,716,outer_test
1,13,966,outer_test
1,19,1245,outer_test
1,20,249,outer_test
1,21,7,outer_test
1,24,1670,outer_test
1,35,884,outer_test
1,36,1123,outer_test
1,43,1744,outer_test
1,47,1608,outer_test
1,59,1210,outer_test
1,62,1851,outer_test
1,64,1588,outer_test
1,74,532,outer_test
1,90,1222,outer_test
1,95,223,outer_test
1,106,1239,outer_test
1,115,987,outer_test
1,117,1757,outer_test
1,118,503,outer_test
1,121,1112,outer_test
1,122,1653,outer_test
1,127,569,outer_test
1,134,1398,outer_test
1,138,660,outer_test
1,145,52,outer_test
1,146,722,outer_test
1,165,182,outer_test
1,170,1139,outer_test
1,181,1675,outer_test
1,192,58,outer_test
1,195,1896,outer_test
1,199,1355,outer_test
1,200,1040,outer_test
1,209,409,outer_test
1,210,751,outer_test
1,223,913,outer_test
1,225,1013,outer_test
1,239,2011,outer_test
1,240,1884,outer_test
1,259,395,outer_test
1,260,940,outer_test
1,263,216,outer_test
1,264,1415,outer_test
1,268,665,outer_test
1,277,1150,outer_test
1,279,1013,outer_test
1,282,1930,outer_test
1,288,1780,outer_test
1,289,605,outer_test
1,298,625,outer_test
1,323,1808,outer_test
1,324,1186,outer_test
1,326,902,outer_test
1,334,1408,outer_test
1,338,453,outer_test
1,341,297,outer_test
1,348,726,outer_test
1,351,826,outer_test
1,357,1840,outer_test
1,367,1659,outer_test
1,368,470,outer_test
1,371,126,outer_test
1,375,1879,outer_test
1,378,1727,outer_test
1,381,1023,outer_test
1,395,2006,outer_test
1,396,1291,outer_test
1,398,945,outer_test
1,399,447,outer_test
1,401,889,outer_test
1,403,1558,outer_test
1,411,380,outer_test
1,414,656,outer_test
1,418,223,outer_test
1,451,1990,outer_test
1,452,1540,outer_test
1,453,703,outer_test
1,454,670,outer_test
1,455,386,outer_test
1,458,1394,outer_test
1,460,1415,outer_test
1,461,758,outer_test
1,472,1171,outer_test
1,474,1532,outer_test
1,475,782,outer_test
1,492,968,outer_test
1,499,1193,outer_test
1,512,805,outer_test
1,514,1385,outer_test
1,515,1594,outer_test
1,517,1978,outer_test
1,520,1442,outer_test
1,525,244,outer_test
1,527,1272,outer_test
1,530,1319,outer_test
1,533,97,outer_test
1,538,1285,outer_test
1,542,1359,outer_test
1,546,1090,outer_test
1,547,415,outer_test
1,558,13,outer_test
1,562,144,outer_test
1,564,1709,outer_test
1,565,1886,outer_test
1,566,1858,outer_test
1,570,331,outer_test
1,571,18,outer_test
1,577,1704,outer_test
1,578,1670,outer_test
1,588,617,outer_test
1,591,640,outer_test
1,596,233,outer_test
1,600,1695,outer_test
1,611,373,outer_test
1,614,770,outer_test
1,617,1064,outer_test
1,622,587,outer_test
1,626,982,outer_test
1,631,731,outer_test
1,633,788,outer_test
1,639,1578,outer_test
1,645,1160,outer_test
1,649,1763,outer_test
1,650,269,outer_test
1,652,1205,outer_test
1,655,1483,outer_test
1,658,1727,outer_test
1,660,1972,outer_test
1,664,739,outer_test
1,689,571,outer_test
1,692,346,outer_test
1,693,1028,outer_test
1,701,2026,outer_test
1,702,726,outer_test
1,709,1058,outer_test
1,713,847,outer_test
1,720,930,outer_test
1,721,1215,outer_test
1,725,1100,outer_test
1,726,744,outer_test
1,734,1452,outer_test
1,746,48,outer_test
1,752,777,outer_test
1,760,256,outer_test
1,762,1951,outer_test
1,766,361,outer_test
1,768,1144,outer_test
1,773,763,outer_test
1,776,582,outer_test
1,796,281,outer_test
1,797,460,outer_test
1,800,285,outer_test
1,808,1300,outer_test
1,814,65,outer_test
1,819,1457,outer_test
1,825,1499,outer_test
1,829,156,outer_test
1,832,1936,outer_test
1,842,198,outer_test
1,853,121,outer_test
1,860,28,outer_test
1,861,306,outer_test
1,871,227,outer_test
1,874,1420,outer_test
1,882,72,outer_test
1,883,1366,outer_test
1,894,809,outer_test
1,899,802,outer_test
1,900,683,outer_test
1,902,2021,outer_test
1,912,108,outer_test
1,917,1421,outer_test
1,920,1872,outer_test
1,924,437,outer_test
1,926,1769,outer_test
1,936,895,outer_test
1,937,494,outer_test
1,941,795,outer_test
1,960,1125,outer_test
1,962,1279,outer_test
1,969,707,outer_test
1,974,1100,outer_test
1,975,1034,outer_test
1,984,950,outer_test
1,990,1216,outer_test
1,992,1028,outer_test
1,996,1436,outer_test
1,998,1573,outer_test
1,1007,1563,outer_test
1,1015,1822,outer_test
1,1041,1346,outer_test
1,1045,341,outer_test
1,1048,261,outer_test
1,1054,650,outer_test
1,1055,86,outer_test
1,1057,275,outer_test
1,1060,1855,outer_test
1,1061,1053,outer_test
1,1063,1512,outer_test
1,1065,1365,outer_test
1,1073,484,outer_test
1,1079,323,outer_test
1,1080,1075,outer_test
1,1082,1049,outer_test
1,1088,745,outer_test
1,1089,1594,outer_test
1,1090,126,outer_test
1,1106,1961,outer_test
1,1113,1775,outer_test
1,1122,1636,outer_test
1,1127,1156,outer_test
1,1138,711,outer_test
1,1141,1817,outer_test
1,1143,1275,outer_test
1,1145,499,outer_test
1,1157,1892,outer_test
1,1159,368,outer_test
1,1160,1828,outer_test
1,1164,1718,outer_test
1,1170,1474,outer_test
1,1178,1165,outer_test
1,1181,489,outer_test
1,1190,604,outer_test
1,1192,1150,outer_test
1,1195,633,outer_test
1,1210,1510,outer_test
1,1213,1548,outer_test
1,1218,1373,outer_test
1,1227,177,outer_test
1,1238,1631,outer_test
1,1239,1228,outer_test
1,1246,393,outer_test
1,1248,1685,outer_test
1,1250,419,outer_test
1,1257,1855,outer_test
1,1263,1867,outer_test
1,1266,1942,outer_test
1,1271,1752,outer_test
1,1272,302,outer_test
1,1274,378,outer_test
1,1280,1314,outer_test
1,1286,1646,outer_test
1,1288,1884,outer_test
1,1291,1079,outer_test
1,1292,1985,outer_test
1,1294,1117,outer_test
1,1296,209,outer_test
1,1308,311,outer_test
1,1316,1431,outer_test
1,1323,1813,outer_test
1,1328,424,outer_test
1,1330,1905,outer_test
1,1331,960,outer_test
1,1334,819,outer_test
1,1339,275,outer_test
1,1342,1058,outer_test
1,1345,1527,outer_test
1,1348,1738,outer_test
1,1351,1568,outer_test
1,1354,442,outer_test
1,1365,2026,outer_test
1,1373,918,outer_test
1,1380,0,outer_test
1,1381,1948,outer_test
1,1382,908,outer_test
1,1387,862,outer_test
1,1392,1748,outer_test
1,1395,1150,outer_test
1,1399,1966,outer_test
1,1416,646,outer_test
1,1417,1200,outer_test
1,1420,509,outer_test
1,1431,1915,outer_test
1,1434,856,outer_test
1,1436,1420,outer_test
1,1442,1835,outer_test
1,1443,1464,outer_test
1,1444,403,outer_test
1,1445,1692,outer_test
1,1447,996,outer_test
1,1459,1421,outer_test
1,1469,1176,outer_test
1,1470,695,outer_test
1,1473,311,outer_test
1,1483,814,outer_test
1,1484,621,outer_test
1,1488,111,outer_test
1,1493,325,outer_test
1,1504,351,outer_test
1,1535,237,outer_test
1,1547,356,outer_test
1,1551,1763,outer_test
1,1555,535,outer_test
1,1557,1420,outer_test
1,1560,955,outer_test
1,1580,265,outer_test
1,1582,1855,outer_test
1,1592,924,outer_test
1,1597,1095,outer_test
1,1600,62,outer_test
1,1606,1053,outer_test
1,1610,465,outer_test
1,1613,193,outer_test
1,1622,1018,outer_test
1,1624,291,outer_test
1,1627,1483,outer_test
1,1634,1600,outer_test
1,1636,1005,outer_test
1,1643,162,outer_test
1,1644,1901,outer_test
1,1647,91,outer_test
1,1649,1664,outer_test
1,1659,1488,outer_test
1,1667,1254,outer_test
1,1672,2016,outer_test
1,1680,1862,outer_test
1,1688,315,outer_test
1,1690,1493,outer_test
1,1692,1689,outer_test
1,1696,1333,outer_test
1,1700,1522,outer_test
1,1701,520,outer_test
1,1712,341,outer_test
1,1713,1629,outer_test
1,1718,547,outer_test
1,1719,191,outer_test
1,1721,1800,outer_test
1,1722,1202,outer_test
1,1729,516,outer_test
1,1739,593,outer_test
1,1740,1303,outer_test
1,1745,878,outer_test
1,1755,433,outer_test
1,1778,1,outer_test
1,1780,854,outer_test
1,1788,1079,outer_test
1,1789,1516,outer_test
1,1791,1132,outer_test
1,1793,831,outer_test
1,1795,1723,outer_test
1,1799,1957,outer_test
1,1803,2032,outer_test
1,1805,43,outer_test
1,1806,1640,outer_test
1,1808,689,outer_test
1,1817,1310,outer_test
1,1818,793,outer_test
1,1820,901,outer_test
1,1822,1324,outer_test
1,1827,576,outer_test
1,1828,2000,outer_test
1,1829,1426,outer_test
1,1832,1612,outer_test
1,1841,151,outer_test
1,1842,842,outer_test
1,1850,1390,outer_test
1,1854,335,outer_test
1,1856,699,outer_test
1,1861,1568,outer_test
1,1863,1249,outer_test
1,1867,552,outer_test
1,1871,207,outer_test
1,1873,80,outer_test
1,1874,935,outer_test
1,1882,168,outer_test
1,1886,675,outer_test
1,1899,837,outer_test
1,1902,108,outer_test
1,1905,1910,outer_test
1,1917,1803,outer_test
1,1924,429,outer_test
1,1938,1625,outer_test
1,1943,1697,outer_test
1,1944,1551,outer_test
1,1947,1264,outer_test
1,1953,1008,outer_test
1,1955,172,outer_test
1,1959,1086,outer_test
1,1962,36,outer_test
1,1973,1379,outer_test
1,1984,543,outer_test
1,1987,1925,outer_test
1,1988,559,outer_test
1,2000,1995,outer_test
1,2010,32,outer_test
1,2014,896,outer_test
1,2015,116,outer_test
1,2016,1654,outer_test
1,2017,204,outer_test
1,2019,1795,outer_test
1,2020,1181,outer_test
1,2029,477,outer_test
1,2030,1920,outer_test
1,2036,525,outer_test
1,2038,597,outer_test
1,2039,1403,outer_test
1,2041,868,outer_test
1,2042,1680,outer_test
1,2046,221,outer_test
1,2051,1107,outer_test
1,2055,871,outer_test
1,2057,605,outer_test
1,2059,1692,outer_test
1,2060,972,outer_test
1,2061,1763,outer_test
1,2063,317,outer_test
1,2069,1324,outer_test
1,2076,1337,outer_test
1,2086,977,outer_test
1,2095,473,outer_test
1,2104,1469,outer_test
1,2111,565,outer_test
1,2113,1793,outer_test
1,2114,866,outer_test
1,2125,1259,outer_test
1,2132,132,outer_test
1,2135,1617,outer_test
1,2137,137,outer_test
1,2140,1041,outer_test
1,2142,1583,outer_test
1,2143,1619,outer_test
1,2147,1070,outer_test
1,2151,1005,outer_test
1,2154,76,outer_test
1,2158,1505,outer_test
1,2165,22,outer_test
1,2170,1340,outer_test
1,2173,635,outer_test
1,2174,1543,outer_test
1,2181,510,outer_test
1,2186,101,outer_test
1,2192,1480,outer_test
1,2199,1543,outer_test
1,2202,1733,outer_test
1,2208,1846,outer_test
1,2212,1785,outer_test
1,2219,1234,outer_test
1,2227,1716,outer_test
1,2229,1448,outer_test
1,2232,621,outer_test
2,2,1297,fit
2,3,1133,fit
2,4,953,fit
2,5,1799,fit
2,6,1977,fit
2,7,431,fit
2,9,716,fit
2,10,729,fit
2,12,301,fit
2,13,966,fit
2,14,573,fit
2,19,1245,fit
2,20,249,fit
2,21,7,fit
2,22,514,fit
2,23,1441,fit
2,24,1670,fit
2,25,832,fit
2,27,435,fit
2,28,377,fit
2,29,701,fit
2,31,38,fit
2,33,1919,fit
2,35,884,fit
2,36,1123,fit
2,39,546,fit
2,40,708,fit
2,42,515,fit
2,44,893,fit
2,45,77,fit
2,46,398,fit
2,47,1608,fit
2,48,1580,fit
2,49,211,fit
2,50,213,fit
2,51,277,fit
2,52,1720,fit
2,54,254,fit
2,55,1504,fit
2,56,142,fit
2,57,267,fit
2,58,61,fit
2,59,1210,fit
2,61,454,fit
2,62,1851,fit
2,64,1588,fit
2,67,1804,fit
2,68,1712,fit
2,69,753,fit
2,70,1447,fit
2,71,1180,fit
2,72,152,fit
2,73,682,fit
2,74,532,fit
2,76,1026,fit
2,77,1647,fit
2,78,1114,fit
2,82,79,fit
2,83,38,fit
2,84,1940,fit
2,85,1402,fit
2,88,2010,fit
2,90,1222,fit
2,92,232,fit
2,94,324,fit
2,98,2013,fit
2,99,1477,fit
2,102,1509,fit
2,105,1984,fit
2,107,797,fit
2,110,1717,fit
2,115,987,fit
2,117,1757,fit
2,118,503,fit
2,119,581,fit
2,120,418,fit
2,122,1653,fit
2,123,1576,fit
2,124,1263,fit
2,125,1376,fit
2,126,371,fit
2,127,569,fit
2,128,40,fit
2,129,1237,fit
2,132,194,fit
2,133,823,fit
2,134,1398,fit
2,135,915,fit
2,136,348,fit
2,137,1666,fit
2,138,660,fit
2,139,1063,fit
2,141,343,fit
2,144,1388,fit
2,145,52,fit
2,146,722,fit
2,147,1639,fit
2,149,603,fit
2,151,589,fit
2,154,1677,fit
2,155,888,fit
2,157,114,fit
2,160,1953,fit
2,163,1445,fit
2,164,278,fit
2,166,1486,fit
2,167,836,fit
2,168,283,fit
2,169,1875,fit
2,170,1139,fit
2,171,206,fit
2,172,1364,fit
2,173,528,fit
2,175,1154,fit
2,176,698,fit
2,178,730,fit
2,179,2013,fit
2,180,1656,fit
2,181,1675,fit
2,182,2002,fit
2,184,1932,fit
2,185,391,fit
2,186,1674,fit
2,187,1833,fit
2,188,45,fit
2,189,94,fit
2,190,1981,fit
2,192,58,fit
2,194,1735,fit
2,195,1896,fit
2,197,769,fit
2,198,413,fit
2,199,1355,fit
2,200,1040,fit
2,201,1027,fit
2,202,1271,fit
2,203,308,fit
2,204,1334,fit
2,205,911,fit
2,206,218,fit
2,207,899,fit
2,209,409,fit
2,210,751,fit
2,211,1045,fit
2,212,1392,fit
2,213,1513,fit
2,214,735,fit
2,215,1741,fit
2,216,1142,fit
2,220,1209,fit
2,221,1824,fit
2,222,952,fit
2,223,913,fit
2,224,174,fit
2,225,1013,fit
2,226,1706,fit
2,228,1714,fit
2,229,1684,fit
2,230,1214,fit
2,232,1556,fit
2,233,1290,fit
2,234,1208,fit
2,235,329,fit
2,236,869,fit
2,237,17,fit
2,239,2011,fit
2,241,694,fit
2,242,1308,fit
2,244,1899,fit
2,246,1243,fit
2,247,1374,fit
2,248,1615,fit
2,250,1593,fit
2,251,922,fit
2,253,502,fit
2,254,600,fit
2,256,1147,fit
2,258,688,fit
2,259,395,fit
2,260,940,fit
2,261,84,fit
2,262,1066,fit
2,263,216,fit
2,264,1415,fit
2,265,1668,fit
2,266,1192,fit
2,267,1004,fit
2,268,665,fit
2,269,1498,fit
2,270,224,fit
2,273,791,fit
2,275,1302,fit
2,276,568,fit
2,277,1150,fit
2,278,914,fit
2,279,1013,fit
2,282,1930,fit
2,284,1820,fit
2,285,472,fit
2,286,1865,fit
2,288,1780,fit
2,290,175,fit
2,292,1554,fit
2,294,1384,fit
2,295,1954,fit
2,296,639,fit
2,299,835,fit
2,300,457,fit
2,301,2031,fit
2,302,1412,fit
2,304,595,fit
2,306,41,fit
2,310,2030,fit
2,311,1960,fit
2,313,804,fit
2,315,165,fit
2,316,1082,fit
2,317,1456,fit
2,321,42,fit
2,324,1186,fit
2,325,540,fit
2,326,902,fit
2,327,438,fit
2,328,1610,fit
2,329,1669,fit
2,332,1747,fit
2,333,205,fit
2,334,1408,fit
2,335,170,fit
2,336,1190,fit
2,339,1683,fit
2,340,1479,fit
2,341,297,fit
2,342,671,fit
2,344,334,fit
2,346,1719,fit
2,348,726,fit
2,350,304,fit
2,351,826,fit
2,353,1258,fit
2,355,340,fit
2,357,1840,fit
2,359,961,fit
2,360,84,fit
2,361,492,fit
2,362,1955,fit
2,365,1651,fit
2,368,470,fit
2,369,1959,fit
2,370,51,fit
2,371,126,fit
2,373,1378,fit
2,374,1084,fit
2,375,1879,fit
2,377,609,fit
2,378,1727,fit
2,379,148,fit
2,384,1782,fit
2,385,1974,fit
2,386,1515,fit
2,387,702,fit
2,389,2019,fit
2,391,1414,fit
2,392,653,fit
2,393,333,fit
2,394,212,fit
2,395,2006,fit
2,396,1291,fit
2,398,945,fit
2,401,889,fit
2,402,1274,fit
2,403,1558,fit
2,404,1661,fit
2,406,813,fit
2,409,89,fit
2,410,725,fit
2,411,380,fit
2,414,656,fit
2,415,253,fit
2,416,519,fit
2,420,1913,fit
2,421,958,fit
2,422,482,fit
2,424,1434,fit
2,427,706,fit
2,430,1001,fit
2,431,1707,fit
2,434,501,fit
2,435,1298,fit
2,436,436,fit
2,439,1080,fit
2,440,1084,fit
2,442,397,fit
2,444,1503,fit
2,445,1638,fit
2,448,1253,fit
2,449,279,fit
2,450,1616,fit
2,451,1990,fit
2,452,1540,fit
2,453,703,fit
2,455,386,fit
2,456,112,fit
2,458,1394,fit
2,460,1415,fit
2,462,523,fit
2,463,926,fit
2,464,1730,fit
2,465,718,fit
2,466,1534,fit
2,469,626,fit
2,470,1381,fit
2,471,1964,fit
2,472,1171,fit
2,473,1832,fit
2,474,1532,fit
2,475,782,fit
2,476,196,fit
2,479,1861,fit
2,480,1128,fit
2,483,343,fit
2,484,1883,fit
2,485,679,fit
2,486,487,fit
2,487,1721,fit
2,488,1970,fit
2,489,235,fit
2,490,1603,fit
2,491,882,fit
2,492,968,fit
2,493,1992,fit
2,494,784,fit
2,495,1054,fit
2,496,1184,fit
2,497,481,fit
2,498,1313,fit
2,499,1193,fit
2,504,1736,fit
2,505,1227,fit
2,506,476,fit
2,507,714,fit
2,508,1806,fit
2,510,366,fit
2,512,805,fit
2,513,1323,fit
2,517,1978,fit
2,519,1188,fit
2,521,81,fit
2,524,1277,fit
2,525,244,fit
2,526,1611,fit
2,527,1272,fit
2,528,445,fit
2,530,1319,fit
2,531,141,fit
2,533,97,fit
2,536,1679,fit
2,537,674,fit
2,538,1285,fit
2,539,2014,fit
2,542,1359,fit
2,543,1353,fit
2,545,792,fit
2,546,1090,fit
2,548,900,fit
2,550,491,fit
2,551,1746,fit
2,554,394,fit
2,555,1874,fit
2,557,1115,fit
2,558,13,fit
2,559,46,fit
2,562,144,fit
2,563,1368,fit
2,564,1709,fit
2,565,1886,fit
2,566,1858,fit
2,567,1270,fit
2,568,885,fit
2,574,542,fit
2,575,1485,fit
2,577,1704,fit
2,578,1670,fit
2,579,299,fit
2,581,1699,fit
2,582,427,fit
2,585,645,fit
2,586,1812,fit
2,587,768,fit
2,588,617,fit
2,590,1092,fit
2,591,640,fit
2,593,305,fit
2,595,1652,fit
2,596,233,fit
2,599,1628,fit
2,602,1446,fit
2,604,661,fit
2,606,422,fit
2,608,648,fit
2,609,1756,fit
2,611,373,fit
2,613,1560,fit
2,614,770,fit
2,616,1634,fit
2,617,1064,fit
2,618,664,fit
2,622,587,fit
2,626,982,fit
2,627,1657,fit
2,628,100,fit
2,630,1022,fit
2,631,731,fit
2,632,251,fit
2,633,788,fit
2,634,345,fit
2,635,186,fit
2,636,35,fit
2,637,1782,fit
2,639,1578,fit
2,640,1994,fit
2,644,1443,fit
2,645,1160,fit
2,646,724,fit
2,649,1763,fit
2,650,269,fit
2,651,1888,fit
2,653,133,fit
2,654,922,fit
2,655,1483,fit
2,656,1725,fit
2,657,1047,fit
2,658,1727,fit
2,659,850,fit
2,660,1972,fit
2,661,1788,fit
2,662,1454,fit
2,663,990,fit
2,664,739,fit
2,666,225,fit
2,668,364,fit
2,669,1678,fit
2,670,1877,fit
2,674,1126,fit
2,676,1304,fit
2,677,1106,fit
2,679,272,fit
2,680,293,fit
2,681,384,fit
2,682,1535,fit
2,685,1342,fit
2,688,643,fit
2,691,318,fit
2,693,1028,fit
2,694,1601,fit
2,699,1908,fit
2,700,230,fit
2,701,2026,fit
2,702,726,fit
2,703,1587,fit
2,705,300,fit
2,707,607,fit
2,708,973,fit
2,709,1058,fit
2,710,1566,fit
2,711,1481,fit
2,713,847,fit
2,717,1881,fit
2,720,930,fit
2,721,1215,fit
2,722,899,fit
2,723,1929,fit
2,725,1100,fit
2,726,744,fit
2,727,202,fit
2,729,254,fit
2,730,641,fit
2,734,1452,fit
2,735,226,fit
2,736,743,fit
2,737,316,fit
2,739,464,fit
2,740,1838,fit
2,741,537,fit
2,742,434,fit
2,743,1435,fit
2,744,1784,fit
2,745,439,fit
2,746,48,fit
2,747,669,fit
2,748,353,fit
2,749,850,fit
2,750,1923,fit
2,751,359,fit
2,752,777,fit
2,753,710,fit
2,754,1645,fit
2,757,1816,fit
2,759,1997,fit
2,762,1951,fit
2,765,1635,fit
2,767,1947,fit
2,770,927,fit
2,771,1969,fit
2,773,763,fit
2,774,1354,fit
2,775,1158,fit
2,776,582,fit
2,777,64,fit
2,778,349,fit
2,779,1609,fit
2,780,1242,fit
2,781,846,fit
2,784,1585,fit
2,785,258,fit
2,786,1604,fit
2,787,414,fit
2,789,1933,fit
2,791,187,fit
2,793,1247,fit
2,794,1700,fit
2,797,460,fit
2,799,2020,fit
2,800,285,fit
2,801,1732,fit
2,803,1761,fit
2,805,179,fit
2,806,55,fit
2,808,1300,fit
2,810,1691,fit
2,811,1089,fit
2,812,624,fit
2,813,1283,fit
2,814,65,fit
2,815,1903,fit
2,818,474,fit
2,820,491,fit
2,824,239,fit
2,825,1499,fit
2,828,1536,fit
2,829,156,fit
2,830,1546,fit
2,834,992,fit
2,836,1238,fit
2,837,1169,fit
2,842,198,fit
2,843,319,fit
2,844,12,fit
2,845,411,fit
2,848,1441,fit
2,850,408,fit
2,852,2018,fit
2,854,998,fit
2,856,350,fit
2,857,801,fit
2,858,808,fit
2,859,715,fit
2,860,28,fit
2,861,306,fit
2,862,1173,fit
2,863,122,fit
2,864,628,fit
2,865,4,fit
2,866,1983,fit
2,867,1401,fit
2,870,2027,fit
2,871,227,fit
2,873,1236,fit
2,874,1420,fit
2,876,1791,fit
2,879,1768,fit
2,882,72,fit
2,883,1366,fit
2,884,1329,fit
2,886,1811,fit
2,887,1633,fit
2,889,1122,fit
2,890,241,fit
2,891,546,fit
2,892,533,fit
2,894,809,fit
2,896,1267,fit
2,897,632,fit
2,899,802,fit
2,900,683,fit
2,901,449,fit
2,902,2021,fit
2,903,1641,fit
2,904,1792,fit
2,905,1739,fit
2,906,891,fit
2,907,11,fit
2,908,794,fit
2,909,2008,fit
2,910,1621,fit
2,911,106,fit
2,912,108,fit
2,913,505,fit
2,915,1348,fit
2,916,1407,fit
2,917,1421,fit
2,918,861,fit
2,919,150,fit
2,920,1872,fit
2,921,687,fit
2,922,781,fit
2,923,259,fit
2,925,2019,fit
2,926,1769,fit
2,927,855,fit
2,929,1296,fit
2,930,1525,fit
2,933,761,fit
2,935,412,fit
2,936,895,fit
2,937,494,fit
2,941,795,fit
2,942,1779,fit
2,943,680,fit
2,944,15,fit
2,945,1411,fit
2,946,681,fit
2,947,402,fit
2,950,284,fit
2,951,921,fit
2,952,1935,fit
2,953,1326,fit
2,954,629,fit
2,955,1009,fit
2,956,1351,fit
2,957,772,fit
2,958,1149,fit
2,960,1125,fit
2,962,1279,fit
2,964,1975,fit
2,967,709,fit
2,970,69,fit
2,971,1852,fit
2,972,1577,fit
2,974,1100,fit
2,975,1034,fit
2,976,1315,fit
2,978,799,fit
2,979,894,fit
2,980,1027,fit
2,981,71,fit
2,984,950,fit
2,985,1789,fit
2,986,780,fit
2,990,1216,fit
2,991,1767,fit
2,992,1028,fit
2,993,810,fit
2,994,1875,fit
2,995,1856,fit
2,996,1436,fit
2,997,1251,fit
2,998,1573,fit
2,999,1168,fit
2,1001,1850,fit
2,1002,1549,fit
2,1003,1103,fit
2,1004,434,fit
2,1005,792,fit
2,1006,932,fit
2,1007,1563,fit
2,1008,161,fit
2,1010,1321,fit
2,1011,497,fit
2,1012,1909,fit
2,1013,1130,fit
2,1015,1822,fit
2,1016,1810,fit
2,1017,1627,fit
2,1022,818,fit
2,1023,1864,fit
2,1025,1894,fit
2,1026,817,fit
2,1031,2010,fit
2,1032,248,fit
2,1033,947,fit
2,1036,1783,fit
2,1037,551,fit
2,1038,417,fit
2,1039,1595,fit
2,1041,1346,fit
2,1042,1051,fit
2,1043,697,fit
2,1044,467,fit
2,1045,341,fit
2,1047,1130,fit
2,1052,1330,fit
2,1054,650,fit
2,1055,86,fit
2,1056,822,fit
2,1057,275,fit
2,1060,1855,fit
2,1061,1053,fit
2,1062,1256,fit
2,1063,1512,fit
2,1066,1389,fit
2,1069,1405,fit
2,1070,612,fit
2,1071,139,fit
2,1073,484,fit
2,1074,1467,fit
2,1077,1413,fit
2,1078,1472,fit
2,1080,1075,fit
2,1081,601,fit
2,1085,979,fit
2,1086,1025,fit
2,1087,1311,fit
2,1088,745,fit
2,1090,126,fit
2,1092,1266,fit
2,1093,980,fit
2,1095,828,fit
2,1101,1473,fit
2,1102,74,fit
2,1103,273,fit
2,1104,1874,fit
2,1105,376,fit
2,1106,1961,fit
2,1107,1547,fit
2,1109,933,fit
2,1111,1557,fit
2,1112,1519,fit
2,1113,1775,fit
2,1114,1491,fit
2,1115,844,fit
2,1117,917,fit
2,1118,1178,fit
2,1119,498,fit
2,1120,1821,fit
2,1121,995,fit
2,1123,954,fit
2,1125,1230,fit
2,1126,208,fit
2,1130,1369,fit
2,1131,1871,fit
2,1132,25,fit
2,1133,129,fit
2,1137,418,fit
2,1139,1289,fit
2,1140,322,fit
2,1141,1817,fit
2,1143,1275,fit
2,1144,934,fit
2,1149,1201,fit
2,1150,1197,fit
2,1151,693,fit
2,1152,1526,fit
2,1153,219,fit
2,1154,539,fit
2,1155,1663,fit
2,1158,934,fit
2,1159,368,fit
2,1160,1828,fit
2,1165,1223,fit
2,1167,584,fit
2,1169,383,fit
2,1170,1474,fit
2,1171,962,fit
2,1172,919,fit
2,1173,496,fit
2,1174,1357,fit
2,1179,1257,fit
2,1180,90,fit
2,1181,489,fit
2,1182,1105,fit
2,1184,557,fit
2,1188,812,fit
2,1189,488,fit
2,1190,604,fit
2,1191,1240,fit
2,1192,1150,fit
2,1193,1635,fit
2,1194,1570,fit
2,1195,633,fit
2,1196,354,fit
2,1200,688,fit
2,1203,701,fit
2,1206,247,fit
2,1210,1510,fit
2,1212,1904,fit
2,1213,1548,fit
2,1215,653,fit
2,1216,181,fit
2,1217,1380,fit
2,1219,1772,fit
2,1220,27,fit
2,1221,691,fit
2,1222,1185,fit
2,1223,507,fit
2,1224,158,fit
2,1225,550,fit
2,1226,57,fit
2,1227,177,fit
2,1229,406,fit
2,1230,1206,fit
2,1231,598,fit
2,1232,1750,fit
2,1233,478,fit
2,1234,1696,fit
2,1237,513,fit
2,1238,1631,fit
2,1239,1228,fit
2,1240,260,fit
2,1241,99,fit
2,1243,462,fit
2,1244,1322,fit
2,1246,393,fit
2,1247,755,fit
2,1248,1685,fit
2,1250,419,fit
2,1251,1106,fit
2,1252,363,fit
2,1253,859,fit
2,1254,1032,fit
2,1256,1755,fit
2,1257,1855,fit
2,1258,365,fit
2,1259,320,fit
2,1260,1119,fit
2,1261,1524,fit
2,1263,1867,fit
2,1265,1020,fit
2,1266,1942,fit
2,1269,816,fit
2,1271,1752,fit
2,1273,1363,fit
2,1274,378,fit
2,1279,1976,fit
2,1280,1314,fit
2,1281,1347,fit
2,1282,1893,fit
2,1284,749,fit
2,1286,1646,fit
2,1290,1141,fit
2,1294,1117,fit
2,1295,1120,fit
2,1296,209,fit
2,1300,1927,fit
2,1305,1036,fit
2,1307,659,fit
2,1308,311,fit
2,1309,1918,fit
2,1310,981,fit
2,1311,2023,fit
2,1312,529,fit
2,1313,263,fit
2,1314,1196,fit
2,1317,1796,fit
2,1319,1068,fit
2,1320,1571,fit
2,1321,154,fit
2,1322,750,fit
2,1323,1813,fit
2,1325,1007,fit
2,1326,1396,fit
2,1327,1541,fit
2,1328,424,fit
2,1329,1827,fit
2,1330,1905,fit
2,1331,960,fit
2,1332,1292,fit
2,1334,819,fit
2,1339,275,fit
2,1342,1058,fit
2,1343,1887,fit
2,1344,1477,fit
2,1345,1527,fit
2,1347,143,fit
2,1348,1738,fit
2,1349,2007,fit
2,1351,1568,fit
2,1352,1076,fit
2,1353,21,fit
2,1354,442,fit
2,1359,1618,fit
2,1365,2026,fit
2,1369,1560,fit
2,1372,1213,fit
2,1373,918,fit
2,1374,1798,fit
2,1375,1129,fit
2,1381,1948,fit
2,1382,908,fit
2,1383,1562,fit
2,1384,1467,fit
2,1385,993,fit
2,1386,359,fit
2,1387,862,fit
2,1391,444,fit
2,1392,1748,fit
2,1393,1451,fit
2,1394,524,fit
2,1395,1150,fit
2,1396,124,fit
2,1398,1903,fit
2,1399,1966,fit
2,1400,1191,fit
2,1401,1939,fit
2,1402,451,fit
2,1404,606,fit
2,1405,1015,fit
2,1406,1233,fit
2,1408,1899,fit
2,1409,135,fit
2,1411,176,fit
2,1413,844,fit
2,1416,646,fit
2,1417,1200,fit
2,1418,1801,fit
2,1419,51,fit
2,1420,509,fit
2,1421,1454,fit
2,1426,1111,fit
2,1428,1060,fit
2,1430,984,fit
2,1431,1915,fit
2,1432,1231,fit
2,1434,856,fit
2,1435,1825,fit
2,1436,1420,fit
2,1437,338,fit
2,1438,125,fit
2,1440,147,fit
2,1441,1318,fit
2,1442,1835,fit
2,1443,1464,fit
2,1444,403,fit
2,1445,1692,fit
2,1447,996,fit
2,1449,1859,fit
2,1450,105,fit
2,1451,776,fit
2,1455,1713,fit
2,1458,1048,fit
2,1459,1421,fit
2,1460,760,fit
2,1461,1895,fit
2,1462,1988,fit
2,1463,905,fit
2,1464,434,fit
2,1465,1694,fit
2,1466,719,fit
2,1467,1261,fit
2,1469,1176,fit
2,1470,695,fit
2,1471,1295,fit
2,1472,1361,fit
2,1473,311,fit
2,1474,1662,fit
2,1475,937,fit
2,1476,877,fit
2,1477,2018,fit
2,1479,1606,fit
2,1480,1830,fit
2,1481,1427,fit
2,1482,989,fit
2,1484,621,fit
2,1485,385,fit
2,1487,944,fit
2,1488,111,fit
2,1490,1137,fit
2,1491,407,fit
2,1492,1866,fit
2,1493,325,fit
2,1494,1849,fit
2,1497,1055,fit
2,1498,1060,fit
2,1501,544,fit
2,1504,351,fit
2,1507,709,fit
2,1510,1306,fit
2,1511,1151,fit
2,1512,93,fit
2,1513,1528,fit
2,1514,1115,fit
2,1515,1153,fit
2,1516,120,fit
2,1518,1439,fit
2,1519,243,fit
2,1521,34,fit
2,1523,1737,fit
2,1527,286,fit
2,1528,1349,fit
2,1531,1845,fit
2,1532,1462,fit
2,1534,149,fit
2,1535,237,fit
2,1537,1843,fit
2,1538,313,fit
2,1540,443,fit
2,1542,1954,fit
2,1543,1672,fit
2,1544,1565,fit
2,1545,1341,fit
2,1546,1590,fit
2,1547,356,fit
2,1549,508,fit
2,1551,1763,fit
2,1552,870,fit
2,1555,535,fit
2,1557,1420,fit
2,1560,955,fit
2,1564,1014,fit
2,1565,290,fit
2,1568,417,fit
2,1574,1502,fit
2,1575,1227,fit
2,1576,685,fit
2,1577,24,fit
2,1580,265,fit
2,1581,1940,fit
2,1582,1855,fit
2,1583,880,fit
2,1584,117,fit
2,1585,1419,fit
2,1588,1743,fit
2,1589,1155,fit
2,1590,1918,fit
2,1592,924,fit
2,1594,964,fit
2,1597,1095,fit
2,1600,62,fit
2,1601,1282,fit
2,1603,762,fit
2,1605,307,fit
2,1606,1053,fit
2,1609,907,fit
2,1611,1735,fit
2,1613,193,fit
2,1614,1198,fit
2,1618,1019,fit
2,1619,112,fit
2,1622,1018,fit
2,1623,1471,fit
2,1624,291,fit
2,1625,787,fit
2,1627,1483,fit
2,1628,229,fit
2,1635,841,fit
2,1638,1372,fit
2,1639,1762,fit
2,1640,1984,fit
2,1642,1102,fit
2,1644,1901,fit
2,1645,1038,fit
2,1647,91,fit
2,1648,70,fit
2,1649,1664,fit
2,1651,389,fit
2,1653,118,fit
2,1655,579,fit
2,1658,774,fit
2,1659,1488,fit
2,1660,50,fit
2,1661,1669,fit
2,1665,1657,fit
2,1667,1254,fit
2,1668,1110,fit
2,1669,765,fit
2,1671,1226,fit
2,1672,2016,fit
2,1673,1878,fit
2,1674,874,fit
2,1675,1898,fit
2,1679,1599,fit
2,1680,1862,fit
2,1682,1167,fit
2,1683,969,fit
2,1685,596,fit
2,1686,1736,fit
2,1688,315,fit
2,1689,1328,fit
2,1690,1493,fit
2,1692,1689,fit
2,1693,620,fit
2,1696,1333,fit
2,1698,57,fit
2,1699,1623,fit
2,1701,520,fit
2,1702,190,fit
2,1704,1116,fit
2,1705,1043,fit
2,1706,531,fit
2,1709,1844,fit
2,1711,790,fit
2,1712,341,fit
2,1714,704,fit
2,1718,547,fit
2,1719,191,fit
2,1720,1362,fit
2,1721,1800,fit
2,1722,1202,fit
2,1723,1461,fit
2,1725,313,fit
2,1728,1454,fit
2,1729,516,fit
2,1731,957,fit
2,1734,240,fit
2,1737,636,fit
2,1739,593,fit
2,1740,1303,fit
2,1743,287,fit
2,1744,2002,fit
2,1746,1099,fit
2,1747,600,fit
2,1748,1270,fit
2,1749,16,fit
2,1750,853,fit
2,1752,1831,fit
2,1753,654,fit
2,1756,1946,fit
2,1757,1774,fit
2,1759,370,fit
2,1761,421,fit
2,1762,887,fit
2,1763,1941,fit
2,1765,1932,fit
2,1769,1330,fit
2,1770,741,fit
2,1771,1039,fit
2,1772,1461,fit
2,1777,673,fit
2,1778,1,fit
2,1780,854,fit
2,1782,136,fit
2,1784,839,fit
2,1786,1717,fit
2,1787,1169,fit
2,1789,1516,fit
2,1790,243,fit
2,1791,1132,fit
2,1792,425,fit
2,1793,831,fit
2,1795,1723,fit
2,1799,1957,fit
2,1800,1684,fit
2,1801,270,fit
2,1803,2032,fit
2,1804,1147,fit
2,1805,43,fit
2,1806,1640,fit
2,1808,689,fit
2,1809,1003,fit
2,1810,1466,fit
2,1812,185,fit
2,1813,1083,fit
2,1815,1924,fit
2,1817,1310,fit
2,1820,901,fit
2,1824,1162,fit
2,1825,875,fit
2,1826,1046,fit
2,1827,576,fit
2,1828,2000,fit
2,1829,1426,fit
2,1832,1612,fit
2,1833,85,fit
2,1834,200,fit
2,1835,859,fit
2,1836,738,fit
2,1839,667,fit
2,1840,372,fit
2,1841,151,fit
2,1842,842,fit
2,1843,1586,fit
2,1844,1375,fit
2,1845,575,fit
2,1846,10,fit
2,1850,1390,fit
2,1851,1429,fit
2,1852,1998,fit
2,1853,1097,fit
2,1854,335,fit
2,1855,280,fit
2,1858,110,fit
2,1859,1266,fit
2,1860,1945,fit
2,1861,1568,fit
2,1863,1249,fit
2,1864,1062,fit
2,1865,563,fit
2,1867,552,fit
2,1869,1073,fit
2,1872,1400,fit
2,1873,80,fit
2,1876,455,fit
2,1877,95,fit
2,1878,756,fit
2,1879,167,fit
2,1881,775,fit
2,1882,168,fit
2,1883,1386,fit
2,1885,1220,fit
2,1886,675,fit
2,1887,1243,fit
2,1888,327,fit
2,1892,821,fit
2,1893,1981,fit
2,1894,483,fit
2,1896,1479,fit
2,1897,94,fit
2,1898,553,fit
2,1901,655,fit
2,1902,108,fit
2,1904,824,fit
2,1905,1910,fit
2,1907,1164,fit
2,1908,1690,fit
2,1909,1852,fit
2,1910,30,fit
2,1911,2008,fit
2,1914,1459,fit
2,1915,1810,fit
2,1916,1143,fit
2,1920,592,fit
2,1921,1764,fit
2,1923,1683,fit
2,1924,429,fit
2,1926,567,fit
2,1927,1424,fit
2,1929,939,fit
2,1930,910,fit
2,1932,1078,fit
2,1934,1159,fit
2,1936,733,fit
2,1937,580,fit
2,1938,1625,fit
2,1941,1989,fit
2,1942,757,fit
2,1943,1697,fit
2,1944,1551,fit
2,1945,1987,fit
2,1946,1361,fit
2,1947,1264,fit
2,1950,1496,fit
2,1951,1204,fit
2,1952,1726,fit
2,1953,1008,fit
2,1954,1539,fit
2,1955,172,fit
2,1957,1088,fit
2,1959,1086,fit
2,1960,649,fit
2,1962,36,fit
2,1963,463,fit
2,1964,975,fit
2,1966,1965,fit
2,1967,613,fit
2,1968,332,fit
2,1971,225,fit
2,1972,255,fit
2,1974,1383,fit
2,1975,131,fit
2,1976,469,fit
2,1977,360,fit
2,1979,1406,fit
2,1980,1538,fit
2,1981,1520,fit
2,1982,515,fit
2,1983,560,fit
2,1985,1492,fit
2,1987,1925,fit
2,1988,559,fit
2,1989,2004,fit
2,1991,1839,fit
2,1994,294,fit
2,1996,56,fit
2,1997,736,fit
2,1998,928,fit
2,2000,1995,fit
2,2003,1248,fit
2,2004,104,fit
2,2005,865,fit
2,2006,20,fit
2,2007,1031,fit
2,2008,1807,fit
2,2010,32,fit
2,2011,1760,fit
2,2012,1590,fit
2,2013,1582,fit
2,2014,896,fit
2,2017,204,fit
2,2018,1179,fit
2,2019,1795,fit
2,2021,400,fit
2,2023,1554,fit
2,2024,1033,fit
2,2025,555,fit
2,2026,1805,fit
2,2027,67,fit
2,2029,477,fit
2,2030,1920,fit
2,2031,574,fit
2,2034,1002,fit
2,2035,1497,fit
2,2036,525,fit
2,2038,597,fit
2,2041,868,fit
2,2042,1680,fit
2,2043,468,fit
2,2044,264,fit
2,2046,221,fit
2,2047,590,fit
2,2048,630,fit
2,2050,1138,fit
2,2051,1107,fit
2,2053,160,fit
2,2055,871,fit
2,2056,521,fit
2,2058,1428,fit
2,2059,1692,fit
2,2060,972,fit
2,2061,1763,fit
2,2064,1708,fit
2,2065,1433,fit
2,2066,1455,fit
2,2071,1221,fit
2,2072,1688,fit
2,2073,1069,fit
2,2075,943,fit
2,2076,1337,fit
2,2078,450,fit
2,2081,1460,fit
2,2082,1253,fit
2,2083,344,fit
2,2087,1598,fit
2,2088,1658,fit
2,2091,555,fit
2,2092,328,fit
2,2096,1094,fit
2,2097,1630,fit
2,2098,1054,fit
2,2099,976,fit
2,2100,188,fit
2,2101,619,fit
2,2103,1538,fit
2,2104,1469,fit
2,2105,586,fit
2,2107,1339,fit
2,2108,1597,fit
2,2109,220,fit
2,2111,565,fit
2,2112,881,fit
2,2114,866,fit
2,2115,401,fit
2,2117,201,fit
2,2118,1336,fit
2,2121,1882,fit
2,2122,1696,fit
2,2123,1833,fit
2,2125,1259,fit
2,2126,1572,fit
2,2127,1576,fit
2,2128,1335,fit
2,2129,2025,fit
2,2131,1914,fit
2,2132,132,fit
2,2134,1609,fit
2,2135,1617,fit
2,2136,1778,fit
2,2140,1041,fit
2,2143,1619,fit
2,2144,860,fit
2,2145,1521,fit
2,2146,1077,fit
2,2147,1070,fit
2,2149,1938,fit
2,2152,608,fit
2,2153,458,fit
2,2155,1284,fit
2,2156,1183,fit
2,2157,1325,fit
2,2158,1505,fit
2,2159,985,fit
2,2160,852,fit
2,2164,830,fit
2,2165,22,fit
2,2166,785,fit
2,2168,1773,fit
2,2173,635,fit
2,2174,1543,fit
2,2176,293,fit
2,2177,1508,fit
2,2178,452,fit
2,2179,1825,fit
2,2180,358,fit
2,2181,510,fit
2,2182,2003,fit
2,2184,1174,fit
2,2185,1592,fit
2,2186,101,fit
2,2187,558,fit
2,2189,1010,fit
2,2191,721,fit
2,2192,1480,fit
2,2193,938,fit
2,2194,1581,fit
2,2195,1891,fit
2,2197,387,fit
2,2198,1395,fit
2,2199,1543,fit
2,2200,1278,fit
2,2202,1733,fit
2,2204,1870,fit
2,2205,614,fit
2,2206,295,fit
2,2208,1846,fit
2,2209,1487,fit
2,2212,1785,fit
2,2213,1206,fit
2,2214,1737,fit
2,2219,1234,fit
2,2220,1649,fit
2,2221,166,fit
2,2223,849,fit
2,2226,75,fit
2,2227,1716,fit
2,2228,1440,fit
2,2229,1448,fit
2,2231,666,fit
2,2232,621,fit
2,0,611,policy_validation
2,1,1993,policy_validation
2,32,737,policy_validation
2,37,1301,policy_validation
2,38,754,policy_validation
2,43,1744,policy_validation
2,53,88,policy_validation
2,79,692,policy_validation
2,80,912,policy_validation
2,86,506,policy_validation
2,89,779,policy_validation
2,91,1163,policy_validation
2,93,767,policy_validation
2,95,223,policy_validation
2,96,1288,policy_validation
2,97,1476,policy_validation
2,100,746,policy_validation
2,106,1239,policy_validation
2,109,130,policy_validation
2,112,876,policy_validation
2,116,556,policy_validation
2,121,1112,policy_validation
2,152,637,policy_validation
2,156,493,policy_validation
2,158,845,policy_validation
2,161,959,policy_validation
2,162,742,policy_validation
2,165,182,policy_validation
2,174,564,policy_validation
2,191,773,policy_validation
2,193,786,policy_validation
2,196,526,policy_validation
2,231,851,policy_validation
2,240,1884,policy_validation
2,245,1136,policy_validation
2,249,820,policy_validation
2,252,1537,policy_validation
2,287,644,policy_validation
2,289,605,policy_validation
2,291,834,policy_validation
2,293,892,policy_validation
2,298,625,policy_validation
2,303,728,policy_validation
2,308,541,policy_validation
2,314,1922,policy_validation
2,320,1854,policy_validation
2,322,1170,policy_validation
2,323,1808,policy_validation
2,338,453,policy_validation
2,354,296,policy_validation
2,358,1956,policy_validation
2,367,1659,policy_validation
2,376,6,policy_validation
2,381,1023,policy_validation
2,388,486,policy_validation
2,399,447,policy_validation
2,418,223,policy_validation
2,419,441,policy_validation
2,428,1673,policy_validation
2,433,662,policy_validation
2,438,1189,policy_validation
2,446,1507,policy_validation
2,447,720,policy_validation
2,454,670,policy_validation
2,457,1450,policy_validation
2,461,758,policy_validation
2,467,1293,policy_validation
2,468,1012,policy_validation
2,477,986,policy_validation
2,478,1614,policy_validation
2,481,189,policy_validation
2,482,268,policy_validation
2,502,1262,policy_validation
2,509,1195,policy_validation
2,514,1385,policy_validation
2,515,1594,policy_validation
2,520,1442,policy_validation
2,522,561,policy_validation
2,534,1438,policy_validation
2,544,3,policy_validation
2,547,415,policy_validation
2,553,54,policy_validation
2,570,331,policy_validation
2,571,18,policy_validation
2,580,1980,policy_validation
2,583,1218,policy_validation
2,589,337,policy_validation
2,600,1695,policy_validation
2,603,754,policy_validation
2,605,1682,policy_validation
2,607,1701,policy_validation
2,624,392,policy_validation
2,642,1098,policy_validation
2,643,2015,policy_validation
2,647,518,policy_validation
2,648,1711,policy_validation
2,652,1205,policy_validation
2,672,1468,policy_validation
2,673,591,policy_validation
2,678,405,policy_validation
2,687,800,policy_validation
2,689,571,policy_validation
2,692,346,policy_validation
2,712,115,policy_validation
2,716,1332,policy_validation
2,738,1982,policy_validation
2,760,256,policy_validation
2,766,361,policy_validation
2,768,1144,policy_validation
2,783,1999,policy_validation
2,790,1281,policy_validation
2,792,68,policy_validation
2,796,281,policy_validation
2,798,991,policy_validation
2,804,242,policy_validation
2,807,1950,policy_validation
2,809,942,policy_validation
2,816,1724,policy_validation
2,819,1457,policy_validation
2,826,26,policy_validation
2,832,1936,policy_validation
2,833,1356,policy_validation
2,838,1667,policy_validation
2,853,121,policy_validation
2,869,1531,policy_validation
2,877,1225,policy_validation
2,885,274,policy_validation
2,893,1246,policy_validation
2,895,1423,policy_validation
2,924,437,policy_validation
2,928,1703,policy_validation
2,932,146,policy_validation
2,934,1273,policy_validation
2,938,236,policy_validation
2,961,1410,policy_validation
2,968,1815,policy_validation
2,969,707,policy_validation
2,973,1777,policy_validation
2,977,658,policy_validation
2,983,1643,policy_validation
2,988,1848,policy_validation
2,1000,631,policy_validation
2,1014,1731,policy_validation
2,1019,1624,policy_validation
2,1024,734,policy_validation
2,1028,1252,policy_validation
2,1029,898,policy_validation
2,1030,231,policy_validation
2,1046,2029,policy_validation
2,1048,261,policy_validation
2,1049,1751,policy_validation
2,1050,883,policy_validation
2,1053,1971,policy_validation
2,1058,652,policy_validation
2,1059,1907,policy_validation
2,1064,33,policy_validation
2,1065,1365,policy_validation
2,1067,146,policy_validation
2,1068,1897,policy_validation
2,1079,323,policy_validation
2,1082,1049,policy_validation
2,1083,1146,policy_validation
2,1089,1594,policy_validation
2,1094,1109,policy_validation
2,1097,1530,policy_validation
2,1100,1607,policy_validation
2,1110,518,policy_validation
2,1116,864,policy_validation
2,1122,1636,policy_validation
2,1127,1156,policy_validation
2,1128,1312,policy_validation
2,1129,39,policy_validation
2,1134,549,policy_validation
2,1136,1837,policy_validation
2,1138,711,policy_validation
2,1145,499,policy_validation
2,1146,949,policy_validation
2,1147,1589,policy_validation
2,1157,1892,policy_validation
2,1163,1826,policy_validation
2,1164,1718,policy_validation
2,1166,1963,policy_validation
2,1176,60,policy_validation
2,1178,1165,policy_validation
2,1185,1317,policy_validation
2,1187,1860,policy_validation
2,1197,1352,policy_validation
2,1198,171,policy_validation
2,1208,1417,policy_validation
2,1211,1017,policy_validation
2,1218,1373,policy_validation
2,1245,2033,policy_validation
2,1249,2024,policy_validation
2,1255,999,policy_validation
2,1262,1530,policy_validation
2,1264,1057,policy_validation
2,1267,375,policy_validation
2,1270,858,policy_validation
2,1272,302,policy_validation
2,1277,1345,policy_validation
2,1285,1834,policy_validation
2,1287,197,policy_validation
2,1288,1884,policy_validation
2,1289,1397,policy_validation
2,1291,1079,policy_validation
2,1292,1985,policy_validation
2,1293,578,policy_validation
2,1297,1686,policy_validation
2,1304,367,policy_validation
2,1306,1490,policy_validation
2,1315,1922,policy_validation
2,1316,1431,policy_validation
2,1324,1912,policy_validation
2,1335,1307,policy_validation
2,1337,1819,policy_validation
2,1346,549,policy_validation
2,1350,381,policy_validation
2,1355,1754,policy_validation
2,1356,107,policy_validation
2,1357,623,policy_validation
2,1358,1391,policy_validation
2,1362,1550,policy_validation
2,1367,1622,policy_validation
2,1370,800,policy_validation
2,1371,840,policy_validation
2,1376,1127,policy_validation
2,1377,163,policy_validation
2,1378,1567,policy_validation
2,1379,1175,policy_validation
2,1380,0,policy_validation
2,1407,1740,policy_validation
2,1412,155,policy_validation
2,1422,1418,policy_validation
2,1425,1268,policy_validation
2,1452,898,policy_validation
2,1468,948,policy_validation
2,1483,814,policy_validation
2,1500,312,policy_validation
2,1503,971,policy_validation
2,1524,59,policy_validation
2,1525,1104,policy_validation
2,1529,827,policy_validation
2,1533,1787,policy_validation
2,1536,906,policy_validation
2,1559,1561,policy_validation
2,1562,1203,policy_validation
2,1566,585,policy_validation
2,1569,60,policy_validation
2,1570,1093,policy_validation
2,1573,1869,policy_validation
2,1587,1317,policy_validation
2,1593,1999,policy_validation
2,1596,1650,policy_validation
2,1598,1759,policy_validation
2,1602,1766,policy_validation
2,1604,1514,policy_validation
2,1610,465,policy_validation
2,1615,381,policy_validation
2,1629,599,policy_validation
2,1634,1600,policy_validation
2,1636,1005,policy_validation
2,1643,162,policy_validation
2,1652,184,policy_validation
2,1666,2024,policy_validation
2,1684,426,policy_validation
2,1695,1501,policy_validation
2,1697,83,policy_validation
2,1700,1522,policy_validation
2,1710,1121,policy_validation
2,1713,1629,policy_validation
2,1715,1902,policy_validation
2,1732,1463,policy_validation
2,1745,878,policy_validation
2,1754,1495,policy_validation
2,1755,433,policy_validation
2,1773,912,policy_validation
2,1775,1555,policy_validation
2,1779,1067,policy_validation
2,1781,1072,policy_validation
2,1783,480,policy_validation
2,1788,1079,policy_validation
2,1794,459,policy_validation
2,1798,2009,policy_validation
2,1811,1842,policy_validation
2,1818,793,policy_validation
2,1819,107,policy_validation
2,1822,1324,policy_validation
2,1830,180,policy_validation
2,1831,1352,policy_validation
2,1837,965,policy_validation
2,1848,214,policy_validation
2,1856,699,policy_validation
2,1857,1212,policy_validation
2,1866,807,policy_validation
2,1868,1037,policy_validation
2,1870,929,policy_validation
2,1871,207,policy_validation
2,1874,935,policy_validation
2,1890,1044,policy_validation
2,1899,837,policy_validation
2,1912,355,policy_validation
2,1917,1803,policy_validation
2,1919,289,policy_validation
2,1933,618,policy_validation
2,1939,1134,policy_validation
2,1940,1085,policy_validation
2,1961,103,policy_validation
2,1969,1072,policy_validation
2,1973,1379,policy_validation
2,1984,543,policy_validation
2,1986,1928,policy_validation
2,1990,252,policy_validation
2,1993,1575,policy_validation
2,1995,1917,policy_validation
2,2009,215,policy_validation
2,2015,116,policy_validation
2,2016,1654,policy_validation
2,2020,1181,policy_validation
2,2022,96,policy_validation
2,2028,1876,policy_validation
2,2033,1029,policy_validation
2,2037,1944,policy_validation
2,2039,1403,policy_validation
2,2045,1770,policy_validation
2,2049,1482,policy_validation
2,2052,1232,policy_validation
2,2057,605,policy_validation
2,2063,317,policy_validation
2,2068,686,policy_validation
2,2069,1324,policy_validation
2,2070,1907,policy_validation
2,2074,677,policy_validation
2,2079,1545,policy_validation
2,2084,534,policy_validation
2,2085,920,policy_validation
2,2086,977,policy_validation
2,2095,473,policy_validation
2,2113,1793,policy_validation
2,2133,423,policy_validation
2,2137,137,policy_validation
2,2142,1583,policy_validation
2,2148,399,policy_validation
2,2150,423,policy_validation
2,2151,1005,policy_validation
2,2154,76,policy_validation
2,2163,1842,policy_validation
2,2167,47,policy_validation
2,2170,1340,policy_validation
2,2171,309,policy_validation
2,2210,970,policy_validation
2,2222,623,policy_validation
2,2233,512,policy_validation
2,8,951,outer_test
2,11,250,outer_test
2,15,169,outer_test
2,16,1809,outer_test
2,17,485,outer_test
2,18,210,outer_test
2,26,1967,outer_test
2,30,1533,outer_test
2,34,1199,outer_test
2,41,1671,outer_test
2,60,1841,outer_test
2,63,303,outer_test
2,65,963,outer_test
2,66,696,outer_test
2,75,723,outer_test
2,81,1065,outer_test
2,87,1056,outer_test
2,101,113,outer_test
2,103,1286,outer_test
2,104,1620,outer_test
2,108,234,outer_test
2,111,1016,outer_test
2,113,1729,outer_test
2,114,615,outer_test
2,130,257,outer_test
2,131,1011,outer_test
2,140,1478,outer_test
2,142,192,outer_test
2,143,690,outer_test
2,148,369,outer_test
2,150,752,outer_test
2,153,123,outer_test
2,159,1422,outer_test
2,177,829,outer_test
2,183,572,outer_test
2,208,1934,outer_test
2,217,53,outer_test
2,218,1371,outer_test
2,219,1409,outer_test
2,227,390,outer_test
2,238,396,outer_test
2,243,946,outer_test
2,255,647,outer_test
2,257,1207,outer_test
2,271,1710,outer_test
2,272,1404,outer_test
2,274,879,outer_test
2,280,485,outer_test
2,281,1847,outer_test
2,283,1382,outer_test
2,297,475,outer_test
2,305,759,outer_test
2,307,1269,outer_test
2,309,1926,outer_test
2,312,1900,outer_test
2,318,66,outer_test
2,319,545,outer_test
2,330,1182,outer_test
2,331,1177,outer_test
2,337,339,outer_test
2,343,1074,outer_test
2,345,428,outer_test
2,347,416,outer_test
2,349,1458,outer_test
2,352,1814,outer_test
2,356,1276,outer_test
2,363,157,outer_test
2,364,1523,outer_test
2,366,2022,outer_test
2,372,1698,outer_test
2,380,369,outer_test
2,382,1087,outer_test
2,383,1437,outer_test
2,390,1660,outer_test
2,397,931,outer_test
2,400,128,outer_test
2,405,951,outer_test
2,407,1979,outer_test
2,408,1367,outer_test
2,412,1444,outer_test
2,413,923,outer_test
2,417,1829,outer_test
2,423,379,outer_test
2,425,1715,outer_test
2,426,536,outer_test
2,429,663,outer_test
2,432,1387,outer_test
2,437,925,outer_test
2,441,1320,outer_test
2,443,1118,outer_test
2,459,448,outer_test
2,500,1544,outer_test
2,501,1387,outer_test
2,503,1818,outer_test
2,511,246,outer_test
2,516,1863,outer_test
2,518,461,outer_test
2,523,909,outer_test
2,529,1771,outer_test
2,532,1931,outer_test
2,535,164,outer_test
2,540,1579,outer_test
2,541,1030,outer_test
2,549,183,outer_test
2,552,1305,outer_test
2,556,684,outer_test
2,560,867,outer_test
2,561,1360,outer_test
2,569,1574,outer_test
2,572,713,outer_test
2,573,1973,outer_test
2,576,748,outer_test
2,584,217,outer_test
2,592,967,outer_test
2,594,627,outer_test
2,597,1564,outer_test
2,598,1449,outer_test
2,601,420,outer_test
2,610,1926,outer_test
2,612,1327,outer_test
2,615,1294,outer_test
2,619,1602,outer_test
2,620,19,outer_test
2,621,1958,outer_test
2,623,1035,outer_test
2,625,500,outer_test
2,629,867,outer_test
2,638,1148,outer_test
2,641,1511,outer_test
2,665,1316,outer_test
2,667,1344,outer_test
2,671,2022,outer_test
2,675,2017,outer_test
2,683,1605,outer_test
2,684,37,outer_test
2,686,1952,outer_test
2,690,195,outer_test
2,695,352,outer_test
2,696,1596,outer_test
2,697,2005,outer_test
2,698,562,outer_test
2,704,1734,outer_test
2,706,1177,outer_test
2,714,956,outer_test
2,715,1853,outer_test
2,718,1687,outer_test
2,719,1722,outer_test
2,724,678,outer_test
2,728,1059,outer_test
2,731,978,outer_test
2,732,1786,outer_test
2,733,1145,outer_test
2,755,771,outer_test
2,756,873,outer_test
2,758,668,outer_test
2,761,1937,outer_test
2,763,1416,outer_test
2,764,1331,outer_test
2,769,1229,outer_test
2,772,1211,outer_test
2,782,1081,outer_test
2,788,796,outer_test
2,795,262,outer_test
2,802,199,outer_test
2,817,2001,outer_test
2,821,684,outer_test
2,822,490,outer_test
2,823,1962,outer_test
2,827,288,outer_test
2,831,1836,outer_test
2,835,740,outer_test
2,839,123,outer_test
2,840,1224,outer_test
2,841,145,outer_test
2,846,1470,outer_test
2,847,1280,outer_test
2,849,1425,outer_test
2,851,622,outer_test
2,855,1790,outer_test
2,868,1021,outer_test
2,872,140,outer_test
2,875,238,outer_test
2,878,271,outer_test
2,880,1794,outer_test
2,881,1605,outer_test
2,888,388,outer_test
2,898,134,outer_test
2,914,1579,outer_test
2,931,1937,outer_test
2,939,1453,outer_test
2,940,9,outer_test
2,948,446,outer_test
2,949,310,outer_test
2,959,1101,outer_test
2,963,440,outer_test
2,965,1552,outer_test
2,966,1857,outer_test
2,982,1024,outer_test
2,987,1157,outer_test
2,989,610,outer_test
2,1009,766,outer_test
2,1018,228,outer_test
2,1020,222,outer_test
2,1021,292,outer_test
2,1027,159,outer_test
2,1034,1906,outer_test
2,1035,1071,outer_test
2,1040,1377,outer_test
2,1051,504,outer_test
2,1072,1370,outer_test
2,1075,764,outer_test
2,1076,778,outer_test
2,1084,1693,outer_test
2,1091,2012,outer_test
2,1096,634,outer_test
2,1098,1943,outer_test
2,1099,1632,outer_test
2,1108,495,outer_test
2,1124,1765,outer_test
2,1135,1533,outer_test
2,1142,1637,outer_test
2,1148,1187,outer_test
2,1156,336,outer_test
2,1161,87,outer_test
2,1162,1309,outer_test
2,1168,1320,outer_test
2,1175,98,outer_test
2,1177,1996,outer_test
2,1183,78,outer_test
2,1186,1113,outer_test
2,1199,522,outer_test
2,1201,119,outer_test
2,1202,432,outer_test
2,1204,1885,outer_test
2,1205,994,outer_test
2,1207,326,outer_test
2,1209,1244,outer_test
2,1214,266,outer_test
2,1228,638,outer_test
2,1235,925,outer_test
2,1236,1255,outer_test
2,1242,314,outer_test
2,1268,1655,outer_test
2,1275,1489,outer_test
2,1276,1393,outer_test
2,1278,712,outer_test
2,1283,298,outer_test
2,1298,9,outer_test
2,1299,173,outer_test
2,1301,577,outer_test
2,1302,583,outer_test
2,1303,347,outer_test
2,1318,672,outer_test
2,1333,602,outer_test
2,1336,1131,outer_test
2,1338,732,outer_test
2,1340,1432,outer_test
2,1341,848,outer_test
2,1360,566,outer_test
2,1361,890,outer_test
2,1363,857,outer_test
2,1364,1052,outer_test
2,1366,1591,outer_test
2,1368,342,outer_test
2,1388,651,outer_test
2,1389,2028,outer_test
2,1390,479,outer_test
2,1397,1518,outer_test
2,1403,1931,outer_test
2,1410,517,outer_test
2,1414,1287,outer_test
2,1415,1921,outer_test
2,1423,1552,outer_test
2,1424,936,outer_test
2,1427,504,outer_test
2,1429,153,outer_test
2,1433,1518,outer_test
2,1439,657,outer_test
2,1446,127,outer_test
2,1448,863,outer_test
2,1453,983,outer_test
2,1454,2,outer_test
2,1456,1758,outer_test
2,1457,1868,outer_test
2,1478,1449,outer_test
2,1486,282,outer_test
2,1489,997,outer_test
2,1495,1542,outer_test
2,1496,1749,outer_test
2,1499,92,outer_test
2,1502,886,outer_test
2,1505,727,outer_test
2,1506,1042,outer_test
2,1508,1698,outer_test
2,1509,102,outer_test
2,1517,466,outer_test
2,1520,1829,outer_test
2,1522,1949,outer_test
2,1526,410,outer_test
2,1530,1698,outer_test
2,1539,1553,outer_test
2,1541,1484,outer_test
2,1548,548,outer_test
2,1550,1377,outer_test
2,1553,1343,outer_test
2,1554,1265,outer_test
2,1556,1742,outer_test
2,1558,199,outer_test
2,1561,1161,outer_test
2,1563,1728,outer_test
2,1567,169,outer_test
2,1571,92,outer_test
2,1572,1399,outer_test
2,1578,109,outer_test
2,1579,825,outer_test
2,1586,1776,outer_test
2,1591,1350,outer_test
2,1595,1430,outer_test
2,1599,1135,outer_test
2,1607,339,outer_test
2,1608,747,outer_test
2,1612,471,outer_test
2,1616,1986,outer_test
2,1617,1781,outer_test
2,1620,1219,outer_test
2,1621,245,outer_test
2,1626,1096,outer_test
2,1630,1194,outer_test
2,1631,1276,outer_test
2,1632,1299,outer_test
2,1633,456,outer_test
2,1637,23,outer_test
2,1641,1050,outer_test
2,1646,1802,outer_test
2,1650,803,outer_test
2,1654,5,outer_test
2,1656,1061,outer_test
2,1657,1745,outer_test
2,1662,1873,outer_test
2,1663,63,outer_test
2,1664,178,outer_test
2,1670,1958,outer_test
2,1676,1091,outer_test
2,1677,1140,outer_test
2,1678,1991,outer_test
2,1681,1506,outer_test
2,1687,897,outer_test
2,1691,843,outer_test
2,1694,404,outer_test
2,1703,594,outer_test
2,1707,1517,outer_test
2,1708,276,outer_test
2,1716,527,outer_test
2,1717,14,outer_test
2,1724,1642,outer_test
2,1726,783,outer_test
2,1727,903,outer_test
2,1730,1172,outer_test
2,1733,668,outer_test
2,1735,1644,outer_test
2,1736,1124,outer_test
2,1738,676,outer_test
2,1741,1465,outer_test
2,1742,374,outer_test
2,1751,428,outer_test
2,1758,815,outer_test
2,1760,1911,outer_test
2,1764,602,outer_test
2,1766,1880,outer_test
2,1767,82,outer_test
2,1768,1660,outer_test
2,1774,1753,outer_test
2,1776,1260,outer_test
2,1785,382,outer_test
2,1796,1050,outer_test
2,1797,1797,outer_test
2,1802,1042,outer_test
2,1807,1790,outer_test
2,1814,203,outer_test
2,1816,1475,outer_test
2,1821,1823,outer_test
2,1823,1702,outer_test
2,1838,430,outer_test
2,1847,530,outer_test
2,1849,1152,outer_test
2,1862,321,outer_test
2,1875,1968,outer_test
2,1880,811,outer_test
2,1884,1681,outer_test
2,1889,1676,outer_test
2,1891,511,outer_test
2,1895,44,outer_test
2,1900,73,outer_test
2,1903,1108,outer_test
2,1906,1235,outer_test
2,1913,1432,outer_test
2,1918,1338,outer_test
2,1922,29,outer_test
2,1925,1241,outer_test
2,1928,833,outer_test
2,1931,705,outer_test
2,1935,1626,outer_test
2,1948,1494,outer_test
2,1949,1250,outer_test
2,1956,1802,outer_test
2,1958,1916,outer_test
2,1965,1006,outer_test
2,1970,570,outer_test
2,1978,82,outer_test
2,1992,8,outer_test
2,1999,1613,outer_test
2,2001,1906,outer_test
2,2002,31,outer_test
2,2032,838,outer_test
2,2040,1705,outer_test
2,2054,1742,outer_test
2,2062,1889,outer_test
2,2067,1358,outer_test
2,2077,789,outer_test
2,2080,1749,outer_test
2,2089,554,outer_test
2,2090,330,outer_test
2,2093,1648,outer_test
2,2094,138,outer_test
2,2102,1081,outer_test
2,2106,538,outer_test
2,2110,49,outer_test
2,2116,1584,outer_test
2,2119,904,outer_test
2,2120,700,outer_test
2,2124,1500,outer_test
2,2130,1890,outer_test
2,2138,916,outer_test
2,2139,616,outer_test
2,2141,642,outer_test
2,2161,1569,outer_test
2,2162,806,outer_test
2,2169,1529,outer_test
2,2172,798,outer_test
2,2175,872,outer_test
2,2183,941,outer_test
2,2188,357,outer_test
2,2190,1425,outer_test
2,2196,988,outer_test
2,2201,1432,outer_test
2,2203,1000,outer_test
2,2207,1217,outer_test
2,2211,1665,outer_test
2,2215,1194,outer_test
2,2216,974,outer_test
2,2217,588,outer_test
2,2218,1841,outer_test
2,2224,1166,outer_test
2,2225,1559,outer_test
2,2230,545,outer_test
2,2234,362,outer_test
2,2235,717,outer_test
3,0,611,fit
3,3,1133,fit
3,4,953,fit
3,5,1799,fit
3,6,1977,fit
3,7,431,fit
3,8,951,fit
3,9,716,fit
3,10,729,fit
3,13,966,fit
3,14,573,fit
3,18,210,fit
3,19,1245,fit
3,20,249,fit
3,21,7,fit
3,22,514,fit
3,24,1670,fit
3,26,1967,fit
3,28,377,fit
3,30,1533,fit
3,31,38,fit
3,32,737,fit
3,33,1919,fit
3,34,1199,fit
3,35,884,fit
3,40,708,fit
3,41,1671,fit
3,43,1744,fit
3,45,77,fit
3,47,1608,fit
3,51,277,fit
3,52,1720,fit
3,53,88,fit
3,54,254,fit
3,55,1504,fit
3,56,142,fit
3,58,61,fit
3,59,1210,fit
3,60,1841,fit
3,62,1851,fit
3,63,303,fit
3,64,1588,fit
3,65,963,fit
3,68,1712,fit
3,69,753,fit
3,72,152,fit
3,73,682,fit
3,74,532,fit
3,76,1026,fit
3,79,692,fit
3,82,79,fit
3,83,38,fit
3,84,1940,fit
3,86,506,fit
3,87,1056,fit
3,88,2010,fit
3,90,1222,fit
3,91,1163,fit
3,95,223,fit
3,99,1477,fit
3,100,746,fit
3,101,113,fit
3,103,1286,fit
3,105,1984,fit
3,106,1239,fit
3,107,797,fit
3,108,234,fit
3,110,1717,fit
3,111,1016,fit
3,113,1729,fit
3,115,987,fit
3,117,1757,fit
3,120,418,fit
3,121,1112,fit
3,122,1653,fit
3,123,1576,fit
3,124,1263,fit
3,125,1376,fit
3,126,371,fit
3,129,1237,fit
3,131,1011,fit
3,133,823,fit
3,138,660,fit
3,140,1478,fit
3,143,690,fit
3,145,52,fit
3,146,722,fit
3,147,1639,fit
3,151,589,fit
3,153,123,fit
3,155,888,fit
3,158,845,fit
3,161,959,fit
3,162,742,fit
3,165,182,fit
3,166,1486,fit
3,168,283,fit
3,169,1875,fit
3,170,1139,fit
3,171,206,fit
3,174,564,fit
3,175,1154,fit
3,176,698,fit
3,177,829,fit
3,178,730,fit
3,183,572,fit
3,185,391,fit
3,186,1674,fit
3,187,1833,fit
3,188,45,fit
3,189,94,fit
3,190,1981,fit
3,192,58,fit
3,193,786,fit
3,195,1896,fit
3,196,526,fit
3,198,413,fit
3,199,1355,fit
3,200,1040,fit
3,202,1271,fit
3,203,308,fit
3,205,911,fit
3,207,899,fit
3,208,1934,fit
3,209,409,fit
3,210,751,fit
3,214,735,fit
3,216,1142,fit
3,217,53,fit
3,218,1371,fit
3,219,1409,fit
3,220,1209,fit
3,223,913,fit
3,225,1013,fit
3,227,390,fit
3,228,1714,fit
3,229,1684,fit
3,232,1556,fit
3,233,1290,fit
3,238,396,fit
3,239,2011,fit
3,240,1884,fit
3,241,694,fit
3,243,946,fit
3,244,1899,fit
3,245,1136,fit
3,246,1243,fit
3,248,1615,fit
3,250,1593,fit
3,252,1537,fit
3,253,502,fit
3,254,600,fit
3,255,647,fit
3,256,1147,fit
3,257,1207,fit
3,259,395,fit
3,260,940,fit
3,261,84,fit
3,262,1066,fit
3,263,216,fit
3,264,1415,fit
3,265,1668,fit
3,266,1192,fit
3,267,1004,fit
3,269,1498,fit
3,271,1710,fit
3,272,1404,fit
3,273,791,fit
3,275,1302,fit
3,277,1150,fit
3,278,914,fit
3,279,1013,fit
3,281,1847,fit
3,282,1930,fit
3,283,1382,fit
3,285,472,fit
3,286,1865,fit
3,287,644,fit
3,288,1780,fit
3,289,605,fit
3,291,834,fit
3,293,892,fit
3,294,1384,fit
3,295,1954,fit
3,297,475,fit
3,298,625,fit
3,301,2031,fit
3,305,759,fit
3,307,1269,fit
3,309,1926,fit
3,310,2030,fit
3,311,1960,fit
3,315,165,fit
3,316,1082,fit
3,317,1456,fit
3,318,66,fit
3,319,545,fit
3,321,42,fit
3,322,1170,fit
3,323,1808,fit
3,325,540,fit
3,326,902,fit
3,328,1610,fit
3,329,1669,fit
3,330,1182,fit
3,331,1177,fit
3,332,1747,fit
3,334,1408,fit
3,336,1190,fit
3,337,339,fit
3,338,453,fit
3,339,1683,fit
3,340,1479,fit
3,341,297,fit
3,343,1074,fit
3,344,334,fit
3,345,428,fit
3,347,416,fit
3,352,1814,fit
3,353,1258,fit
3,355,340,fit
3,356,1276,fit
3,357,1840,fit
3,358,1956,fit
3,359,961,fit
3,360,84,fit
3,361,492,fit
3,364,1523,fit
3,365,1651,fit
3,366,2022,fit
3,367,1659,fit
3,370,51,fit
3,371,126,fit
3,372,1698,fit
3,378,1727,fit
3,379,148,fit
3,381,1023,fit
3,382,1087,fit
3,386,1515,fit
3,388,486,fit
3,391,1414,fit
3,392,653,fit
3,393,333,fit
3,394,212,fit
3,395,2006,fit
3,396,1291,fit
3,397,931,fit
3,398,945,fit
3,399,447,fit
3,400,128,fit
3,401,889,fit
3,403,1558,fit
3,405,951,fit
3,406,813,fit
3,407,1979,fit
3,408,1367,fit
3,409,89,fit
3,410,725,fit
3,411,380,fit
3,412,1444,fit
3,413,923,fit
3,414,656,fit
3,415,253,fit
3,416,519,fit
3,417,1829,fit
3,418,223,fit
3,419,441,fit
3,421,958,fit
3,422,482,fit
3,423,379,fit
3,424,1434,fit
3,426,536,fit
3,428,1673,fit
3,430,1001,fit
3,432,1387,fit
3,433,662,fit
3,434,501,fit
3,435,1298,fit
3,436,436,fit
3,437,925,fit
3,443,1118,fit
3,448,1253,fit
3,449,279,fit
3,450,1616,fit
3,451,1990,fit
3,452,1540,fit
3,454,670,fit
3,455,386,fit
3,456,112,fit
3,457,1450,fit
3,458,1394,fit
3,459,448,fit
3,460,1415,fit
3,461,758,fit
3,465,718,fit
3,469,626,fit
3,470,1381,fit
3,471,1964,fit
3,474,1532,fit
3,475,782,fit
3,476,196,fit
3,481,189,fit
3,482,268,fit
3,486,487,fit
3,488,1970,fit
3,491,882,fit
3,492,968,fit
3,494,784,fit
3,495,1054,fit
3,496,1184,fit
3,497,481,fit
3,498,1313,fit
3,499,1193,fit
3,500,1544,fit
3,501,1387,fit
3,502,1262,fit
3,503,1818,fit
3,505,1227,fit
3,508,1806,fit
3,510,366,fit
3,511,246,fit
3,512,805,fit
3,513,1323,fit
3,515,1594,fit
3,516,1863,fit
3,517,1978,fit
3,518,461,fit
3,520,1442,fit
3,523,909,fit
3,526,1611,fit
3,527,1272,fit
3,528,445,fit
3,529,1771,fit
3,530,1319,fit
3,532,1931,fit
3,533,97,fit
3,536,1679,fit
3,537,674,fit
3,538,1285,fit
3,539,2014,fit
3,541,1030,fit
3,542,1359,fit
3,545,792,fit
3,546,1090,fit
3,547,415,fit
3,549,183,fit
3,552,1305,fit
3,556,684,fit
3,557,1115,fit
3,558,13,fit
3,560,867,fit
3,561,1360,fit
3,562,144,fit
3,565,1886,fit
3,566,1858,fit
3,569,1574,fit
3,570,331,fit
3,571,18,fit
3,572,713,fit
3,573,1973,fit
3,576,748,fit
3,577,1704,fit
3,578,1670,fit
3,582,427,fit
3,583,1218,fit
3,584,217,fit
3,586,1812,fit
3,587,768,fit
3,588,617,fit
3,589,337,fit
3,591,640,fit
3,592,967,fit
3,594,627,fit
3,596,233,fit
3,597,1564,fit
3,598,1449,fit
3,599,1628,fit
3,600,1695,fit
3,601,420,fit
3,602,1446,fit
3,606,422,fit
3,607,1701,fit
3,609,1756,fit
3,610,1926,fit
3,611,373,fit
3,612,1327,fit
3,614,770,fit
3,616,1634,fit
3,617,1064,fit
3,618,664,fit
3,619,1602,fit
3,620,19,fit
3,621,1958,fit
3,622,587,fit
3,623,1035,fit
3,624,392,fit
3,626,982,fit
3,627,1657,fit
3,629,867,fit
3,631,731,fit
3,633,788,fit
3,638,1148,fit
3,639,1578,fit
3,640,1994,fit
3,641,1511,fit
3,643,2015,fit
3,645,1160,fit
3,646,724,fit
3,649,1763,fit
3,650,269,fit
3,652,1205,fit
3,655,1483,fit
3,656,1725,fit
3,657,1047,fit
3,658,1727,fit
3,659,850,fit
3,660,1972,fit
3,661,1788,fit
3,664,739,fit
3,665,1316,fit
3,666,225,fit
3,667,1344,fit
3,669,1678,fit
3,670,1877,fit
3,671,2022,fit
3,672,1468,fit
3,673,591,fit
3,674,1126,fit
3,676,1304,fit
3,679,272,fit
3,680,293,fit
3,681,384,fit
3,683,1605,fit
3,684,37,fit
3,685,1342,fit
3,686,1952,fit
3,687,800,fit
3,688,643,fit
3,689,571,fit
3,690,195,fit
3,692,346,fit
3,694,1601,fit
3,695,352,fit
3,696,1596,fit
3,698,562,fit
3,700,230,fit
3,701,2026,fit
3,703,1587,fit
3,704,1734,fit
3,705,300,fit
3,706,1177,fit
3,708,973,fit
3,709,1058,fit
3,710,1566,fit
3,713,847,fit
3,715,1853,fit
3,716,1332,fit
3,719,1722,fit
3,720,930,fit
3,721,1215,fit
3,722,899,fit
3,724,678,fit
3,725,1100,fit
3,726,744,fit
3,727,202,fit
3,729,254,fit
3,732,1786,fit
3,733,1145,fit
3,736,743,fit
3,740,1838,fit
3,741,537,fit
3,743,1435,fit
3,744,1784,fit
3,746,48,fit
3,747,669,fit
3,748,353,fit
3,749,850,fit
3,752,777,fit
3,754,1645,fit
3,755,771,fit
3,757,1816,fit
3,758,668,fit
3,760,256,fit
3,761,1937,fit
3,762,1951,fit
3,763,1416,fit
3,764,1331,fit
3,765,1635,fit
3,767,1947,fit
3,768,1144,fit
3,769,1229,fit
3,770,927,fit
3,772,1211,fit
3,773,763,fit
3,778,349,fit
3,782,1081,fit
3,785,258,fit
3,786,1604,fit
3,788,796,fit
3,789,1933,fit
3,791,187,fit
3,792,68,fit
3,793,1247,fit
3,794,1700,fit
3,795,262,fit
3,796,281,fit
3,797,460,fit
3,798,991,fit
3,799,2020,fit
3,800,285,fit
3,801,1732,fit
3,803,1761,fit
3,804,242,fit
3,808,1300,fit
3,810,1691,fit
3,811,1089,fit
3,812,624,fit
3,813,1283,fit
3,814,65,fit
3,817,2001,fit
3,818,474,fit
3,819,1457,fit
3,821,684,fit
3,822,490,fit
3,823,1962,fit
3,825,1499,fit
3,826,26,fit
3,827,288,fit
3,828,1536,fit
3,829,156,fit
3,831,1836,fit
3,833,1356,fit
3,834,992,fit
3,836,1238,fit
3,837,1169,fit
3,839,123,fit
3,840,1224,fit
3,841,145,fit
3,842,198,fit
3,846,1470,fit
3,847,1280,fit
3,849,1425,fit
3,852,2018,fit
3,853,121,fit
3,854,998,fit
3,855,1790,fit
3,858,808,fit
3,859,715,fit
3,861,306,fit
3,865,4,fit
3,866,1983,fit
3,867,1401,fit
3,868,1021,fit
3,869,1531,fit
3,871,227,fit
3,872,140,fit
3,874,1420,fit
3,878,271,fit
3,879,1768,fit
3,880,1794,fit
3,881,1605,fit
3,883,1366,fit
3,886,1811,fit
3,888,388,fit
3,889,1122,fit
3,894,809,fit
3,898,134,fit
3,899,802,fit
3,900,683,fit
3,901,449,fit
3,902,2021,fit
3,904,1792,fit
3,907,11,fit
3,912,108,fit
3,915,1348,fit
3,916,1407,fit
3,917,1421,fit
3,919,150,fit
3,920,1872,fit
3,923,259,fit
3,924,437,fit
3,926,1769,fit
3,927,855,fit
3,929,1296,fit
3,930,1525,fit
3,931,1937,fit
3,934,1273,fit
3,935,412,fit
3,936,895,fit
3,937,494,fit
3,938,236,fit
3,939,1453,fit
3,940,9,fit
3,942,1779,fit
3,943,680,fit
3,948,446,fit
3,949,310,fit
3,951,921,fit
3,952,1935,fit
3,953,1326,fit
3,954,629,fit
3,955,1009,fit
3,957,772,fit
3,959,1101,fit
3,960,1125,fit
3,961,1410,fit
3,962,1279,fit
3,963,440,fit
3,965,1552,fit
3,966,1857,fit
3,967,709,fit
3,969,707,fit
3,970,69,fit
3,972,1577,fit
3,974,1100,fit
3,976,1315,fit
3,978,799,fit
3,979,894,fit
3,981,71,fit
3,982,1024,fit
3,986,780,fit
3,987,1157,fit
3,990,1216,fit
3,994,1875,fit
3,995,1856,fit
3,996,1436,fit
3,999,1168,fit
3,1000,631,fit
3,1001,1850,fit
3,1003,1103,fit
3,1005,792,fit
3,1007,1563,fit
3,1008,161,fit
3,1009,766,fit
3,1011,497,fit
3,1013,1130,fit
3,1014,1731,fit
3,1015,1822,fit
3,1018,228,fit
3,1019,1624,fit
3,1020,222,fit
3,1021,292,fit
3,1022,818,fit
3,1023,1864,fit
3,1027,159,fit
3,1028,1252,fit
3,1030,231,fit
3,1031,2010,fit
3,1032,248,fit
3,1034,1906,fit
3,1035,1071,fit
3,1037,551,fit
3,1039,1595,fit
3,1040,1377,fit
3,1041,1346,fit
3,1042,1051,fit
3,1043,697,fit
3,1044,467,fit
3,1045,341,fit
3,1046,2029,fit
3,1047,1130,fit
3,1048,261,fit
3,1049,1751,fit
3,1051,504,fit
3,1053,1971,fit
3,1054,650,fit
3,1055,86,fit
3,1057,275,fit
3,1059,1907,fit
3,1060,1855,fit
3,1061,1053,fit
3,1063,1512,fit
3,1064,33,fit
3,1065,1365,fit
3,1066,1389,fit
3,1068,1897,fit
3,1070,612,fit
3,1071,139,fit
3,1075,764,fit
3,1076,778,fit
3,1077,1413,fit
3,1078,1472,fit
3,1079,323,fit
3,1080,1075,fit
3,1082,1049,fit
3,1085,979,fit
3,1086,1025,fit
3,1089,1594,fit
3,1090,126,fit
3,1095,828,fit
3,1096,634,fit
3,1097,1530,fit
3,1098,1943,fit
3,1099,1632,fit
3,1101,1473,fit
3,1102,74,fit
3,1103,273,fit
3,1107,1547,fit
3,1113,1775,fit
3,1114,1491,fit
3,1115,844,fit
3,1116,864,fit
3,1117,917,fit
3,1120,1821,fit
3,1123,954,fit
3,1124,1765,fit
3,1130,1369,fit
3,1131,1871,fit
3,1132,25,fit
3,1133,129,fit
3,1134,549,fit
3,1135,1533,fit
3,1137,418,fit
3,1138,711,fit
3,1139,1289,fit
3,1140,322,fit
3,1142,1637,fit
3,1143,1275,fit
3,1144,934,fit
3,1145,499,fit
3,1146,949,fit
3,1147,1589,fit
3,1150,1197,fit
3,1152,1526,fit
3,1153,219,fit
3,1157,1892,fit
3,1158,934,fit
3,1159,368,fit
3,1160,1828,fit
3,1162,1309,fit
3,1164,1718,fit
3,1167,584,fit
3,1170,1474,fit
3,1171,962,fit
3,1173,496,fit
3,1175,98,fit
3,1176,60,fit
3,1177,1996,fit
3,1178,1165,fit
3,1179,1257,fit
3,1180,90,fit
3,1181,489,fit
3,1182,1105,fit
3,1184,557,fit
3,1188,812,fit
3,1190,604,fit
3,1192,1150,fit
3,1193,1635,fit
3,1195,633,fit
3,1197,1352,fit
3,1198,171,fit
3,1199,522,fit
3,1201,119,fit
3,1204,1885,fit
3,1205,994,fit
3,1206,247,fit
3,1207,326,fit
3,1209,1244,fit
3,1212,1904,fit
3,1213,1548,fit
3,1215,653,fit
3,1216,181,fit
3,1218,1373,fit
3,1221,691,fit
3,1222,1185,fit
3,1223,507,fit
3,1226,57,fit
3,1227,177,fit
3,1228,638,fit
3,1229,406,fit
3,1231,598,fit
3,1234,1696,fit
3,1235,925,fit
3,1236,1255,fit
3,1237,513,fit
3,1238,1631,fit
3,1242,314,fit
3,1243,462,fit
3,1244,1322,fit
3,1246,393,fit
3,1248,1685,fit
3,1249,2024,fit
3,1250,419,fit
3,1252,363,fit
3,1253,859,fit
3,1254,1032,fit
3,1256,1755,fit
3,1257,1855,fit
3,1259,320,fit
3,1262,1530,fit
3,1263,1867,fit
3,1265,1020,fit
3,1268,1655,fit
3,1270,858,fit
3,1271,1752,fit
3,1272,302,fit
3,1273,1363,fit
3,1274,378,fit
3,1275,1489,fit
3,1276,1393,fit
3,1278,712,fit
3,1280,1314,fit
3,1281,1347,fit
3,1282,1893,fit
3,1283,298,fit
3,1285,1834,fit
3,1287,197,fit
3,1288,1884,fit
3,1289,1397,fit
3,1290,1141,fit
3,1291,1079,fit
3,1292,1985,fit
3,1293,578,fit
3,1296,209,fit
3,1297,1686,fit
3,1298,9,fit
3,1299,173,fit
3,1301,577,fit
3,1302,583,fit
3,1303,347,fit
3,1305,1036,fit
3,1307,659,fit
3,1308,311,fit
3,1310,981,fit
3,1313,263,fit
3,1316,1431,fit
3,1317,1796,fit
3,1318,672,fit
3,1319,1068,fit
3,1320,1571,fit
3,1322,750,fit
3,1323,1813,fit
3,1324,1912,fit
3,1325,1007,fit
3,1329,1827,fit
3,1330,1905,fit
3,1331,960,fit
3,1332,1292,fit
3,1333,602,fit
3,1334,819,fit
3,1335,1307,fit
3,1339,275,fit
3,1340,1432,fit
3,1341,848,fit
3,1342,1058,fit
3,1344,1477,fit
3,1345,1527,fit
3,1346,549,fit
3,1348,1738,fit
3,1349,2007,fit
3,1351,1568,fit
3,1352,1076,fit
3,1353,21,fit
3,1354,442,fit
3,1356,107,fit
3,1357,623,fit
3,1358,1391,fit
3,1359,1618,fit
3,1360,566,fit
3,1361,890,fit
3,1362,1550,fit
3,1365,2026,fit
3,1367,1622,fit
3,1368,342,fit
3,1370,800,fit
3,1372,1213,fit
3,1373,918,fit
3,1375,1129,fit
3,1380,0,fit
3,1382,908,fit
3,1383,1562,fit
3,1387,862,fit
3,1388,651,fit
3,1389,2028,fit
3,1390,479,fit
3,1393,1451,fit
3,1394,524,fit
3,1395,1150,fit
3,1397,1518,fit
3,1399,1966,fit
3,1400,1191,fit
3,1401,1939,fit
3,1403,1931,fit
3,1404,606,fit
3,1405,1015,fit
3,1406,1233,fit
3,1407,1740,fit
3,1408,1899,fit
3,1409,135,fit
3,1410,517,fit
3,1411,176,fit
3,1412,155,fit
3,1413,844,fit
3,1415,1921,fit
3,1416,646,fit
3,1417,1200,fit
3,1419,51,fit
3,1422,1418,fit
3,1423,1552,fit
3,1424,936,fit
3,1425,1268,fit
3,1426,1111,fit
3,1427,504,fit
3,1428,1060,fit
3,1429,153,fit
3,1431,1915,fit
3,1432,1231,fit
3,1433,1518,fit
3,1434,856,fit
3,1436,1420,fit
3,1438,125,fit
3,1439,657,fit
3,1441,1318,fit
3,1442,1835,fit
3,1443,1464,fit
3,1444,403,fit
3,1445,1692,fit
3,1446,127,fit
3,1447,996,fit
3,1448,863,fit
3,1450,105,fit
3,1453,983,fit
3,1454,2,fit
3,1455,1713,fit
3,1456,1758,fit
3,1459,1421,fit
3,1468,948,fit
3,1469,1176,fit
3,1470,695,fit
3,1473,311,fit
3,1474,1662,fit
3,1477,2018,fit
3,1478,1449,fit
3,1484,621,fit
3,1486,282,fit
3,1488,111,fit
3,1491,407,fit
3,1492,1866,fit
3,1493,325,fit
3,1494,1849,fit
3,1496,1749,fit
3,1498,1060,fit
3,1499,92,fit
3,1501,544,fit
3,1504,351,fit
3,1505,727,fit
3,1506,1042,fit
3,1507,709,fit
3,1508,1698,fit
3,1509,102,fit
3,1514,1115,fit
3,1515,1153,fit
3,1516,120,fit
3,1517,466,fit
3,1518,1439,fit
3,1520,1829,fit
3,1522,1949,fit
3,1523,1737,fit
3,1525,1104,fit
3,1527,286,fit
3,1529,827,fit
3,1530,1698,fit
3,1532,1462,fit
3,1534,149,fit
3,1535,237,fit
3,1537,1843,fit
3,1538,313,fit
3,1541,1484,fit
3,1542,1954,fit
3,1545,1341,fit
3,1546,1590,fit
3,1547,356,fit
3,1549,508,fit
3,1550,1377,fit
3,1551,1763,fit
3,1552,870,fit
3,1554,1265,fit
3,1556,1742,fit
3,1557,1420,fit
3,1560,955,fit
3,1561,1161,fit
3,1564,1014,fit
3,1565,290,fit
3,1566,585,fit
3,1569,60,fit
3,1570,1093,fit
3,1571,92,fit
3,1572,1399,fit
3,1574,1502,fit
3,1575,1227,fit
3,1576,685,fit
3,1579,825,fit
3,1580,265,fit
3,1581,1940,fit
3,1582,1855,fit
3,1583,880,fit
3,1584,117,fit
3,1586,1776,fit
3,1589,1155,fit
3,1591,1350,fit
3,1592,924,fit
3,1595,1430,fit
3,1596,1650,fit
3,1597,1095,fit
3,1599,1135,fit
3,1603,762,fit
3,1604,1514,fit
3,1606,1053,fit
3,1607,339,fit
3,1608,747,fit
3,1609,907,fit
3,1610,465,fit
3,1612,471,fit
3,1613,193,fit
3,1614,1198,fit
3,1616,1986,fit
3,1617,1781,fit
3,1618,1019,fit
3,1619,112,fit
3,1620,1219,fit
3,1621,245,fit
3,1626,1096,fit
3,1627,1483,fit
3,1629,599,fit
3,1630,1194,fit
3,1631,1276,fit
3,1632,1299,fit
3,1633,456,fit
3,1634,1600,fit
3,1636,1005,fit
3,1637,23,fit
3,1638,1372,fit
3,1640,1984,fit
3,1641,1050,fit
3,1643,162,fit
3,1644,1901,fit
3,1645,1038,fit
3,1646,1802,fit
3,1649,1664,fit
3,1655,579,fit
3,1656,1061,fit
3,1657,1745,fit
3,1658,774,fit
3,1659,1488,fit
3,1661,1669,fit
3,1662,1873,fit
3,1663,63,fit
3,1664,178,fit
3,1665,1657,fit
3,1666,2024,fit
3,1668,1110,fit
3,1670,1958,fit
3,1671,1226,fit
3,1672,2016,fit
3,1674,874,fit
3,1677,1140,fit
3,1678,1991,fit
3,1680,1862,fit
3,1681,1506,fit
3,1684,426,fit
3,1687,897,fit
3,1688,315,fit
3,1689,1328,fit
3,1690,1493,fit
3,1691,843,fit
3,1692,1689,fit
3,1694,404,fit
3,1696,1333,fit
3,1697,83,fit
3,1698,57,fit
3,1699,1623,fit
3,1701,520,fit
3,1702,190,fit
3,1703,594,fit
3,1704,1116,fit
3,1706,531,fit
3,1707,1517,fit
3,1709,1844,fit
3,1710,1121,fit
3,1712,341,fit
3,1713,1629,fit
3,1714,704,fit
3,1715,1902,fit
3,1716,527,fit
3,1717,14,fit
3,1718,547,fit
3,1719,191,fit
3,1720,1362,fit
3,1721,1800,fit
3,1722,1202,fit
3,1723,1461,fit
3,1724,1642,fit
3,1725,313,fit
3,1726,783,fit
3,1727,903,fit
3,1729,516,fit
3,1730,1172,fit
3,1732,1463,fit
3,1733,668,fit
3,1734,240,fit
3,1735,1644,fit
3,1736,1124,fit
3,1738,676,fit
3,1741,1465,fit
3,1742,374,fit
3,1743,287,fit
3,1745,878,fit
3,1746,1099,fit
3,1747,600,fit
3,1749,16,fit
3,1751,428,fit
3,1752,1831,fit
3,1753,654,fit
3,1755,433,fit
3,1757,1774,fit
3,1758,815,fit
3,1759,370,fit
3,1760,1911,fit
3,1762,887,fit
3,1764,602,fit
3,1766,1880,fit
3,1767,82,fit
3,1772,1461,fit
3,1774,1753,fit
3,1775,1555,fit
3,1778,1,fit
3,1779,1067,fit
3,1780,854,fit
3,1782,136,fit
3,1783,480,fit
3,1784,839,fit
3,1785,382,fit
3,1786,1717,fit
3,1787,1169,fit
3,1788,1079,fit
3,1791,1132,fit
3,1793,831,fit
3,1795,1723,fit
3,1796,1050,fit
3,1797,1797,fit
3,1798,2009,fit
3,1799,1957,fit
3,1800,1684,fit
3,1802,1042,fit
3,1804,1147,fit
3,1805,43,fit
3,1806,1640,fit
3,1807,1790,fit
3,1808,689,fit
3,1812,185,fit
3,1813,1083,fit
3,1814,203,fit
3,1815,1924,fit
3,1817,1310,fit
3,1818,793,fit
3,1819,107,fit
3,1820,901,fit
3,1821,1823,fit
3,1825,875,fit
3,1826,1046,fit
3,1827,576,fit
3,1828,2000,fit
3,1829,1426,fit
3,1831,1352,fit
3,1832,1612,fit
3,1835,859,fit
3,1836,738,fit
3,1838,430,fit
3,1839,667,fit
3,1840,372,fit
3,1842,842,fit
3,1846,10,fit
3,1847,530,fit
3,1848,214,fit
3,1849,1152,fit
3,1850,1390,fit
3,1851,1429,fit
3,1852,1998,fit
3,1854,335,fit
3,1856,699,fit
3,1858,110,fit
3,1860,1945,fit
3,1861,1568,fit
3,1862,321,fit
3,1863,1249,fit
3,1864,1062,fit
3,1867,552,fit
3,1869,1073,fit
3,1871,207,fit
3,1873,80,fit
3,1874,935,fit
3,1876,455,fit
3,1877,95,fit
3,1878,756,fit
3,1879,167,fit
3,1880,811,fit
3,1881,775,fit
3,1882,168,fit
3,1883,1386,fit
3,1886,675,fit
3,1887,1243,fit
3,1889,1676,fit
3,1891,511,fit
3,1892,821,fit
3,1893,1981,fit
3,1895,44,fit
3,1896,1479,fit
3,1897,94,fit
3,1898,553,fit
3,1899,837,fit
3,1900,73,fit
3,1902,108,fit
3,1903,1108,fit
3,1904,824,fit
3,1905,1910,fit
3,1906,1235,fit
3,1908,1690,fit
3,1910,30,fit
3,1912,355,fit
3,1913,1432,fit
3,1917,1803,fit
3,1918,1338,fit
3,1920,592,fit
3,1921,1764,fit
3,1922,29,fit
3,1923,1683,fit
3,1924,429,fit
3,1925,1241,fit
3,1926,567,fit
3,1927,1424,fit
3,1928,833,fit
3,1929,939,fit
3,1931,705,fit
3,1933,618,fit
3,1934,1159,fit
3,1938,1625,fit
3,1941,1989,fit
3,1943,1697,fit
3,1944,1551,fit
3,1947,1264,fit
3,1948,1494,fit
3,1949,1250,fit
3,1950,1496,fit
3,1951,1204,fit
3,1952,1726,fit
3,1953,1008,fit
3,1954,1539,fit
3,1955,172,fit
3,1956,1802,fit
3,1957,1088,fit
3,1958,1916,fit
3,1959,1086,fit
3,1960,649,fit
3,1962,36,fit
3,1966,1965,fit
3,1967,613,fit
3,1970,570,fit
3,1971,225,fit
3,1973,1379,fit
3,1977,360,fit
3,1978,82,fit
3,1981,1520,fit
3,1983,560,fit
3,1984,543,fit
3,1986,1928,fit
3,1987,1925,fit
3,1988,559,fit
3,1989,2004,fit
3,1990,252,fit
3,1992,8,fit
3,1996,56,fit
3,1997,736,fit
3,1998,928,fit
3,2000,1995,fit
3,2001,1906,fit
3,2002,31,fit
3,2005,865,fit
3,2007,1031,fit
3,2008,1807,fit
3,2010,32,fit
3,2012,1590,fit
3,2013,1582,fit
3,2015,116,fit
3,2016,1654,fit
3,2017,204,fit
3,2018,1179,fit
3,2020,1181,fit
3,2021,400,fit
3,2022,96,fit
3,2024,1033,fit
3,2026,1805,fit
3,2030,1920,fit
3,2032,838,fit
3,2036,525,fit
3,2037,1944,fit
3,2038,597,fit
3,2039,1403,fit
3,2040,1705,fit
3,2041,868,fit
3,2042,1680,fit
3,2043,468,fit
3,2044,264,fit
3,2046,221,fit
3,2049,1482,fit
3,2051,1107,fit
3,2052,1232,fit
3,2053,160,fit
3,2054,1742,fit
3,2055,871,fit
3,2057,605,fit
3,2059,1692,fit
3,2060,972,fit
3,2061,1763,fit
3,2062,1889,fit
3,2063,317,fit
3,2064,1708,fit
3,2066,1455,fit
3,2067,1358,fit
3,2070,1907,fit
3,2075,943,fit
3,2077,789,fit
3,2079,1545,fit
3,2080,1749,fit
3,2082,1253,fit
3,2083,344,fit
3,2084,534,fit
3,2086,977,fit
3,2088,1658,fit
3,2089,554,fit
3,2090,330,fit
3,2092,328,fit
3,2093,1648,fit
3,2094,138,fit
3,2095,473,fit
3,2096,1094,fit
3,2097,1630,fit
3,2098,1054,fit
3,2099,976,fit
3,2101,619,fit
3,2102,1081,fit
3,2104,1469,fit
3,2106,538,fit
3,2108,1597,fit
3,2109,220,fit
3,2110,49,fit
3,2111,565,fit
3,2112,881,fit
3,2113,1793,fit
3,2115,401,fit
3,2116,1584,fit
3,2117,201,fit
3,2118,1336,fit
3,2119,904,fit
3,2120,700,fit
3,2121,1882,fit
3,2122,1696,fit
3,2123,1833,fit
3,2124,1500,fit
3,2125,1259,fit
3,2126,1572,fit
3,2127,1576,fit
3,2128,1335,fit
3,2130,1890,fit
3,2131,1914,fit
3,2132,132,fit
3,2133,423,fit
3,2135,1617,fit
3,2138,916,fit
3,2139,616,fit
3,2140,1041,fit
3,2141,642,fit
3,2142,1583,fit
3,2143,1619,fit
3,2144,860,fit
3,2145,1521,fit
3,2147,1070,fit
3,2150,423,fit
3,2151,1005,fit
3,2152,608,fit
3,2153,458,fit
3,2154,76,fit
3,2155,1284,fit
3,2157,1325,fit
3,2158,1505,fit
3,2160,852,fit
3,2161,1569,fit
3,2162,806,fit
3,2165,22,fit
3,2166,785,fit
3,2168,1773,fit
3,2170,1340,fit
3,2172,798,fit
3,2173,635,fit
3,2174,1543,fit
3,2175,872,fit
3,2176,293,fit
3,2177,1508,fit
3,2178,452,fit
3,2180,358,fit
3,2181,510,fit
3,2182,2003,fit
3,2183,941,fit
3,2184,1174,fit
3,2186,101,fit
3,2187,558,fit
3,2190,1425,fit
3,2192,1480,fit
3,2194,1581,fit
3,2195,1891,fit
3,2196,988,fit
3,2197,387,fit
3,2198,1395,fit
3,2199,1543,fit
3,2200,1278,fit
3,2201,1432,fit
3,2202,1733,fit
3,2203,1000,fit
3,2204,1870,fit
3,2206,295,fit
3,2207,1217,fit
3,2208,1846,fit
3,2210,970,fit
3,2211,1665,fit
3,2212,1785,fit
3,2214,1737,fit
3,2215,1194,fit
3,2216,974,fit
3,2218,1841,fit
3,2222,623,fit
3,2224,1166,fit
3,2225,1559,fit
3,2227,1716,fit
3,2228,1440,fit
3,2229,1448,fit
3,2230,545,fit
3,2232,621,fit
3,2234,362,fit
3,2235,717,fit
3,1,1993,policy_validation
3,2,1297,policy_validation
3,11,250,policy_validation
3,12,301,policy_validation
3,15,169,policy_validation
3,16,1809,policy_validation
3,17,485,policy_validation
3,25,832,policy_validation
3,36,1123,policy_validation
3,42,515,policy_validation
3,44,893,policy_validation
3,61,454,policy_validation
3,66,696,policy_validation
3,71,1180,policy_validation
3,75,723,policy_validation
3,80,912,policy_validation
3,81,1065,policy_validation
3,85,1402,policy_validation
3,89,779,policy_validation
3,92,232,policy_validation
3,93,767,policy_validation
3,94,324,policy_validation
3,102,1509,policy_validation
3,104,1620,policy_validation
3,114,615,policy_validation
3,116,556,policy_validation
3,118,503,policy_validation
3,127,569,policy_validation
3,128,40,policy_validation
3,130,257,policy_validation
3,134,1398,policy_validation
3,142,192,policy_validation
3,148,369,policy_validation
3,149,603,policy_validation
3,150,752,policy_validation
3,152,637,policy_validation
3,159,1422,policy_validation
3,172,1364,policy_validation
3,181,1675,policy_validation
3,191,773,policy_validation
3,212,1392,policy_validation
3,215,1741,policy_validation
3,230,1214,policy_validation
3,234,1208,policy_validation
3,235,329,policy_validation
3,249,820,policy_validation
3,268,665,policy_validation
3,274,879,policy_validation
3,280,485,policy_validation
3,284,1820,policy_validation
3,290,175,policy_validation
3,302,1412,policy_validation
3,312,1900,policy_validation
3,324,1186,policy_validation
3,348,726,policy_validation
3,349,1458,policy_validation
3,351,826,policy_validation
3,354,296,policy_validation
3,362,1955,policy_validation
3,363,157,policy_validation
3,368,470,policy_validation
3,373,1378,policy_validation
3,375,1879,policy_validation
3,380,369,policy_validation
3,383,1437,policy_validation
3,387,702,policy_validation
3,390,1660,policy_validation
3,402,1274,policy_validation
3,425,1715,policy_validation
3,429,663,policy_validation
3,431,1707,policy_validation
3,441,1320,policy_validation
3,444,1503,policy_validation
3,447,720,policy_validation
3,453,703,policy_validation
3,463,926,policy_validation
3,467,1293,policy_validation
3,468,1012,policy_validation
3,472,1171,policy_validation
3,473,1832,policy_validation
3,477,986,policy_validation
3,484,1883,policy_validation
3,487,1721,policy_validation
3,504,1736,policy_validation
3,514,1385,policy_validation
3,525,244,policy_validation
3,535,164,policy_validation
3,540,1579,policy_validation
3,548,900,policy_validation
3,550,491,policy_validation
3,553,54,policy_validation
3,564,1709,policy_validation
3,574,542,policy_validation
3,580,1980,policy_validation
3,593,305,policy_validation
3,595,1652,policy_validation
3,608,648,policy_validation
3,615,1294,policy_validation
3,625,500,policy_validation
3,628,100,policy_validation
3,634,345,policy_validation
3,635,186,policy_validation
3,636,35,policy_validation
3,642,1098,policy_validation
3,644,1443,policy_validation
3,651,1888,policy_validation
3,675,2017,policy_validation
3,677,1106,policy_validation
3,678,405,policy_validation
3,682,1535,policy_validation
3,693,1028,policy_validation
3,697,2005,policy_validation
3,702,726,policy_validation
3,712,115,policy_validation
3,714,956,policy_validation
3,718,1687,policy_validation
3,723,1929,policy_validation
3,728,1059,policy_validation
3,731,978,policy_validation
3,734,1452,policy_validation
3,735,226,policy_validation
3,737,316,policy_validation
3,745,439,policy_validation
3,750,1923,policy_validation
3,753,710,policy_validation
3,756,873,policy_validation
3,766,361,policy_validation
3,776,582,policy_validation
3,783,1999,policy_validation
3,802,199,policy_validation
3,806,55,policy_validation
3,807,1950,policy_validation
3,820,491,policy_validation
3,832,1936,policy_validation
3,835,740,policy_validation
3,838,1667,policy_validation
3,843,319,policy_validation
3,844,12,policy_validation
3,845,411,policy_validation
3,851,622,policy_validation
3,856,350,policy_validation
3,860,28,policy_validation
3,863,122,policy_validation
3,875,238,policy_validation
3,882,72,policy_validation
3,890,241,policy_validation
3,896,1267,policy_validation
3,903,1641,policy_validation
3,914,1579,policy_validation
3,921,687,policy_validation
3,933,761,policy_validation
3,941,795,policy_validation
3,946,681,policy_validation
3,950,284,policy_validation
3,958,1149,policy_validation
3,971,1852,policy_validation
3,975,1034,policy_validation
3,977,658,policy_validation
3,984,950,policy_validation
3,985,1789,policy_validation
3,989,610,policy_validation
3,992,1028,policy_validation
3,998,1573,policy_validation
3,1002,1549,policy_validation
3,1012,1909,policy_validation
3,1025,1894,policy_validation
3,1026,817,policy_validation
3,1036,1783,policy_validation
3,1038,417,policy_validation
3,1052,1330,policy_validation
3,1072,1370,policy_validation
3,1073,484,policy_validation
3,1074,1467,policy_validation
3,1084,1693,policy_validation
3,1088,745,policy_validation
3,1091,2012,policy_validation
3,1105,376,policy_validation
3,1106,1961,policy_validation
3,1108,495,policy_validation
3,1109,933,policy_validation
3,1122,1636,policy_validation
3,1126,208,policy_validation
3,1127,1156,policy_validation
3,1128,1312,policy_validation
3,1141,1817,policy_validation
3,1148,1187,policy_validation
3,1155,1663,policy_validation
3,1156,336,policy_validation
3,1161,87,policy_validation
3,1163,1826,policy_validation
3,1168,1320,policy_validation
3,1174,1357,policy_validation
3,1183,78,policy_validation
3,1186,1113,policy_validation
3,1191,1240,policy_validation
3,1202,432,policy_validation
3,1210,1510,policy_validation
3,1214,266,policy_validation
3,1219,1772,policy_validation
3,1239,1228,policy_validation
3,1251,1106,policy_validation
3,1255,999,policy_validation
3,1266,1942,policy_validation
3,1279,1976,policy_validation
3,1286,1646,policy_validation
3,1294,1117,policy_validation
3,1312,529,policy_validation
3,1314,1196,policy_validation
3,1328,424,policy_validation
3,1336,1131,policy_validation
3,1338,732,policy_validation
3,1347,143,policy_validation
3,1350,381,policy_validation
3,1363,857,policy_validation
3,1364,1052,policy_validation
3,1366,1591,policy_validation
3,1371,840,policy_validation
3,1378,1567,policy_validation
3,1379,1175,policy_validation
3,1381,1948,policy_validation
3,1384,1467,policy_validation
3,1391,444,policy_validation
3,1392,1748,policy_validation
3,1402,451,policy_validation
3,1414,1287,policy_validation
3,1418,1801,policy_validation
3,1420,509,policy_validation
3,1430,984,policy_validation
3,1449,1859,policy_validation
3,1457,1868,policy_validation
3,1462,1988,policy_validation
3,1475,937,policy_validation
3,1479,1606,policy_validation
3,1483,814,policy_validation
3,1487,944,policy_validation
3,1489,997,policy_validation
3,1490,1137,policy_validation
3,1495,1542,policy_validation
3,1502,886,policy_validation
3,1503,971,policy_validation
3,1526,410,policy_validation
3,1528,1349,policy_validation
3,1531,1845,policy_validation
3,1536,906,policy_validation
3,1539,1553,policy_validation
3,1548,548,policy_validation
3,1553,1343,policy_validation
3,1555,535,policy_validation
3,1558,199,policy_validation
3,1559,1561,policy_validation
3,1562,1203,policy_validation
3,1563,1728,policy_validation
3,1567,169,policy_validation
3,1568,417,policy_validation
3,1578,109,policy_validation
3,1585,1419,policy_validation
3,1593,1999,policy_validation
3,1594,964,policy_validation
3,1600,62,policy_validation
3,1601,1282,policy_validation
3,1615,381,policy_validation
3,1622,1018,policy_validation
3,1624,291,policy_validation
3,1625,787,policy_validation
3,1639,1762,policy_validation
3,1647,91,policy_validation
3,1650,803,policy_validation
3,1651,389,policy_validation
3,1654,5,policy_validation
3,1667,1254,policy_validation
3,1673,1878,policy_validation
3,1676,1091,policy_validation
3,1679,1599,policy_validation
3,1686,1736,policy_validation
3,1700,1522,policy_validation
3,1708,276,policy_validation
3,1737,636,policy_validation
3,1739,593,policy_validation
3,1740,1303,policy_validation
3,1768,1660,policy_validation
3,1769,1330,policy_validation
3,1771,1039,policy_validation
3,1773,912,policy_validation
3,1776,1260,policy_validation
3,1777,673,policy_validation
3,1781,1072,policy_validation
3,1789,1516,policy_validation
3,1803,2032,policy_validation
3,1816,1475,policy_validation
3,1822,1324,policy_validation
3,1823,1702,policy_validation
3,1830,180,policy_validation
3,1841,151,policy_validation
3,1843,1586,policy_validation
3,1865,563,policy_validation
3,1866,807,policy_validation
3,1875,1968,policy_validation
3,1884,1681,policy_validation
3,1890,1044,policy_validation
3,1907,1164,policy_validation
3,1909,1852,policy_validation
3,1914,1459,policy_validation
3,1916,1143,policy_validation
3,1935,1626,policy_validation
3,1940,1085,policy_validation
3,1963,463,policy_validation
3,1965,1006,policy_validation
3,1969,1072,policy_validation
3,1975,131,policy_validation
3,1979,1406,policy_validation
3,1982,515,policy_validation
3,1985,1492,policy_validation
3,1991,1839,policy_validation
3,1995,1917,policy_validation
3,1999,1613,policy_validation
3,2003,1248,policy_validation
3,2004,104,policy_validation
3,2006,20,policy_validation
3,2009,215,policy_validation
3,2011,1760,policy_validation
3,2014,896,policy_validation
3,2019,1795,policy_validation
3,2029,477,policy_validation
3,2031,574,policy_validation
3,2035,1497,policy_validation
3,2047,590,policy_validation
3,2048,630,policy_validation
3,2056,521,policy_validation
3,2058,1428,policy_validation
3,2069,1324,policy_validation
3,2071,1221,policy_validation
3,2076,1337,policy_validation
3,2085,920,policy_validation
3,2114,866,policy_validation
3,2129,2025,policy_validation
3,2136,1778,policy_validation
3,2137,137,policy_validation
3,2146,1077,policy_validation
3,2148,399,policy_validation
3,2167,47,policy_validation
3,2169,1529,policy_validation
3,2171,309,policy_validation
3,2188,357,policy_validation
3,2209,1487,policy_validation
3,2217,588,policy_validation
3,2219,1234,policy_validation
3,2221,166,policy_validation
3,2223,849,policy_validation
3,23,1441,outer_test
3,27,435,outer_test
3,29,701,outer_test
3,37,1301,outer_test
3,38,754,outer_test
3,39,546,outer_test
3,46,398,outer_test
3,48,1580,outer_test
3,49,211,outer_test
3,50,213,outer_test
3,57,267,outer_test
3,67,1804,outer_test
3,70,1447,outer_test
3,77,1647,outer_test
3,78,1114,outer_test
3,96,1288,outer_test
3,97,1476,outer_test
3,98,2013,outer_test
3,109,130,outer_test
3,112,876,outer_test
3,119,581,outer_test
3,132,194,outer_test
3,135,915,outer_test
3,136,348,outer_test
3,137,1666,outer_test
3,139,1063,outer_test
3,141,343,outer_test
3,144,1388,outer_test
3,154,1677,outer_test
3,156,493,outer_test
3,157,114,outer_test
3,160,1953,outer_test
3,163,1445,outer_test
3,164,278,outer_test
3,167,836,outer_test
3,173,528,outer_test
3,179,2013,outer_test
3,180,1656,outer_test
3,182,2002,outer_test
3,184,1932,outer_test
3,194,1735,outer_test
3,197,769,outer_test
3,201,1027,outer_test
3,204,1334,outer_test
3,206,218,outer_test
3,211,1045,outer_test
3,213,1513,outer_test
3,221,1824,outer_test
3,222,952,outer_test
3,224,174,outer_test
3,226,1706,outer_test
3,231,851,outer_test
3,236,869,outer_test
3,237,17,outer_test
3,242,1308,outer_test
3,247,1374,outer_test
3,251,922,outer_test
3,258,688,outer_test
3,270,224,outer_test
3,276,568,outer_test
3,292,1554,outer_test
3,296,639,outer_test
3,299,835,outer_test
3,300,457,outer_test
3,303,728,outer_test
3,304,595,outer_test
3,306,41,outer_test
3,308,541,outer_test
3,313,804,outer_test
3,314,1922,outer_test
3,320,1854,outer_test
3,327,438,outer_test
3,333,205,outer_test
3,335,170,outer_test
3,342,671,outer_test
3,346,1719,outer_test
3,350,304,outer_test
3,369,1959,outer_test
3,374,1084,outer_test
3,376,6,outer_test
3,377,609,outer_test
3,384,1782,outer_test
3,385,1974,outer_test
3,389,2019,outer_test
3,404,1661,outer_test
3,420,1913,outer_test
3,427,706,outer_test
3,438,1189,outer_test
3,439,1080,outer_test
3,440,1084,outer_test
3,442,397,outer_test
3,445,1638,outer_test
3,446,1507,outer_test
3,462,523,outer_test
3,464,1730,outer_test
3,466,1534,outer_test
3,478,1614,outer_test
3,479,1861,outer_test
3,480,1128,outer_test
3,483,343,outer_test
3,485,679,outer_test
3,489,235,outer_test
3,490,1603,outer_test
3,493,1992,outer_test
3,506,476,outer_test
3,507,714,outer_test
3,509,1195,outer_test
3,519,1188,outer_test
3,521,81,outer_test
3,522,561,outer_test
3,524,1277,outer_test
3,531,141,outer_test
3,534,1438,outer_test
3,543,1353,outer_test
3,544,3,outer_test
3,551,1746,outer_test
3,554,394,outer_test
3,555,1874,outer_test
3,559,46,outer_test
3,563,1368,outer_test
3,567,1270,outer_test
3,568,885,outer_test
3,575,1485,outer_test
3,579,299,outer_test
3,581,1699,outer_test
3,585,645,outer_test
3,590,1092,outer_test
3,603,754,outer_test
3,604,661,outer_test
3,605,1682,outer_test
3,613,1560,outer_test
3,630,1022,outer_test
3,632,251,outer_test
3,637,1782,outer_test
3,647,518,outer_test
3,648,1711,outer_test
3,653,133,outer_test
3,654,922,outer_test
3,662,1454,outer_test
3,663,990,outer_test
3,668,364,outer_test
3,691,318,outer_test
3,699,1908,outer_test
3,707,607,outer_test
3,711,1481,outer_test
3,717,1881,outer_test
3,730,641,outer_test
3,738,1982,outer_test
3,739,464,outer_test
3,742,434,outer_test
3,751,359,outer_test
3,759,1997,outer_test
3,771,1969,outer_test
3,774,1354,outer_test
3,775,1158,outer_test
3,777,64,outer_test
3,779,1609,outer_test
3,780,1242,outer_test
3,781,846,outer_test
3,784,1585,outer_test
3,787,414,outer_test
3,790,1281,outer_test
3,805,179,outer_test
3,809,942,outer_test
3,815,1903,outer_test
3,816,1724,outer_test
3,824,239,outer_test
3,830,1546,outer_test
3,848,1441,outer_test
3,850,408,outer_test
3,857,801,outer_test
3,862,1173,outer_test
3,864,628,outer_test
3,870,2027,outer_test
3,873,1236,outer_test
3,876,1791,outer_test
3,877,1225,outer_test
3,884,1329,outer_test
3,885,274,outer_test
3,887,1633,outer_test
3,891,546,outer_test
3,892,533,outer_test
3,893,1246,outer_test
3,895,1423,outer_test
3,897,632,outer_test
3,905,1739,outer_test
3,906,891,outer_test
3,908,794,outer_test
3,909,2008,outer_test
3,910,1621,outer_test
3,911,106,outer_test
3,913,505,outer_test
3,918,861,outer_test
3,922,781,outer_test
3,925,2019,outer_test
3,928,1703,outer_test
3,932,146,outer_test
3,944,15,outer_test
3,945,1411,outer_test
3,947,402,outer_test
3,956,1351,outer_test
3,964,1975,outer_test
3,968,1815,outer_test
3,973,1777,outer_test
3,980,1027,outer_test
3,983,1643,outer_test
3,988,1848,outer_test
3,991,1767,outer_test
3,993,810,outer_test
3,997,1251,outer_test
3,1004,434,outer_test
3,1006,932,outer_test
3,1010,1321,outer_test
3,1016,1810,outer_test
3,1017,1627,outer_test
3,1024,734,outer_test
3,1029,898,outer_test
3,1033,947,outer_test
3,1050,883,outer_test
3,1056,822,outer_test
3,1058,652,outer_test
3,1062,1256,outer_test
3,1067,146,outer_test
3,1069,1405,outer_test
3,1081,601,outer_test
3,1083,1146,outer_test
3,1087,1311,outer_test
3,1092,1266,outer_test
3,1093,980,outer_test
3,1094,1109,outer_test
3,1100,1607,outer_test
3,1104,1874,outer_test
3,1110,518,outer_test
3,1111,1557,outer_test
3,1112,1519,outer_test
3,1118,1178,outer_test
3,1119,498,outer_test
3,1121,995,outer_test
3,1125,1230,outer_test
3,1129,39,outer_test
3,1136,1837,outer_test
3,1149,1201,outer_test
3,1151,693,outer_test
3,1154,539,outer_test
3,1165,1223,outer_test
3,1166,1963,outer_test
3,1169,383,outer_test
3,1172,919,outer_test
3,1185,1317,outer_test
3,1187,1860,outer_test
3,1189,488,outer_test
3,1194,1570,outer_test
3,1196,354,outer_test
3,1200,688,outer_test
3,1203,701,outer_test
3,1208,1417,outer_test
3,1211,1017,outer_test
3,1217,1380,outer_test
3,1220,27,outer_test
3,1224,158,outer_test
3,1225,550,outer_test
3,1230,1206,outer_test
3,1232,1750,outer_test
3,1233,478,outer_test
3,1240,260,outer_test
3,1241,99,outer_test
3,1245,2033,outer_test
3,1247,755,outer_test
3,1258,365,outer_test
3,1260,1119,outer_test
3,1261,1524,outer_test
3,1264,1057,outer_test
3,1267,375,outer_test
3,1269,816,outer_test
3,1277,1345,outer_test
3,1284,749,outer_test
3,1295,1120,outer_test
3,1300,1927,outer_test
3,1304,367,outer_test
3,1306,1490,outer_test
3,1309,1918,outer_test
3,1311,2023,outer_test
3,1315,1922,outer_test
3,1321,154,outer_test
3,1326,1396,outer_test
3,1327,1541,outer_test
3,1337,1819,outer_test
3,1343,1887,outer_test
3,1355,1754,outer_test
3,1369,1560,outer_test
3,1374,1798,outer_test
3,1376,1127,outer_test
3,1377,163,outer_test
3,1385,993,outer_test
3,1386,359,outer_test
3,1396,124,outer_test
3,1398,1903,outer_test
3,1421,1454,outer_test
3,1435,1825,outer_test
3,1437,338,outer_test
3,1440,147,outer_test
3,1451,776,outer_test
3,1452,898,outer_test
3,1458,1048,outer_test
3,1460,760,outer_test
3,1461,1895,outer_test
3,1463,905,outer_test
3,1464,434,outer_test
3,1465,1694,outer_test
3,1466,719,outer_test
3,1467,1261,outer_test
3,1471,1295,outer_test
3,1472,1361,outer_test
3,1476,877,outer_test
3,1480,1830,outer_test
3,1481,1427,outer_test
3,1482,989,outer_test
3,1485,385,outer_test
3,1497,1055,outer_test
3,1500,312,outer_test
3,1510,1306,outer_test
3,1511,1151,outer_test
3,1512,93,outer_test
3,1513,1528,outer_test
3,1519,243,outer_test
3,1521,34,outer_test
3,1524,59,outer_test
3,1533,1787,outer_test
3,1540,443,outer_test
3,1543,1672,outer_test
3,1544,1565,outer_test
3,1573,1869,outer_test
3,1577,24,outer_test
3,1587,1317,outer_test
3,1588,1743,outer_test
3,1590,1918,outer_test
3,1598,1759,outer_test
3,1602,1766,outer_test
3,1605,307,outer_test
3,1611,1735,outer_test
3,1623,1471,outer_test
3,1628,229,outer_test
3,1635,841,outer_test
3,1642,1102,outer_test
3,1648,70,outer_test
3,1652,184,outer_test
3,1653,118,outer_test
3,1660,50,outer_test
3,1669,765,outer_test
3,1675,1898,outer_test
3,1682,1167,outer_test
3,1683,969,outer_test
3,1685,596,outer_test
3,1693,620,outer_test
3,1695,1501,outer_test
3,1705,1043,outer_test
3,1711,790,outer_test
3,1728,1454,outer_test
3,1731,957,outer_test
3,1744,2002,outer_test
3,1748,1270,outer_test
3,1750,853,outer_test
3,1754,1495,outer_test
3,1756,1946,outer_test
3,1761,421,outer_test
3,1763,1941,outer_test
3,1765,1932,outer_test
3,1770,741,outer_test
3,1790,243,outer_test
3,1792,425,outer_test
3,1794,459,outer_test
3,1801,270,outer_test
3,1809,1003,outer_test
3,1810,1466,outer_test
3,1811,1842,outer_test
3,1824,1162,outer_test
3,1833,85,outer_test
3,1834,200,outer_test
3,1837,965,outer_test
3,1844,1375,outer_test
3,1845,575,outer_test
3,1853,1097,outer_test
3,1855,280,outer_test
3,1857,1212,outer_test
3,1859,1266,outer_test
3,1868,1037,outer_test
3,1870,929,outer_test
3,1872,1400,outer_test
3,1885,1220,outer_test
3,1888,327,outer_test
3,1894,483,outer_test
3,1901,655,outer_test
3,1911,2008,outer_test
3,1915,1810,outer_test
3,1919,289,outer_test
3,1930,910,outer_test
3,1932,1078,outer_test
3,1936,733,outer_test
3,1937,580,outer_test
3,1939,1134,outer_test
3,1942,757,outer_test
3,1945,1987,outer_test
3,1946,1361,outer_test
3,1961,103,outer_test
3,1964,975,outer_test
3,1968,332,outer_test
3,1972,255,outer_test
3,1974,1383,outer_test
3,1976,469,outer_test
3,1980,1538,outer_test
3,1993,1575,outer_test
3,1994,294,outer_test
3,2023,1554,outer_test
3,2025,555,outer_test
3,2027,67,outer_test
3,2028,1876,outer_test
3,2033,1029,outer_test
3,2034,1002,outer_test
3,2045,1770,outer_test
3,2050,1138,outer_test
3,2065,1433,outer_test
3,2068,686,outer_test
3,2072,1688,outer_test
3,2073,1069,outer_test
3,2074,677,outer_test
3,2078,450,outer_test
3,2081,1460,outer_test
3,2087,1598,outer_test
3,2091,555,outer_test
3,2100,188,outer_test
3,2103,1538,outer_test
3,2105,586,outer_test
3,2107,1339,outer_test
3,2134,1609,outer_test
3,2149,1938,outer_test
3,2156,1183,outer_test
3,2159,985,outer_test
3,2163,1842,outer_test
3,2164,830,outer_test
3,2179,1825,outer_test
3,2185,1592,outer_test
3,2189,1010,outer_test
3,2191,721,outer_test
3,2193,938,outer_test
3,2205,614,outer_test
3,2213,1206,outer_test
3,2220,1649,outer_test
3,2226,75,outer_test
3,2231,666,outer_test
3,2233,512,outer_test
4,2,1297,fit
4,3,1133,fit
4,4,953,fit
4,6,1977,fit
4,7,431,fit
4,8,951,fit
4,9,716,fit
4,13,966,fit
4,15,169,fit
4,16,1809,fit
4,17,485,fit
4,18,210,fit
4,19,1245,fit
4,20,249,fit
4,21,7,fit
4,24,1670,fit
4,26,1967,fit
4,27,435,fit
4,28,377,fit
4,29,701,fit
4,30,1533,fit
4,31,38,fit
4,32,737,fit
4,34,1199,fit
4,35,884,fit
4,37,1301,fit
4,38,754,fit
4,39,546,fit
4,41,1671,fit
4,43,1744,fit
4,47,1608,fit
4,48,1580,fit
4,49,211,fit
4,50,213,fit
4,55,1504,fit
4,56,142,fit
4,57,267,fit
4,59,1210,fit
4,60,1841,fit
4,62,1851,fit
4,64,1588,fit
4,65,963,fit
4,66,696,fit
4,67,1804,fit
4,69,753,fit
4,71,1180,fit
4,72,152,fit
4,74,532,fit
4,75,723,fit
4,76,1026,fit
4,77,1647,fit
4,78,1114,fit
4,79,692,fit
4,80,912,fit
4,81,1065,fit
4,83,38,fit
4,84,1940,fit
4,85,1402,fit
4,87,1056,fit
4,90,1222,fit
4,94,324,fit
4,96,1288,fit
4,97,1476,fit
4,98,2013,fit
4,99,1477,fit
4,100,746,fit
4,102,1509,fit
4,103,1286,fit
4,104,1620,fit
4,105,1984,fit
4,108,234,fit
4,109,130,fit
4,111,1016,fit
4,112,876,fit
4,113,1729,fit
4,114,615,fit
4,115,987,fit
4,117,1757,fit
4,118,503,fit
4,119,581,fit
4,121,1112,fit
4,122,1653,fit
4,124,1263,fit
4,125,1376,fit
4,127,569,fit
4,128,40,fit
4,131,1011,fit
4,132,194,fit
4,133,823,fit
4,134,1398,fit
4,139,1063,fit
4,140,1478,fit
4,141,343,fit
4,142,192,fit
4,143,690,fit
4,145,52,fit
4,146,722,fit
4,148,369,fit
4,149,603,fit
4,152,637,fit
4,153,123,fit
4,154,1677,fit
4,157,114,fit
4,158,845,fit
4,159,1422,fit
4,163,1445,fit
4,164,278,fit
4,165,182,fit
4,169,1875,fit
4,170,1139,fit
4,173,528,fit
4,174,564,fit
4,176,698,fit
4,177,829,fit
4,178,730,fit
4,179,2013,fit
4,180,1656,fit
4,181,1675,fit
4,183,572,fit
4,186,1674,fit
4,187,1833,fit
4,188,45,fit
4,190,1981,fit
4,192,58,fit
4,193,786,fit
4,194,1735,fit
4,195,1896,fit
4,197,769,fit
4,199,1355,fit
4,200,1040,fit
4,201,1027,fit
4,204,1334,fit
4,208,1934,fit
4,210,751,fit
4,211,1045,fit
4,212,1392,fit
4,213,1513,fit
4,215,1741,fit
4,216,1142,fit
4,217,53,fit
4,218,1371,fit
4,219,1409,fit
4,220,1209,fit
4,221,1824,fit
4,222,952,fit
4,223,913,fit
4,224,174,fit
4,225,1013,fit
4,227,390,fit
4,228,1714,fit
4,229,1684,fit
4,230,1214,fit
4,231,851,fit
4,233,1290,fit
4,236,869,fit
4,238,396,fit
4,240,1884,fit
4,242,1308,fit
4,243,946,fit
4,246,1243,fit
4,247,1374,fit
4,251,922,fit
4,253,502,fit
4,254,600,fit
4,255,647,fit
4,257,1207,fit
4,258,688,fit
4,259,395,fit
4,260,940,fit
4,261,84,fit
4,263,216,fit
4,264,1415,fit
4,269,1498,fit
4,270,224,fit
4,271,1710,fit
4,272,1404,fit
4,274,879,fit
4,276,568,fit
4,277,1150,fit
4,279,1013,fit
4,280,485,fit
4,281,1847,fit
4,282,1930,fit
4,283,1382,fit
4,286,1865,fit
4,287,644,fit
4,288,1780,fit
4,289,605,fit
4,291,834,fit
4,292,1554,fit
4,295,1954,fit
4,296,639,fit
4,297,475,fit
4,298,625,fit
4,299,835,fit
4,300,457,fit
4,303,728,fit
4,304,595,fit
4,305,759,fit
4,306,41,fit
4,307,1269,fit
4,308,541,fit
4,312,1900,fit
4,314,1922,fit
4,317,1456,fit
4,320,1854,fit
4,322,1170,fit
4,323,1808,fit
4,324,1186,fit
4,325,540,fit
4,326,902,fit
4,327,438,fit
4,328,1610,fit
4,329,1669,fit
4,331,1177,fit
4,332,1747,fit
4,333,205,fit
4,334,1408,fit
4,337,339,fit
4,338,453,fit
4,341,297,fit
4,344,334,fit
4,345,428,fit
4,346,1719,fit
4,347,416,fit
4,348,726,fit
4,349,1458,fit
4,350,304,fit
4,351,826,fit
4,352,1814,fit
4,353,1258,fit
4,357,1840,fit
4,360,84,fit
4,361,492,fit
4,363,157,fit
4,364,1523,fit
4,366,2022,fit
4,368,470,fit
4,369,1959,fit
4,371,126,fit
4,372,1698,fit
4,374,1084,fit
4,375,1879,fit
4,376,6,fit
4,377,609,fit
4,378,1727,fit
4,380,369,fit
4,381,1023,fit
4,382,1087,fit
4,383,1437,fit
4,384,1782,fit
4,385,1974,fit
4,389,2019,fit
4,390,1660,fit
4,395,2006,fit
4,398,945,fit
4,399,447,fit
4,400,128,fit
4,401,889,fit
4,402,1274,fit
4,403,1558,fit
4,404,1661,fit
4,405,951,fit
4,406,813,fit
4,407,1979,fit
4,408,1367,fit
4,409,89,fit
4,411,380,fit
4,412,1444,fit
4,413,923,fit
4,414,656,fit
4,415,253,fit
4,416,519,fit
4,419,441,fit
4,420,1913,fit
4,421,958,fit
4,422,482,fit
4,423,379,fit
4,424,1434,fit
4,425,1715,fit
4,426,536,fit
4,427,706,fit
4,429,663,fit
4,430,1001,fit
4,432,1387,fit
4,435,1298,fit
4,437,925,fit
4,438,1189,fit
4,440,1084,fit
4,441,1320,fit
4,442,397,fit
4,443,1118,fit
4,444,1503,fit
4,445,1638,fit
4,449,279,fit
4,451,1990,fit
4,452,1540,fit
4,454,670,fit
4,455,386,fit
4,456,112,fit
4,457,1450,fit
4,458,1394,fit
4,459,448,fit
4,460,1415,fit
4,462,523,fit
4,465,718,fit
4,466,1534,fit
4,470,1381,fit
4,472,1171,fit
4,474,1532,fit
4,475,782,fit
4,478,1614,fit
4,479,1861,fit
4,480,1128,fit
4,481,189,fit
4,483,343,fit
4,484,1883,fit
4,487,1721,fit
4,489,235,fit
4,490,1603,fit
4,492,968,fit
4,493,1992,fit
4,495,1054,fit
4,499,1193,fit
4,500,1544,fit
4,501,1387,fit
4,503,1818,fit
4,506,476,fit
4,507,714,fit
4,508,1806,fit
4,509,1195,fit
4,510,366,fit
4,511,246,fit
4,513,1323,fit
4,514,1385,fit
4,515,1594,fit
4,516,1863,fit
4,518,461,fit
4,519,1188,fit
4,520,1442,fit
4,521,81,fit
4,523,909,fit
4,524,1277,fit
4,526,1611,fit
4,527,1272,fit
4,529,1771,fit
4,530,1319,fit
4,531,141,fit
4,532,1931,fit
4,534,1438,fit
4,535,164,fit
4,536,1679,fit
4,537,674,fit
4,538,1285,fit
4,540,1579,fit
4,542,1359,fit
4,543,1353,fit
4,544,3,fit
4,545,792,fit
4,546,1090,fit
4,548,900,fit
4,551,1746,fit
4,552,1305,fit
4,554,394,fit
4,555,1874,fit
4,556,684,fit
4,558,13,fit
4,560,867,fit
4,561,1360,fit
4,562,144,fit
4,563,1368,fit
4,565,1886,fit
4,566,1858,fit
4,567,1270,fit
4,568,885,fit
4,569,1574,fit
4,570,331,fit
4,571,18,fit
4,572,713,fit
4,573,1973,fit
4,575,1485,fit
4,576,748,fit
4,577,1704,fit
4,578,1670,fit
4,581,1699,fit
4,584,217,fit
4,587,768,fit
4,588,617,fit
4,590,1092,fit
4,591,640,fit
4,592,967,fit
4,593,305,fit
4,594,627,fit
4,596,233,fit
4,598,1449,fit
4,602,1446,fit
4,603,754,fit
4,604,661,fit
4,606,422,fit
4,607,1701,fit
4,609,1756,fit
4,611,373,fit
4,612,1327,fit
4,613,1560,fit
4,614,770,fit
4,615,1294,fit
4,617,1064,fit
4,618,664,fit
4,619,1602,fit
4,620,19,fit
4,621,1958,fit
4,622,587,fit
4,623,1035,fit
4,626,982,fit
4,629,867,fit
4,630,1022,fit
4,632,251,fit
4,633,788,fit
4,637,1782,fit
4,638,1148,fit
4,641,1511,fit
4,642,1098,fit
4,643,2015,fit
4,645,1160,fit
4,648,1711,fit
4,649,1763,fit
4,650,269,fit
4,652,1205,fit
4,653,133,fit
4,654,922,fit
4,655,1483,fit
4,657,1047,fit
4,658,1727,fit
4,659,850,fit
4,663,990,fit
4,664,739,fit
4,665,1316,fit
4,667,1344,fit
4,671,2022,fit
4,676,1304,fit
4,677,1106,fit
4,683,1605,fit
4,686,1952,fit
4,687,800,fit
4,690,195,fit
4,691,318,fit
4,692,346,fit
4,693,1028,fit
4,694,1601,fit
4,695,352,fit
4,696,1596,fit
4,697,2005,fit
4,698,562,fit
4,701,2026,fit
4,702,726,fit
4,703,1587,fit
4,704,1734,fit
4,705,300,fit
4,706,1177,fit
4,707,607,fit
4,708,973,fit
4,711,1481,fit
4,714,956,fit
4,715,1853,fit
4,717,1881,fit
4,718,1687,fit
4,719,1722,fit
4,720,930,fit
4,721,1215,fit
4,724,678,fit
4,725,1100,fit
4,726,744,fit
4,727,202,fit
4,728,1059,fit
4,730,641,fit
4,731,978,fit
4,732,1786,fit
4,734,1452,fit
4,735,226,fit
4,736,743,fit
4,738,1982,fit
4,739,464,fit
4,740,1838,fit
4,742,434,fit
4,744,1784,fit
4,746,48,fit
4,747,669,fit
4,749,850,fit
4,752,777,fit
4,755,771,fit
4,756,873,fit
4,757,1816,fit
4,758,668,fit
4,759,1997,fit
4,760,256,fit
4,761,1937,fit
4,762,1951,fit
4,763,1416,fit
4,764,1331,fit
4,766,361,fit
4,767,1947,fit
4,769,1229,fit
4,771,1969,fit
4,772,1211,fit
4,774,1354,fit
4,775,1158,fit
4,776,582,fit
4,777,64,fit
4,779,1609,fit
4,780,1242,fit
4,781,846,fit
4,782,1081,fit
4,783,1999,fit
4,785,258,fit
4,787,414,fit
4,790,1281,fit
4,791,187,fit
4,796,281,fit
4,800,285,fit
4,801,1732,fit
4,803,1761,fit
4,804,242,fit
4,805,179,fit
4,806,55,fit
4,809,942,fit
4,812,624,fit
4,814,65,fit
4,815,1903,fit
4,817,2001,fit
4,819,1457,fit
4,821,684,fit
4,822,490,fit
4,823,1962,fit
4,824,239,fit
4,825,1499,fit
4,826,26,fit
4,827,288,fit
4,829,156,fit
4,830,1546,fit
4,831,1836,fit
4,832,1936,fit
4,834,992,fit
4,835,740,fit
4,836,1238,fit
4,838,1667,fit
4,839,123,fit
4,841,145,fit
4,842,198,fit
4,847,1280,fit
4,849,1425,fit
4,850,408,fit
4,852,2018,fit
4,855,1790,fit
4,856,350,fit
4,857,801,fit
4,858,808,fit
4,859,715,fit
4,860,28,fit
4,861,306,fit
4,863,122,fit
4,864,628,fit
4,868,1021,fit
4,869,1531,fit
4,870,2027,fit
4,871,227,fit
4,872,140,fit
4,873,1236,fit
4,874,1420,fit
4,875,238,fit
4,877,1225,fit
4,878,271,fit
4,880,1794,fit
4,881,1605,fit
4,882,72,fit
4,883,1366,fit
4,884,1329,fit
4,885,274,fit
4,887,1633,fit
4,888,388,fit
4,889,1122,fit
4,890,241,fit
4,891,546,fit
4,894,809,fit
4,895,1423,fit
4,898,134,fit
4,899,802,fit
4,900,683,fit
4,902,2021,fit
4,905,1739,fit
4,906,891,fit
4,908,794,fit
4,909,2008,fit
4,911,106,fit
4,912,108,fit
4,913,505,fit
4,914,1579,fit
4,915,1348,fit
4,916,1407,fit
4,917,1421,fit
4,920,1872,fit
4,925,2019,fit
4,926,1769,fit
4,928,1703,fit
4,931,1937,fit
4,932,146,fit
4,934,1273,fit
4,935,412,fit
4,936,895,fit
4,937,494,fit
4,939,1453,fit
4,941,795,fit
4,944,15,fit
4,945,1411,fit
4,946,681,fit
4,947,402,fit
4,948,446,fit
4,950,284,fit
4,952,1935,fit
4,953,1326,fit
4,958,1149,fit
4,959,1101,fit
4,960,1125,fit
4,962,1279,fit
4,963,440,fit
4,964,1975,fit
4,965,1552,fit
4,966,1857,fit
4,968,1815,fit
4,969,707,fit
4,970,69,fit
4,972,1577,fit
4,973,1777,fit
4,974,1100,fit
4,975,1034,fit
4,979,894,fit
4,980,1027,fit
4,983,1643,fit
4,984,950,fit
4,985,1789,fit
4,986,780,fit
4,987,1157,fit
4,988,1848,fit
4,989,610,fit
4,990,1216,fit
4,991,1767,fit
4,992,1028,fit
4,993,810,fit
4,994,1875,fit
4,997,1251,fit
4,998,1573,fit
4,1000,631,fit
4,1003,1103,fit
4,1004,434,fit
4,1005,792,fit
4,1006,932,fit
4,1007,1563,fit
4,1008,161,fit
4,1009,766,fit
4,1011,497,fit
4,1013,1130,fit
4,1015,1822,fit
4,1016,1810,fit
4,1017,1627,fit
4,1018,228,fit
4,1019,1624,fit
4,1020,222,fit
4,1021,292,fit
4,1022,818,fit
4,1024,734,fit
4,1025,1894,fit
4,1027,159,fit
4,1029,898,fit
4,1030,231,fit
4,1032,248,fit
4,1033,947,fit
4,1034,1906,fit
4,1038,417,fit
4,1039,1595,fit
4,1040,1377,fit
4,1041,1346,fit
4,1045,341,fit
4,1046,2029,fit
4,1047,1130,fit
4,1048,261,fit
4,1050,883,fit
4,1051,504,fit
4,1053,1971,fit
4,1054,650,fit
4,1055,86,fit
4,1057,275,fit
4,1059,1907,fit
4,1060,1855,fit
4,1062,1256,fit
4,1063,1512,fit
4,1064,33,fit
4,1065,1365,fit
4,1067,146,fit
4,1068,1897,fit
4,1069,1405,fit
4,1072,1370,fit
4,1073,484,fit
4,1074,1467,fit
4,1075,764,fit
4,1076,778,fit
4,1077,1413,fit
4,1078,1472,fit
4,1080,1075,fit
4,1081,601,fit
4,1082,1049,fit
4,1083,1146,fit
4,1084,1693,fit
4,1085,979,fit
4,1087,1311,fit
4,1089,1594,fit
4,1090,126,fit
4,1091,2012,fit
4,1093,980,fit
4,1094,1109,fit
4,1096,634,fit
4,1098,1943,fit
4,1102,74,fit
4,1103,273,fit
4,1104,1874,fit
4,1106,1961,fit
4,1107,1547,fit
4,1108,495,fit
4,1111,1557,fit
4,1112,1519,fit
4,1117,917,fit
4,1118,1178,fit
4,1119,498,fit
4,1120,1821,fit
4,1121,995,fit
4,1122,1636,fit
4,1124,1765,fit
4,1127,1156,fit
4,1128,1312,fit
4,1129,39,fit
4,1133,129,fit
4,1135,1533,fit
4,1138,711,fit
4,1140,322,fit
4,1142,1637,fit
4,1143,1275,fit
4,1144,934,fit
4,1145,499,fit
4,1149,1201,fit
4,1151,693,fit
4,1155,1663,fit
4,1156,336,fit
4,1158,934,fit
4,1159,368,fit
4,1160,1828,fit
4,1161,87,fit
4,1164,1718,fit
4,1165,1223,fit
4,1166,1963,fit
4,1168,1320,fit
4,1169,383,fit
4,1170,1474,fit
4,1171,962,fit
4,1172,919,fit
4,1174,1357,fit
4,1175,98,fit
4,1177,1996,fit
4,1178,1165,fit
4,1180,90,fit
4,1181,489,fit
4,1182,1105,fit
4,1183,78,fit
4,1184,557,fit
4,1185,1317,fit
4,1186,1113,fit
4,1187,1860,fit
4,1189,488,fit
4,1192,1150,fit
4,1194,1570,fit
4,1195,633,fit
4,1196,354,fit
4,1197,1352,fit
4,1199,522,fit
4,1200,688,fit
4,1201,119,fit
4,1203,701,fit
4,1205,994,fit
4,1207,326,fit
4,1209,1244,fit
4,1210,1510,fit
4,1211,1017,fit
4,1213,1548,fit
4,1214,266,fit
4,1216,181,fit
4,1217,1380,fit
4,1218,1373,fit
4,1219,1772,fit
4,1220,27,fit
4,1222,1185,fit
4,1224,158,fit
4,1225,550,fit
4,1232,1750,fit
4,1234,1696,fit
4,1235,925,fit
4,1236,1255,fit
4,1237,513,fit
4,1238,1631,fit
4,1239,1228,fit
4,1240,260,fit
4,1241,99,fit
4,1242,314,fit
4,1246,393,fit
4,1247,755,fit
4,1248,1685,fit
4,1250,419,fit
4,1251,1106,fit
4,1253,859,fit
4,1254,1032,fit
4,1255,999,fit
4,1257,1855,fit
4,1258,365,fit
4,1259,320,fit
4,1260,1119,fit
4,1261,1524,fit
4,1264,1057,fit
4,1265,1020,fit
4,1266,1942,fit
4,1267,375,fit
4,1268,1655,fit
4,1269,816,fit
4,1271,1752,fit
4,1272,302,fit
4,1273,1363,fit
4,1275,1489,fit
4,1276,1393,fit
4,1278,712,fit
4,1280,1314,fit
4,1283,298,fit
4,1284,749,fit
4,1285,1834,fit
4,1286,1646,fit
4,1287,197,fit
4,1288,1884,fit
4,1291,1079,fit
4,1292,1985,fit
4,1295,1120,fit
4,1296,209,fit
4,1299,173,fit
4,1300,1927,fit
4,1301,577,fit
4,1303,347,fit
4,1304,367,fit
4,1306,1490,fit
4,1307,659,fit
4,1308,311,fit
4,1312,529,fit
4,1313,263,fit
4,1314,1196,fit
4,1315,1922,fit
4,1318,672,fit
4,1321,154,fit
4,1323,1813,fit
4,1324,1912,fit
4,1328,424,fit
4,1329,1827,fit
4,1330,1905,fit
4,1331,960,fit
4,1332,1292,fit
4,1333,602,fit
4,1334,819,fit
4,1337,1819,fit
4,1338,732,fit
4,1339,275,fit
4,1340,1432,fit
4,1341,848,fit
4,1344,1477,fit
4,1345,1527,fit
4,1350,381,fit
4,1351,1568,fit
4,1353,21,fit
4,1354,442,fit
4,1356,107,fit
4,1359,1618,fit
4,1360,566,fit
4,1361,890,fit
4,1363,857,fit
4,1364,1052,fit
4,1365,2026,fit
4,1366,1591,fit
4,1368,342,fit
4,1369,1560,fit
4,1370,800,fit
4,1373,918,fit
4,1374,1798,fit
4,1376,1127,fit
4,1377,163,fit
4,1378,1567,fit
4,1379,1175,fit
4,1380,0,fit
4,1381,1948,fit
4,1382,908,fit
4,1384,1467,fit
4,1385,993,fit
4,1389,2028,fit
4,1390,479,fit
4,1391,444,fit
4,1394,524,fit
4,1395,1150,fit
4,1396,124,fit
4,1397,1518,fit
4,1398,1903,fit
4,1400,1191,fit
4,1402,451,fit
4,1403,1931,fit
4,1409,135,fit
4,1410,517,fit
4,1411,176,fit
4,1416,646,fit
4,1418,1801,fit
4,1420,509,fit
4,1422,1418,fit
4,1423,1552,fit
4,1424,936,fit
4,1425,1268,fit
4,1426,1111,fit
4,1427,504,fit
4,1430,984,fit
4,1431,1915,fit
4,1433,1518,fit
4,1434,856,fit
4,1435,1825,fit
4,1436,1420,fit
4,1437,338,fit
4,1439,657,fit
4,1440,147,fit
4,1442,1835,fit
4,1443,1464,fit
4,1444,403,fit
4,1445,1692,fit
4,1447,996,fit
4,1448,863,fit
4,1450,105,fit
4,1452,898,fit
4,1453,983,fit
4,1456,1758,fit
4,1457,1868,fit
4,1459,1421,fit
4,1460,760,fit
4,1461,1895,fit
4,1463,905,fit
4,1464,434,fit
4,1465,1694,fit
4,1466,719,fit
4,1467,1261,fit
4,1469,1176,fit
4,1470,695,fit
4,1471,1295,fit
4,1472,1361,fit
4,1473,311,fit
4,1476,877,fit
4,1477,2018,fit
4,1478,1449,fit
4,1480,1830,fit
4,1481,1427,fit
4,1484,621,fit
4,1488,111,fit
4,1490,1137,fit
4,1491,407,fit
4,1493,325,fit
4,1495,1542,fit
4,1496,1749,fit
4,1497,1055,fit
4,1499,92,fit
4,1500,312,fit
4,1501,544,fit
4,1502,886,fit
4,1504,351,fit
4,1505,727,fit
4,1506,1042,fit
4,1508,1698,fit
4,1509,102,fit
4,1510,1306,fit
4,1512,93,fit
4,1513,1528,fit
4,1515,1153,fit
4,1517,466,fit
4,1519,243,fit
4,1521,34,fit
4,1522,1949,fit
4,1523,1737,fit
4,1524,59,fit
4,1526,410,fit
4,1530,1698,fit
4,1539,1553,fit
4,1541,1484,fit
4,1542,1954,fit
4,1544,1565,fit
4,1545,1341,fit
4,1546,1590,fit
4,1548,548,fit
4,1549,508,fit
4,1550,1377,fit
4,1551,1763,fit
4,1553,1343,fit
4,1554,1265,fit
4,1555,535,fit
4,1556,1742,fit
4,1557,1420,fit
4,1559,1561,fit
4,1561,1161,fit
4,1563,1728,fit
4,1566,585,fit
4,1567,169,fit
4,1568,417,fit
4,1570,1093,fit
4,1571,92,fit
4,1572,1399,fit
4,1573,1869,fit
4,1577,24,fit
4,1579,825,fit
4,1580,265,fit
4,1581,1940,fit
4,1582,1855,fit
4,1584,117,fit
4,1586,1776,fit
4,1587,1317,fit
4,1588,1743,fit
4,1591,1350,fit
4,1592,924,fit
4,1593,1999,fit
4,1594,964,fit
4,1595,1430,fit
4,1596,1650,fit
4,1598,1759,fit
4,1599,1135,fit
4,1600,62,fit
4,1602,1766,fit
4,1603,762,fit
4,1605,307,fit
4,1607,339,fit
4,1608,747,fit
4,1609,907,fit
4,1610,465,fit
4,1611,1735,fit
4,1612,471,fit
4,1613,193,fit
4,1614,1198,fit
4,1615,381,fit
4,1619,112,fit
4,1621,245,fit
4,1623,1471,fit
4,1624,291,fit
4,1625,787,fit
4,1626,1096,fit
4,1627,1483,fit
4,1628,229,fit
4,1632,1299,fit
4,1633,456,fit
4,1635,841,fit
4,1636,1005,fit
4,1640,1984,fit
4,1641,1050,fit
4,1645,1038,fit
4,1646,1802,fit
4,1648,70,fit
4,1649,1664,fit
4,1650,803,fit
4,1652,184,fit
4,1653,118,fit
4,1655,579,fit
4,1656,1061,fit
4,1657,1745,fit
4,1660,50,fit
4,1661,1669,fit
4,1662,1873,fit
4,1663,63,fit
4,1664,178,fit
4,1667,1254,fit
4,1670,1958,fit
4,1671,1226,fit
4,1672,2016,fit
4,1675,1898,fit
4,1676,1091,fit
4,1677,1140,fit
4,1678,1991,fit
4,1680,1862,fit
4,1681,1506,fit
4,1682,1167,fit
4,1683,969,fit
4,1685,596,fit
4,1687,897,fit
4,1688,315,fit
4,1689,1328,fit
4,1690,1493,fit
4,1691,843,fit
4,1693,620,fit
4,1694,404,fit
4,1695,1501,fit
4,1699,1623,fit
4,1700,1522,fit
4,1701,520,fit
4,1703,594,fit
4,1704,1116,fit
4,1705,1043,fit
4,1707,1517,fit
4,1709,1844,fit
4,1711,790,fit
4,1712,341,fit
4,1713,1629,fit
4,1714,704,fit
4,1715,1902,fit
4,1716,527,fit
4,1717,14,fit
4,1718,547,fit
4,1721,1800,fit
4,1722,1202,fit
4,1724,1642,fit
4,1729,516,fit
4,1730,1172,fit
4,1731,957,fit
4,1733,668,fit
4,1735,1644,fit
4,1736,1124,fit
4,1738,676,fit
4,1739,593,fit
4,1740,1303,fit
4,1741,1465,fit
4,1742,374,fit
4,1743,287,fit
4,1745,878,fit
4,1747,600,fit
4,1748,1270,fit
4,1749,16,fit
4,1750,853,fit
4,1751,428,fit
4,1753,654,fit
4,1754,1495,fit
4,1755,433,fit
4,1756,1946,fit
4,1758,815,fit
4,1759,370,fit
4,1760,1911,fit
4,1761,421,fit
4,1763,1941,fit
4,1764,602,fit
4,1766,1880,fit
4,1768,1660,fit
4,1770,741,fit
4,1773,912,fit
4,1774,1753,fit
4,1778,1,fit
4,1779,1067,fit
4,1780,854,fit
4,1785,382,fit
4,1788,1079,fit
4,1789,1516,fit
4,1790,243,fit
4,1791,1132,fit
4,1792,425,fit
4,1793,831,fit
4,1794,459,fit
4,1795,1723,fit
4,1796,1050,fit
4,1797,1797,fit
4,1798,2009,fit
4,1799,1957,fit
4,1800,1684,fit
4,1801,270,fit
4,1802,1042,fit
4,1803,2032,fit
4,1805,43,fit
4,1806,1640,fit
4,1807,1790,fit
4,1808,689,fit
4,1809,1003,fit
4,1810,1466,fit
4,1811,1842,fit
4,1813,1083,fit
4,1814,203,fit
4,1815,1924,fit
4,1817,1310,fit
4,1818,793,fit
4,1819,107,fit
4,1820,901,fit
4,1822,1324,fit
4,1824,1162,fit
4,1828,2000,fit
4,1829,1426,fit
4,1831,1352,fit
4,1833,85,fit
4,1834,200,fit
4,1835,859,fit
4,1836,738,fit
4,1838,430,fit
4,1841,151,fit
4,1842,842,fit
4,1844,1375,fit
4,1845,575,fit
4,1846,10,fit
4,1847,530,fit
4,1849,1152,fit
4,1851,1429,fit
4,1853,1097,fit
4,1854,335,fit
4,1856,699,fit
4,1861,1568,fit
4,1862,321,fit
4,1863,1249,fit
4,1864,1062,fit
4,1865,563,fit
4,1867,552,fit
4,1868,1037,fit
4,1869,1073,fit
4,1871,207,fit
4,1872,1400,fit
4,1873,80,fit
4,1874,935,fit
4,1875,1968,fit
4,1876,455,fit
4,1877,95,fit
4,1879,167,fit
4,1880,811,fit
4,1881,775,fit
4,1883,1386,fit
4,1884,1681,fit
4,1885,1220,fit
4,1886,675,fit
4,1887,1243,fit
4,1888,327,fit
4,1890,1044,fit
4,1893,1981,fit
4,1894,483,fit
4,1895,44,fit
4,1899,837,fit
4,1901,655,fit
4,1902,108,fit
4,1904,824,fit
4,1905,1910,fit
4,1906,1235,fit
4,1907,1164,fit
4,1908,1690,fit
4,1911,2008,fit
4,1912,355,fit
4,1913,1432,fit
4,1915,1810,fit
4,1916,1143,fit
4,1918,1338,fit
4,1922,29,fit
4,1924,429,fit
4,1925,1241,fit
4,1928,833,fit
4,1931,705,fit
4,1932,1078,fit
4,1937,580,fit
4,1938,1625,fit
4,1939,1134,fit
4,1941,1989,fit
4,1942,757,fit
4,1943,1697,fit
4,1944,1551,fit
4,1945,1987,fit
4,1946,1361,fit
4,1947,1264,fit
4,1949,1250,fit
4,1951,1204,fit
4,1952,1726,fit
4,1953,1008,fit
4,1954,1539,fit
4,1955,172,fit
4,1956,1802,fit
4,1958,1916,fit
4,1959,1086,fit
4,1960,649,fit
4,1962,36,fit
4,1963,463,fit
4,1965,1006,fit
4,1966,1965,fit
4,1967,613,fit
4,1968,332,fit
4,1970,570,fit
4,1972,255,fit
4,1977,360,fit
4,1980,1538,fit
4,1984,543,fit
4,1985,1492,fit
4,1987,1925,fit
4,1988,559,fit
4,1989,2004,fit
4,1992,8,fit
4,1993,1575,fit
4,1994,294,fit
4,1995,1917,fit
4,1998,928,fit
4,2000,1995,fit
4,2001,1906,fit
4,2002,31,fit
4,2003,1248,fit
4,2005,865,fit
4,2009,215,fit
4,2012,1590,fit
4,2013,1582,fit
4,2014,896,fit
4,2015,116,fit
4,2016,1654,fit
4,2017,204,fit
4,2019,1795,fit
4,2020,1181,fit
4,2022,96,fit
4,2023,1554,fit
4,2024,1033,fit
4,2025,555,fit
4,2027,67,fit
4,2028,1876,fit
4,2029,477,fit
4,2030,1920,fit
4,2031,574,fit
4,2032,838,fit
4,2033,1029,fit
4,2035,1497,fit
4,2040,1705,fit
4,2042,1680,fit
4,2043,468,fit
4,2046,221,fit
4,2047,590,fit
4,2051,1107,fit
4,2052,1232,fit
4,2054,1742,fit
4,2055,871,fit
4,2057,605,fit
4,2059,1692,fit
4,2060,972,fit
4,2061,1763,fit
4,2062,1889,fit
4,2063,317,fit
4,2064,1708,fit
4,2065,1433,fit
4,2068,686,fit
4,2069,1324,fit
4,2070,1907,fit
4,2071,1221,fit
4,2072,1688,fit
4,2073,1069,fit
4,2074,677,fit
4,2078,450,fit
4,2080,1749,fit
4,2081,1460,fit
4,2086,977,fit
4,2087,1598,fit
4,2088,1658,fit
4,2089,554,fit
4,2091,555,fit
4,2093,1648,fit
4,2094,138,fit
4,2095,473,fit
4,2097,1630,fit
4,2098,1054,fit
4,2100,188,fit
4,2101,619,fit
4,2102,1081,fit
4,2103,1538,fit
4,2104,1469,fit
4,2105,586,fit
4,2106,538,fit
4,2107,1339,fit
4,2108,1597,fit
4,2109,220,fit
4,2110,49,fit
4,2113,1793,fit
4,2114,866,fit
4,2116,1584,fit
4,2118,1336,fit
4,2119,904,fit
4,2120,700,fit
4,2122,1696,fit
4,2123,1833,fit
4,2129,2025,fit
4,2130,1890,fit
4,2132,132,fit
4,2133,423,fit
4,2134,1609,fit
4,2135,1617,fit
4,2136,1778,fit
4,2138,916,fit
4,2139,616,fit
4,2141,642,fit
4,2142,1583,fit
4,2143,1619,fit
4,2144,860,fit
4,2146,1077,fit
4,2148,399,fit
4,2150,423,fit
4,2151,1005,fit
4,2152,608,fit
4,2154,76,fit
4,2155,1284,fit
4,2156,1183,fit
4,2158,1505,fit
4,2161,1569,fit
4,2162,806,fit
4,2163,1842,fit
4,2164,830,fit
4,2165,22,fit
4,2166,785,fit
4,2168,1773,fit
4,2169,1529,fit
4,2171,309,fit
4,2172,798,fit
4,2173,635,fit
4,2175,872,fit
4,2179,1825,fit
4,2181,510,fit
4,2183,941,fit
4,2186,101,fit
4,2187,558,fit
4,2188,357,fit
4,2189,1010,fit
4,2190,1425,fit
4,2191,721,fit
4,2192,1480,fit
4,2193,938,fit
4,2195,1891,fit
4,2196,988,fit
4,2197,387,fit
4,2198,1395,fit
4,2201,1432,fit
4,2202,1733,fit
4,2203,1000,fit
4,2205,614,fit
4,2206,295,fit
4,2207,1217,fit
4,2208,1846,fit
4,2211,1665,fit
4,2212,1785,fit
4,2214,1737,fit
4,2216,974,fit
4,2217,588,fit
4,2218,1841,fit
4,2219,1234,fit
4,2225,1559,fit
4,2226,75,fit
4,2227,1716,fit
4,2228,1440,fit
4,2229,1448,fit
4,2231,666,fit
4,2232,621,fit
4,2233,512,fit
4,2234,362,fit
4,0,611,policy_validation
4,11,250,policy_validation
4,23,1441,policy_validation
4,36,1123,policy_validation
4,45,77,policy_validation
4,46,398,policy_validation
4,61,454,policy_validation
4,63,303,policy_validation
4,70,1447,policy_validation
4,86,506,policy_validation
4,95,223,policy_validation
4,101,113,policy_validation
4,106,1239,policy_validation
4,110,1717,policy_validation
4,130,257,policy_validation
4,135,915,policy_validation
4,136,348,policy_validation
4,137,1666,policy_validation
4,138,660,policy_validation
4,144,1388,policy_validation
4,150,752,policy_validation
4,155,888,policy_validation
4,156,493,policy_validation
4,160,1953,policy_validation
4,167,836,policy_validation
4,171,206,policy_validation
4,182,2002,policy_validation
4,184,1932,policy_validation
4,206,218,policy_validation
4,209,409,policy_validation
4,226,1706,policy_validation
4,232,1556,policy_validation
4,237,17,policy_validation
4,239,2011,policy_validation
4,241,694,policy_validation
4,268,665,policy_validation
4,293,892,policy_validation
4,301,2031,policy_validation
4,309,1926,policy_validation
4,311,1960,policy_validation
4,313,804,policy_validation
4,318,66,policy_validation
4,319,545,policy_validation
4,330,1182,policy_validation
4,335,170,policy_validation
4,342,671,policy_validation
4,343,1074,policy_validation
4,356,1276,policy_validation
4,367,1659,policy_validation
4,386,1515,policy_validation
4,396,1291,policy_validation
4,397,931,policy_validation
4,410,725,policy_validation
4,417,1829,policy_validation
4,418,223,policy_validation
4,439,1080,policy_validation
4,446,1507,policy_validation
4,453,703,policy_validation
4,461,758,policy_validation
4,464,1730,policy_validation
4,482,268,policy_validation
4,485,679,policy_validation
4,486,487,policy_validation
4,491,882,policy_validation
4,512,805,policy_validation
4,517,1978,policy_validation
4,522,561,policy_validation
4,525,244,policy_validation
4,533,97,policy_validation
4,541,1030,policy_validation
4,547,415,policy_validation
4,549,183,policy_validation
4,559,46,policy_validation
4,564,1709,policy_validation
4,579,299,policy_validation
4,582,427,policy_validation
4,585,645,policy_validation
4,589,337,policy_validation
4,597,1564,policy_validation
4,600,1695,policy_validation
4,601,420,policy_validation
4,605,1682,policy_validation
4,610,1926,policy_validation
4,624,392,policy_validation
4,625,500,policy_validation
4,631,731,policy_validation
4,634,345,policy_validation
4,639,1578,policy_validation
4,640,1994,policy_validation
4,647,518,policy_validation
4,660,1972,policy_validation
4,662,1454,policy_validation
4,668,364,policy_validation
4,675,2017,policy_validation
4,684,37,policy_validation
4,689,571,policy_validation
4,699,1908,policy_validation
4,700,230,policy_validation
4,709,1058,policy_validation
4,713,847,policy_validation
4,723,1929,policy_validation
4,733,1145,policy_validation
4,737,316,policy_validation
4,751,359,policy_validation
4,765,1635,policy_validation
4,768,1144,policy_validation
4,773,763,policy_validation
4,784,1585,policy_validation
4,788,796,policy_validation
4,795,262,policy_validation
4,797,460,policy_validation
4,802,199,policy_validation
4,808,1300,policy_validation
4,813,1283,policy_validation
4,816,1724,policy_validation
4,818,474,policy_validation
4,828,1536,policy_validation
4,840,1224,policy_validation
4,846,1470,policy_validation
4,848,1441,policy_validation
4,851,622,policy_validation
4,853,121,policy_validation
4,862,1173,policy_validation
4,876,1791,policy_validation
4,886,1811,policy_validation
4,892,533,policy_validation
4,893,1246,policy_validation
4,897,632,policy_validation
4,903,1641,policy_validation
4,910,1621,policy_validation
4,918,861,policy_validation
4,921,687,policy_validation
4,922,781,policy_validation
4,924,437,policy_validation
4,927,855,policy_validation
4,940,9,policy_validation
4,949,310,policy_validation
4,951,921,policy_validation
4,954,629,policy_validation
4,955,1009,policy_validation
4,956,1351,policy_validation
4,961,1410,policy_validation
4,967,709,policy_validation
4,971,1852,policy_validation
4,982,1024,policy_validation
4,996,1436,policy_validation
4,1010,1321,policy_validation
4,1028,1252,policy_validation
4,1035,1071,policy_validation
4,1037,551,policy_validation
4,1049,1751,policy_validation
4,1052,1330,policy_validation
4,1056,822,policy_validation
4,1058,652,policy_validation
4,1061,1053,policy_validation
4,1079,323,policy_validation
4,1088,745,policy_validation
4,1092,1266,policy_validation
4,1095,828,policy_validation
4,1099,1632,policy_validation
4,1100,1607,policy_validation
4,1110,518,policy_validation
4,1113,1775,policy_validation
4,1125,1230,policy_validation
4,1130,1369,policy_validation
4,1136,1837,policy_validation
4,1141,1817,policy_validation
4,1148,1187,policy_validation
4,1152,1526,policy_validation
4,1154,539,policy_validation
4,1157,1892,policy_validation
4,1162,1309,policy_validation
4,1190,604,policy_validation
4,1193,1635,policy_validation
4,1202,432,policy_validation
4,1204,1885,policy_validation
4,1208,1417,policy_validation
4,1227,177,policy_validation
4,1228,638,policy_validation
4,1229,406,policy_validation
4,1230,1206,policy_validation
4,1233,478,policy_validation
4,1245,2033,policy_validation
4,1263,1867,policy_validation
4,1274,378,policy_validation
4,1277,1345,policy_validation
4,1294,1117,policy_validation
4,1298,9,policy_validation
4,1302,583,policy_validation
4,1309,1918,policy_validation
4,1311,2023,policy_validation
4,1316,1431,policy_validation
4,1317,1796,policy_validation
4,1326,1396,policy_validation
4,1327,1541,policy_validation
4,1336,1131,policy_validation
4,1342,1058,policy_validation
4,1343,1887,policy_validation
4,1347,143,policy_validation
4,1348,1738,policy_validation
4,1355,1754,policy_validation
4,1362,1550,policy_validation
4,1371,840,policy_validation
4,1386,359,policy_validation
4,1387,862,policy_validation
4,1388,651,policy_validation
4,1392,1748,policy_validation
4,1399,1966,policy_validation
4,1405,1015,policy_validation
4,1414,1287,policy_validation
4,1415,1921,policy_validation
4,1417,1200,policy_validation
4,1421,1454,policy_validation
4,1429,153,policy_validation
4,1441,1318,policy_validation
4,1446,127,policy_validation
4,1449,1859,policy_validation
4,1451,776,policy_validation
4,1454,2,policy_validation
4,1458,1048,policy_validation
4,1468,948,policy_validation
4,1475,937,policy_validation
4,1482,989,policy_validation
4,1483,814,policy_validation
4,1485,385,policy_validation
4,1486,282,policy_validation
4,1489,997,policy_validation
4,1503,971,policy_validation
4,1507,709,policy_validation
4,1511,1151,policy_validation
4,1520,1829,policy_validation
4,1531,1845,policy_validation
4,1533,1787,policy_validation
4,1534,149,policy_validation
4,1535,237,policy_validation
4,1540,443,policy_validation
4,1543,1672,policy_validation
4,1547,356,policy_validation
4,1558,199,policy_validation
4,1560,955,policy_validation
4,1578,109,policy_validation
4,1590,1918,policy_validation
4,1597,1095,policy_validation
4,1606,1053,policy_validation
4,1616,1986,policy_validation
4,1617,1781,policy_validation
4,1620,1219,policy_validation
4,1622,1018,policy_validation
4,1630,1194,policy_validation
4,1631,1276,policy_validation
4,1634,1600,policy_validation
4,1637,23,policy_validation
4,1639,1762,policy_validation
4,1642,1102,policy_validation
4,1643,162,policy_validation
4,1644,1901,policy_validation
4,1647,91,policy_validation
4,1654,5,policy_validation
4,1659,1488,policy_validation
4,1669,765,policy_validation
4,1673,1878,policy_validation
4,1692,1689,policy_validation
4,1696,1333,policy_validation
4,1706,531,policy_validation
4,1708,276,policy_validation
4,1719,191,policy_validation
4,1723,1461,policy_validation
4,1726,783,policy_validation
4,1727,903,policy_validation
4,1728,1454,policy_validation
4,1744,2002,policy_validation
4,1765,1932,policy_validation
4,1767,82,policy_validation
4,1769,1330,policy_validation
4,1772,1461,policy_validation
4,1776,1260,policy_validation
4,1786,1717,policy_validation
4,1816,1475,policy_validation
4,1821,1823,policy_validation
4,1823,1702,policy_validation
4,1825,875,policy_validation
4,1827,576,policy_validation
4,1832,1612,policy_validation
4,1837,965,policy_validation
4,1840,372,policy_validation
4,1848,214,policy_validation
4,1850,1390,policy_validation
4,1855,280,policy_validation
4,1857,1212,policy_validation
4,1859,1266,policy_validation
4,1860,1945,policy_validation
4,1870,929,policy_validation
4,1882,168,policy_validation
4,1889,1676,policy_validation
4,1891,511,policy_validation
4,1900,73,policy_validation
4,1903,1108,policy_validation
4,1909,1852,policy_validation
4,1917,1803,policy_validation
4,1919,289,policy_validation
4,1920,592,policy_validation
4,1927,1424,policy_validation
4,1930,910,policy_validation
4,1934,1159,policy_validation
4,1935,1626,policy_validation
4,1936,733,policy_validation
4,1948,1494,policy_validation
4,1957,1088,policy_validation
4,1961,103,policy_validation
4,1964,975,policy_validation
4,1973,1379,policy_validation
4,1974,1383,policy_validation
4,1976,469,policy_validation
4,1978,82,policy_validation
4,1996,56,policy_validation
4,1999,1613,policy_validation
4,2010,32,policy_validation
4,2034,1002,policy_validation
4,2036,525,policy_validation
4,2038,597,policy_validation
4,2039,1403,policy_validation
4,2041,868,policy_validation
4,2045,1770,policy_validation
4,2049,1482,policy_validation
4,2050,1138,policy_validation
4,2067,1358,policy_validation
4,2075,943,policy_validation
4,2076,1337,policy_validation
4,2077,789,policy_validation
4,2090,330,policy_validation
4,2111,565,policy_validation
4,2124,1500,policy_validation
4,2125,1259,policy_validation
4,2126,1572,policy_validation
4,2137,137,policy_validation
4,2140,1041,policy_validation
4,2145,1521,policy_validation
4,2147,1070,policy_validation
4,2149,1938,policy_validation
4,2159,985,policy_validation
4,2170,1340,policy_validation
4,2174,1543,policy_validation
4,2185,1592,policy_validation
4,2199,1543,policy_validation
4,2204,1870,policy_validation
4,2209,1487,policy_validation
4,2213,1206,policy_validation
4,2215,1194,policy_validation
4,2220,1649,policy_validation
4,2221,166,policy_validation
4,2224,1166,policy_validation
4,2230,545,policy_validation
4,2235,717,policy_validation
4,1,1993,outer_test
4,5,1799,outer_test
4,10,729,outer_test
4,12,301,outer_test
4,14,573,outer_test
4,22,514,outer_test
4,25,832,outer_test
4,33,1919,outer_test
4,40,708,outer_test
4,42,515,outer_test
4,44,893,outer_test
4,51,277,outer_test
4,52,1720,outer_test
4,53,88,outer_test
4,54,254,outer_test
4,58,61,outer_test
4,68,1712,outer_test
4,73,682,outer_test
4,82,79,outer_test
4,88,2010,outer_test
4,89,779,outer_test
4,91,1163,outer_test
4,92,232,outer_test
4,93,767,outer_test
4,107,797,outer_test
4,116,556,outer_test
4,120,418,outer_test
4,123,1576,outer_test
4,126,371,outer_test
4,129,1237,outer_test
4,147,1639,outer_test
4,151,589,outer_test
4,161,959,outer_test
4,162,742,outer_test
4,166,1486,outer_test
4,168,283,outer_test
4,172,1364,outer_test
4,175,1154,outer_test
4,185,391,outer_test
4,189,94,outer_test
4,191,773,outer_test
4,196,526,outer_test
4,198,413,outer_test
4,202,1271,outer_test
4,203,308,outer_test
4,205,911,outer_test
4,207,899,outer_test
4,214,735,outer_test
4,234,1208,outer_test
4,235,329,outer_test
4,244,1899,outer_test
4,245,1136,outer_test
4,248,1615,outer_test
4,249,820,outer_test
4,250,1593,outer_test
4,252,1537,outer_test
4,256,1147,outer_test
4,262,1066,outer_test
4,265,1668,outer_test
4,266,1192,outer_test
4,267,1004,outer_test
4,273,791,outer_test
4,275,1302,outer_test
4,278,914,outer_test
4,284,1820,outer_test
4,285,472,outer_test
4,290,175,outer_test
4,294,1384,outer_test
4,302,1412,outer_test
4,310,2030,outer_test
4,315,165,outer_test
4,316,1082,outer_test
4,321,42,outer_test
4,336,1190,outer_test
4,339,1683,outer_test
4,340,1479,outer_test
4,354,296,outer_test
4,355,340,outer_test
4,358,1956,outer_test
4,359,961,outer_test
4,362,1955,outer_test
4,365,1651,outer_test
4,370,51,outer_test
4,373,1378,outer_test
4,379,148,outer_test
4,387,702,outer_test
4,388,486,outer_test
4,391,1414,outer_test
4,392,653,outer_test
4,393,333,outer_test
4,394,212,outer_test
4,428,1673,outer_test
4,431,1707,outer_test
4,433,662,outer_test
4,434,501,outer_test
4,436,436,outer_test
4,447,720,outer_test
4,448,1253,outer_test
4,450,1616,outer_test
4,463,926,outer_test
4,467,1293,outer_test
4,468,1012,outer_test
4,469,626,outer_test
4,471,1964,outer_test
4,473,1832,outer_test
4,476,196,outer_test
4,477,986,outer_test
4,488,1970,outer_test
4,494,784,outer_test
4,496,1184,outer_test
4,497,481,outer_test
4,498,1313,outer_test
4,502,1262,outer_test
4,504,1736,outer_test
4,505,1227,outer_test
4,528,445,outer_test
4,539,2014,outer_test
4,550,491,outer_test
4,553,54,outer_test
4,557,1115,outer_test
4,574,542,outer_test
4,580,1980,outer_test
4,583,1218,outer_test
4,586,1812,outer_test
4,595,1652,outer_test
4,599,1628,outer_test
4,608,648,outer_test
4,616,1634,outer_test
4,627,1657,outer_test
4,628,100,outer_test
4,635,186,outer_test
4,636,35,outer_test
4,644,1443,outer_test
4,646,724,outer_test
4,651,1888,outer_test
4,656,1725,outer_test
4,661,1788,outer_test
4,666,225,outer_test
4,669,1678,outer_test
4,670,1877,outer_test
4,672,1468,outer_test
4,673,591,outer_test
4,674,1126,outer_test
4,678,405,outer_test
4,679,272,outer_test
4,680,293,outer_test
4,681,384,outer_test
4,682,1535,outer_test
4,685,1342,outer_test
4,688,643,outer_test
4,710,1566,outer_test
4,712,115,outer_test
4,716,1332,outer_test
4,722,899,outer_test
4,729,254,outer_test
4,741,537,outer_test
4,743,1435,outer_test
4,745,439,outer_test
4,748,353,outer_test
4,750,1923,outer_test
4,753,710,outer_test
4,754,1645,outer_test
4,770,927,outer_test
4,778,349,outer_test
4,786,1604,outer_test
4,789,1933,outer_test
4,792,68,outer_test
4,793,1247,outer_test
4,794,1700,outer_test
4,798,991,outer_test
4,799,2020,outer_test
4,807,1950,outer_test
4,810,1691,outer_test
4,811,1089,outer_test
4,820,491,outer_test
4,833,1356,outer_test
4,837,1169,outer_test
4,843,319,outer_test
4,844,12,outer_test
4,845,411,outer_test
4,854,998,outer_test
4,865,4,outer_test
4,866,1983,outer_test
4,867,1401,outer_test
4,879,1768,outer_test
4,896,1267,outer_test
4,901,449,outer_test
4,904,1792,outer_test
4,907,11,outer_test
4,919,150,outer_test
4,923,259,outer_test
4,929,1296,outer_test
4,930,1525,outer_test
4,933,761,outer_test
4,938,236,outer_test
4,942,1779,outer_test
4,943,680,outer_test
4,957,772,outer_test
4,976,1315,outer_test
4,977,658,outer_test
4,978,799,outer_test
4,981,71,outer_test
4,995,1856,outer_test
4,999,1168,outer_test
4,1001,1850,outer_test
4,1002,1549,outer_test
4,1012,1909,outer_test
4,1014,1731,outer_test
4,1023,1864,outer_test
4,1026,817,outer_test
4,1031,2010,outer_test
4,1036,1783,outer_test
4,1042,1051,outer_test
4,1043,697,outer_test
4,1044,467,outer_test
4,1066,1389,outer_test
4,1070,612,outer_test
4,1071,139,outer_test
4,1086,1025,outer_test
4,1097,1530,outer_test
4,1101,1473,outer_test
4,1105,376,outer_test
4,1109,933,outer_test
4,1114,1491,outer_test
4,1115,844,outer_test
4,1116,864,outer_test
4,1123,954,outer_test
4,1126,208,outer_test
4,1131,1871,outer_test
4,1132,25,outer_test
4,1134,549,outer_test
4,1137,418,outer_test
4,1139,1289,outer_test
4,1146,949,outer_test
4,1147,1589,outer_test
4,1150,1197,outer_test
4,1153,219,outer_test
4,1163,1826,outer_test
4,1167,584,outer_test
4,1173,496,outer_test
4,1176,60,outer_test
4,1179,1257,outer_test
4,1188,812,outer_test
4,1191,1240,outer_test
4,1198,171,outer_test
4,1206,247,outer_test
4,1212,1904,outer_test
4,1215,653,outer_test
4,1221,691,outer_test
4,1223,507,outer_test
4,1226,57,outer_test
4,1231,598,outer_test
4,1243,462,outer_test
4,1244,1322,outer_test
4,1249,2024,outer_test
4,1252,363,outer_test
4,1256,1755,outer_test
4,1262,1530,outer_test
4,1270,858,outer_test
4,1279,1976,outer_test
4,1281,1347,outer_test
4,1282,1893,outer_test
4,1289,1397,outer_test
4,1290,1141,outer_test
4,1293,578,outer_test
4,1297,1686,outer_test
4,1305,1036,outer_test
4,1310,981,outer_test
4,1319,1068,outer_test
4,1320,1571,outer_test
4,1322,750,outer_test
4,1325,1007,outer_test
4,1335,1307,outer_test
4,1346,549,outer_test
4,1349,2007,outer_test
4,1352,1076,outer_test
4,1357,623,outer_test
4,1358,1391,outer_test
4,1367,1622,outer_test
4,1372,1213,outer_test
4,1375,1129,outer_test
4,1383,1562,outer_test
4,1393,1451,outer_test
4,1401,1939,outer_test
4,1404,606,outer_test
4,1406,1233,outer_test
4,1407,1740,outer_test
4,1408,1899,outer_test
4,1412,155,outer_test
4,1413,844,outer_test
4,1419,51,outer_test
4,1428,1060,outer_test
4,1432,1231,outer_test
4,1438,125,outer_test
4,1455,1713,outer_test
4,1462,1988,outer_test
4,1474,1662,outer_test
4,1479,1606,outer_test
4,1487,944,outer_test
4,1492,1866,outer_test
4,1494,1849,outer_test
4,1498,1060,outer_test
4,1514,1115,outer_test
4,1516,120,outer_test
4,1518,1439,outer_test
4,1525,1104,outer_test
4,1527,286,outer_test
4,1528,1349,outer_test
4,1529,827,outer_test
4,1532,1462,outer_test
4,1536,906,outer_test
4,1537,1843,outer_test
4,1538,313,outer_test
4,1552,870,outer_test
4,1562,1203,outer_test
4,1564,1014,outer_test
4,1565,290,outer_test
4,1569,60,outer_test
4,1574,1502,outer_test
4,1575,1227,outer_test
4,1576,685,outer_test
4,1583,880,outer_test
4,1585,1419,outer_test
4,1589,1155,outer_test
4,1601,1282,outer_test
4,1604,1514,outer_test
4,1618,1019,outer_test
4,1629,599,outer_test
4,1638,1372,outer_test
4,1651,389,outer_test
4,1658,774,outer_test
4,1665,1657,outer_test
4,1666,2024,outer_test
4,1668,1110,outer_test
4,1674,874,outer_test
4,1679,1599,outer_test
4,1684,426,outer_test
4,1686,1736,outer_test
4,1697,83,outer_test
4,1698,57,outer_test
4,1702,190,outer_test
4,1710,1121,outer_test
4,1720,1362,outer_test
4,1725,313,outer_test
4,1732,1463,outer_test
4,1734,240,outer_test
4,1737,636,outer_test
4,1746,1099,outer_test
4,1752,1831,outer_test
4,1757,1774,outer_test
4,1762,887,outer_test
4,1771,1039,outer_test
4,1775,1555,outer_test
4,1777,673,outer_test
4,1781,1072,outer_test
4,1782,136,outer_test
4,1783,480,outer_test
4,1784,839,outer_test
4,1787,1169,outer_test
4,1804,1147,outer_test
4,1812,185,outer_test
4,1826,1046,outer_test
4,1830,180,outer_test
4,1839,667,outer_test
4,1843,1586,outer_test
4,1852,1998,outer_test
4,1858,110,outer_test
4,1866,807,outer_test
4,1878,756,outer_test
4,1892,821,outer_test
4,1896,1479,outer_test
4,1897,94,outer_test
4,1898,553,outer_test
4,1910,30,outer_test
4,1914,1459,outer_test
4,1921,1764,outer_test
4,1923,1683,outer_test
4,1926,567,outer_test
4,1929,939,outer_test
4,1933,618,outer_test
4,1940,1085,outer_test
4,1950,1496,outer_test
4,1969,1072,outer_test
4,1971,225,outer_test
4,1975,131,outer_test
4,1979,1406,outer_test
4,1981,1520,outer_test
4,1982,515,outer_test
4,1983,560,outer_test
4,1986,1928,outer_test
4,1990,252,outer_test
4,1991,1839,outer_test
4,1997,736,outer_test
4,2004,104,outer_test
4,2006,20,outer_test
4,2007,1031,outer_test
4,2008,1807,outer_test
4,2011,1760,outer_test
4,2018,1179,outer_test
4,2021,400,outer_test
4,2026,1805,outer_test
4,2037,1944,outer_test
4,2044,264,outer_test
4,2048,630,outer_test
4,2053,160,outer_test
4,2056,521,outer_test
4,2058,1428,outer_test
4,2066,1455,outer_test
4,2079,1545,outer_test
4,2082,1253,outer_test
4,2083,344,outer_test
4,2084,534,outer_test
4,2085,920,outer_test
4,2092,328,outer_test
4,2096,1094,outer_test
4,2099,976,outer_test
4,2112,881,outer_test
4,2115,401,outer_test
4,2117,201,outer_test
4,2121,1882,outer_test
4,2127,1576,outer_test
4,2128,1335,outer_test
4,2131,1914,outer_test
4,2153,458,outer_test
4,2157,1325,outer_test
4,2160,852,outer_test
4,2167,47,outer_test
4,2176,293,outer_test
4,2177,1508,outer_test
4,2178,452,outer_test
4,2180,358,outer_test
4,2182,2003,outer_test
4,2184,1174,outer_test
4,2194,1581,outer_test
4,2200,1278,outer_test
4,2210,970,outer_test
4,2222,623,outer_test
4,2223,849,outer_test
5,0,611,fit
5,1,1993,fit
5,2,1297,fit
5,3,1133,fit
5,5,1799,fit
5,8,951,fit
5,9,716,fit
5,11,250,fit
5,12,301,fit
5,13,966,fit
5,14,573,fit
5,15,169,fit
5,16,1809,fit
5,17,485,fit
5,18,210,fit
5,19,1245,fit
5,20,249,fit
5,21,7,fit
5,22,514,fit
5,24,1670,fit
5,25,832,fit
5,26,1967,fit
5,27,435,fit
5,30,1533,fit
5,33,1919,fit
5,35,884,fit
5,36,1123,fit
5,37,1301,fit
5,38,754,fit
5,39,546,fit
5,40,708,fit
5,42,515,fit
5,43,1744,fit
5,44,893,fit
5,46,398,fit
5,47,1608,fit
5,48,1580,fit
5,49,211,fit
5,51,277,fit
5,53,88,fit
5,54,254,fit
5,58,61,fit
5,59,1210,fit
5,60,1841,fit
5,62,1851,fit
5,63,303,fit
5,64,1588,fit
5,65,963,fit
5,66,696,fit
5,67,1804,fit
5,68,1712,fit
5,70,1447,fit
5,73,682,fit
5,74,532,fit
5,77,1647,fit
5,78,1114,fit
5,81,1065,fit
5,82,79,fit
5,87,1056,fit
5,88,2010,fit
5,90,1222,fit
5,91,1163,fit
5,92,232,fit
5,93,767,fit
5,96,1288,fit
5,98,2013,fit
5,101,113,fit
5,103,1286,fit
5,104,1620,fit
5,106,1239,fit
5,107,797,fit
5,108,234,fit
5,112,876,fit
5,113,1729,fit
5,114,615,fit
5,115,987,fit
5,116,556,fit
5,117,1757,fit
5,118,503,fit
5,119,581,fit
5,120,418,fit
5,122,1653,fit
5,123,1576,fit
5,126,371,fit
5,127,569,fit
5,130,257,fit
5,131,1011,fit
5,134,1398,fit
5,135,915,fit
5,136,348,fit
5,137,1666,fit
5,138,660,fit
5,139,1063,fit
5,140,1478,fit
5,141,343,fit
5,142,192,fit
5,143,690,fit
5,144,1388,fit
5,145,52,fit
5,146,722,fit
5,147,1639,fit
5,150,752,fit
5,151,589,fit
5,154,1677,fit
5,156,493,fit
5,157,114,fit
5,160,1953,fit
5,161,959,fit
5,163,1445,fit
5,164,278,fit
5,166,1486,fit
5,167,836,fit
5,168,283,fit
5,170,1139,fit
5,172,1364,fit
5,179,2013,fit
5,180,1656,fit
5,181,1675,fit
5,182,2002,fit
5,185,391,fit
5,189,94,fit
5,192,58,fit
5,194,1735,fit
5,195,1896,fit
5,196,526,fit
5,197,769,fit
5,198,413,fit
5,199,1355,fit
5,200,1040,fit
5,201,1027,fit
5,202,1271,fit
5,204,1334,fit
5,205,911,fit
5,206,218,fit
5,207,899,fit
5,208,1934,fit
5,209,409,fit
5,210,751,fit
5,213,1513,fit
5,217,53,fit
5,219,1409,fit
5,221,1824,fit
5,222,952,fit
5,223,913,fit
5,224,174,fit
5,225,1013,fit
5,226,1706,fit
5,227,390,fit
5,231,851,fit
5,234,1208,fit
5,236,869,fit
5,237,17,fit
5,238,396,fit
5,239,2011,fit
5,240,1884,fit
5,242,1308,fit
5,243,946,fit
5,244,1899,fit
5,245,1136,fit
5,247,1374,fit
5,248,1615,fit
5,251,922,fit
5,252,1537,fit
5,255,647,fit
5,256,1147,fit
5,257,1207,fit
5,259,395,fit
5,260,940,fit
5,262,1066,fit
5,265,1668,fit
5,267,1004,fit
5,268,665,fit
5,270,224,fit
5,271,1710,fit
5,272,1404,fit
5,273,791,fit
5,275,1302,fit
5,276,568,fit
5,277,1150,fit
5,278,914,fit
5,279,1013,fit
5,280,485,fit
5,282,1930,fit
5,283,1382,fit
5,285,472,fit
5,288,1780,fit
5,289,605,fit
5,290,175,fit
5,292,1554,fit
5,296,639,fit
5,297,475,fit
5,300,457,fit
5,302,1412,fit
5,303,728,fit
5,304,595,fit
5,305,759,fit
5,308,541,fit
5,309,1926,fit
5,310,2030,fit
5,313,804,fit
5,314,1922,fit
5,315,165,fit
5,316,1082,fit
5,318,66,fit
5,319,545,fit
5,320,1854,fit
5,321,42,fit
5,323,1808,fit
5,327,438,fit
5,330,1182,fit
5,331,1177,fit
5,333,205,fit
5,335,170,fit
5,336,1190,fit
5,337,339,fit
5,338,453,fit
5,339,1683,fit
5,340,1479,fit
5,341,297,fit
5,343,1074,fit
5,345,428,fit
5,346,1719,fit
5,347,416,fit
5,348,726,fit
5,349,1458,fit
5,350,304,fit
5,351,826,fit
5,352,1814,fit
5,354,296,fit
5,355,340,fit
5,356,1276,fit
5,357,1840,fit
5,358,1956,fit
5,362,1955,fit
5,364,1523,fit
5,365,1651,fit
5,366,2022,fit
5,367,1659,fit
5,368,470,fit
5,369,1959,fit
5,370,51,fit
5,371,126,fit
5,373,1378,fit
5,374,1084,fit
5,375,1879,fit
5,377,609,fit
5,379,148,fit
5,381,1023,fit
5,382,1087,fit
5,383,1437,fit
5,384,1782,fit
5,385,1974,fit
5,387,702,fit
5,389,2019,fit
5,390,1660,fit
5,391,1414,fit
5,392,653,fit
5,393,333,fit
5,394,212,fit
5,395,2006,fit
5,397,931,fit
5,398,945,fit
5,399,447,fit
5,400,128,fit
5,404,1661,fit
5,405,951,fit
5,407,1979,fit
5,408,1367,fit
5,411,380,fit
5,412,1444,fit
5,417,1829,fit
5,423,379,fit
5,425,1715,fit
5,426,536,fit
5,427,706,fit
5,431,1707,fit
5,432,1387,fit
5,433,662,fit
5,434,501,fit
5,436,436,fit
5,437,925,fit
5,438,1189,fit
5,439,1080,fit
5,440,1084,fit
5,441,1320,fit
5,442,397,fit
5,443,1118,fit
5,445,1638,fit
5,447,720,fit
5,453,703,fit
5,454,670,fit
5,455,386,fit
5,458,1394,fit
5,459,448,fit
5,461,758,fit
5,463,926,fit
5,464,1730,fit
5,466,1534,fit
5,467,1293,fit
5,468,1012,fit
5,469,626,fit
5,472,1171,fit
5,473,1832,fit
5,474,1532,fit
5,475,782,fit
5,476,196,fit
5,477,986,fit
5,478,1614,fit
5,479,1861,fit
5,483,343,fit
5,485,679,fit
5,489,235,fit
5,490,1603,fit
5,493,1992,fit
5,494,784,fit
5,496,1184,fit
5,497,481,fit
5,498,1313,fit
5,499,1193,fit
5,500,1544,fit
5,501,1387,fit
5,502,1262,fit
5,503,1818,fit
5,505,1227,fit
5,506,476,fit
5,507,714,fit
5,509,1195,fit
5,511,246,fit
5,512,805,fit
5,515,1594,fit
5,517,1978,fit
5,519,1188,fit
5,520,1442,fit
5,521,81,fit
5,522,561,fit
5,523,909,fit
5,524,1277,fit
5,525,244,fit
5,527,1272,fit
5,528,445,fit
5,529,1771,fit
5,530,1319,fit
5,532,1931,fit
5,533,97,fit
5,534,1438,fit
5,535,164,fit
5,539,2014,fit
5,541,1030,fit
5,542,1359,fit
5,543,1353,fit
5,546,1090,fit
5,547,415,fit
5,549,183,fit
5,550,491,fit
5,551,1746,fit
5,553,54,fit
5,554,394,fit
5,557,1115,fit
5,558,13,fit
5,559,46,fit
5,560,867,fit
5,561,1360,fit
5,563,1368,fit
5,564,1709,fit
5,565,1886,fit
5,567,1270,fit
5,568,885,fit
5,569,1574,fit
5,570,331,fit
5,571,18,fit
5,572,713,fit
5,573,1973,fit
5,575,1485,fit
5,576,748,fit
5,578,1670,fit
5,579,299,fit
5,580,1980,fit
5,581,1699,fit
5,583,1218,fit
5,584,217,fit
5,585,645,fit
5,590,1092,fit
5,591,640,fit
5,592,967,fit
5,594,627,fit
5,595,1652,fit
5,599,1628,fit
5,600,1695,fit
5,603,754,fit
5,604,661,fit
5,605,1682,fit
5,608,648,fit
5,610,1926,fit
5,611,373,fit
5,613,1560,fit
5,614,770,fit
5,615,1294,fit
5,616,1634,fit
5,619,1602,fit
5,620,19,fit
5,622,587,fit
5,627,1657,fit
5,628,100,fit
5,629,867,fit
5,630,1022,fit
5,631,731,fit
5,632,251,fit
5,636,35,fit
5,637,1782,fit
5,638,1148,fit
5,639,1578,fit
5,641,1511,fit
5,644,1443,fit
5,646,724,fit
5,647,518,fit
5,648,1711,fit
5,650,269,fit
5,651,1888,fit
5,652,1205,fit
5,653,133,fit
5,654,922,fit
5,655,1483,fit
5,656,1725,fit
5,660,1972,fit
5,661,1788,fit
5,662,1454,fit
5,663,990,fit
5,664,739,fit
5,665,1316,fit
5,666,225,fit
5,667,1344,fit
5,669,1678,fit
5,670,1877,fit
5,671,2022,fit
5,672,1468,fit
5,673,591,fit
5,674,1126,fit
5,675,2017,fit
5,678,405,fit
5,679,272,fit
5,680,293,fit
5,681,384,fit
5,683,1605,fit
5,684,37,fit
5,685,1342,fit
5,688,643,fit
5,689,571,fit
5,690,195,fit
5,691,318,fit
5,692,346,fit
5,695,352,fit
5,696,1596,fit
5,698,562,fit
5,699,1908,fit
5,701,2026,fit
5,702,726,fit
5,704,1734,fit
5,706,1177,fit
5,707,607,fit
5,710,1566,fit
5,711,1481,fit
5,713,847,fit
5,714,956,fit
5,715,1853,fit
5,716,1332,fit
5,717,1881,fit
5,719,1722,fit
5,722,899,fit
5,724,678,fit
5,725,1100,fit
5,726,744,fit
5,728,1059,fit
5,729,254,fit
5,730,641,fit
5,731,978,fit
5,732,1786,fit
5,733,1145,fit
5,734,1452,fit
5,738,1982,fit
5,739,464,fit
5,741,537,fit
5,742,434,fit
5,745,439,fit
5,748,353,fit
5,750,1923,fit
5,751,359,fit
5,752,777,fit
5,754,1645,fit
5,756,873,fit
5,758,668,fit
5,760,256,fit
5,761,1937,fit
5,762,1951,fit
5,763,1416,fit
5,764,1331,fit
5,766,361,fit
5,769,1229,fit
5,770,927,fit
5,771,1969,fit
5,772,1211,fit
5,774,1354,fit
5,775,1158,fit
5,776,582,fit
5,777,64,fit
5,778,349,fit
5,780,1242,fit
5,784,1585,fit
5,786,1604,fit
5,787,414,fit
5,788,796,fit
5,789,1933,fit
5,790,1281,fit
5,793,1247,fit
5,794,1700,fit
5,795,262,fit
5,796,281,fit
5,797,460,fit
5,798,991,fit
5,799,2020,fit
5,800,285,fit
5,802,199,fit
5,805,179,fit
5,807,1950,fit
5,808,1300,fit
5,810,1691,fit
5,811,1089,fit
5,814,65,fit
5,815,1903,fit
5,816,1724,fit
5,817,2001,fit
5,819,1457,fit
5,820,491,fit
5,822,490,fit
5,823,1962,fit
5,824,239,fit
5,827,288,fit
5,829,156,fit
5,830,1546,fit
5,831,1836,fit
5,832,1936,fit
5,833,1356,fit
5,835,740,fit
5,837,1169,fit
5,840,1224,fit
5,841,145,fit
5,842,198,fit
5,843,319,fit
5,844,12,fit
5,846,1470,fit
5,847,1280,fit
5,849,1425,fit
5,850,408,fit
5,851,622,fit
5,853,121,fit
5,854,998,fit
5,855,1790,fit
5,857,801,fit
5,861,306,fit
5,862,1173,fit
5,864,628,fit
5,865,4,fit
5,867,1401,fit
5,870,2027,fit
5,871,227,fit
5,872,140,fit
5,873,1236,fit
5,874,1420,fit
5,875,238,fit
5,876,1791,fit
5,877,1225,fit
5,878,271,fit
5,880,1794,fit
5,881,1605,fit
5,882,72,fit
5,883,1366,fit
5,884,1329,fit
5,887,1633,fit
5,888,388,fit
5,891,546,fit
5,892,533,fit
5,893,1246,fit
5,895,1423,fit
5,896,1267,fit
5,898,134,fit
5,899,802,fit
5,900,683,fit
5,901,449,fit
5,904,1792,fit
5,905,1739,fit
5,906,891,fit
5,907,11,fit
5,909,2008,fit
5,911,106,fit
5,912,108,fit
5,913,505,fit
5,918,861,fit
5,920,1872,fit
5,922,781,fit
5,923,259,fit
5,925,2019,fit
5,926,1769,fit
5,928,1703,fit
5,929,1296,fit
5,930,1525,fit
5,931,1937,fit
5,932,146,fit
5,933,761,fit
5,937,494,fit
5,939,1453,fit
5,940,9,fit
5,941,795,fit
5,942,1779,fit
5,943,680,fit
5,944,15,fit
5,945,1411,fit
5,947,402,fit
5,948,446,fit
5,949,310,fit
5,957,772,fit
5,959,1101,fit
5,960,1125,fit
5,962,1279,fit
5,963,440,fit
5,964,1975,fit
5,965,1552,fit
5,966,1857,fit
5,968,1815,fit
5,969,707,fit
5,973,1777,fit
5,974,1100,fit
5,975,1034,fit
5,976,1315,fit
5,977,658,fit
5,980,1027,fit
5,981,71,fit
5,982,1024,fit
5,983,1643,fit
5,984,950,fit
5,987,1157,fit
5,988,1848,fit
5,990,1216,fit
5,991,1767,fit
5,993,810,fit
5,995,1856,fit
5,996,1436,fit
5,997,1251,fit
5,998,1573,fit
5,999,1168,fit
5,1002,1549,fit
5,1004,434,fit
5,1006,932,fit
5,1007,1563,fit
5,1009,766,fit
5,1010,1321,fit
5,1012,1909,fit
5,1014,1731,fit
5,1015,1822,fit
5,1016,1810,fit
5,1017,1627,fit
5,1018,228,fit
5,1020,222,fit
5,1021,292,fit
5,1023,1864,fit
5,1024,734,fit
5,1026,817,fit
5,1027,159,fit
5,1029,898,fit
5,1031,2010,fit
5,1033,947,fit
5,1034,1906,fit
5,1036,1783,fit
5,1041,1346,fit
5,1043,697,fit
5,1045,341,fit
5,1048,261,fit
5,1050,883,fit
5,1051,504,fit
5,1055,86,fit
5,1056,822,fit
5,1057,275,fit
5,1058,652,fit
5,1060,1855,fit
5,1061,1053,fit
5,1062,1256,fit
5,1063,1512,fit
5,1066,1389,fit
5,1067,146,fit
5,1069,1405,fit
5,1070,612,fit
5,1071,139,fit
5,1072,1370,fit
5,1073,484,fit
5,1075,764,fit
5,1076,778,fit
5,1080,1075,fit
5,1081,601,fit
5,1082,1049,fit
5,1083,1146,fit
5,1084,1693,fit
5,1086,1025,fit
5,1088,745,fit
5,1089,1594,fit
5,1090,126,fit
5,1092,1266,fit
5,1093,980,fit
5,1094,1109,fit
5,1097,1530,fit
5,1098,1943,fit
5,1099,1632,fit
5,1101,1473,fit
5,1105,376,fit
5,1106,1961,fit
5,1109,933,fit
5,1110,518,fit
5,1111,1557,fit
5,1112,1519,fit
5,1114,1491,fit
5,1115,844,fit
5,1116,864,fit
5,1118,1178,fit
5,1119,498,fit
5,1121,995,fit
5,1122,1636,fit
5,1123,954,fit
5,1124,1765,fit
5,1125,1230,fit
5,1126,208,fit
5,1127,1156,fit
5,1129,39,fit
5,1131,1871,fit
5,1132,25,fit
5,1134,549,fit
5,1135,1533,fit
5,1136,1837,fit
5,1137,418,fit
5,1138,711,fit
5,1139,1289,fit
5,1141,1817,fit
5,1145,499,fit
5,1147,1589,fit
5,1148,1187,fit
5,1149,1201,fit
5,1150,1197,fit
5,1151,693,fit
5,1153,219,fit
5,1154,539,fit
5,1157,1892,fit
5,1159,368,fit
5,1160,1828,fit
5,1161,87,fit
5,1162,1309,fit
5,1163,1826,fit
5,1164,1718,fit
5,1165,1223,fit
5,1166,1963,fit
5,1167,584,fit
5,1168,1320,fit
5,1169,383,fit
5,1170,1474,fit
5,1172,919,fit
5,1173,496,fit
5,1177,1996,fit
5,1178,1165,fit
5,1179,1257,fit
5,1181,489,fit
5,1186,1113,fit
5,1188,812,fit
5,1189,488,fit
5,1192,1150,fit
5,1195,633,fit
5,1196,354,fit
5,1198,171,fit
5,1199,522,fit
5,1201,119,fit
5,1202,432,fit
5,1204,1885,fit
5,1206,247,fit
5,1207,326,fit
5,1208,1417,fit
5,1209,1244,fit
5,1210,1510,fit
5,1211,1017,fit
5,1212,1904,fit
5,1213,1548,fit
5,1214,266,fit
5,1215,653,fit
5,1217,1380,fit
5,1218,1373,fit
5,1220,27,fit
5,1221,691,fit
5,1223,507,fit
5,1224,158,fit
5,1225,550,fit
5,1226,57,fit
5,1227,177,fit
5,1228,638,fit
5,1231,598,fit
5,1232,1750,fit
5,1233,478,fit
5,1235,925,fit
5,1236,1255,fit
5,1241,99,fit
5,1242,314,fit
5,1243,462,fit
5,1244,1322,fit
5,1245,2033,fit
5,1247,755,fit
5,1248,1685,fit
5,1250,419,fit
5,1252,363,fit
5,1256,1755,fit
5,1257,1855,fit
5,1258,365,fit
5,1261,1524,fit
5,1262,1530,fit
5,1263,1867,fit
5,1264,1057,fit
5,1266,1942,fit
5,1267,375,fit
5,1268,1655,fit
5,1269,816,fit
5,1270,858,fit
5,1271,1752,fit
5,1274,378,fit
5,1275,1489,fit
5,1276,1393,fit
5,1277,1345,fit
5,1278,712,fit
5,1280,1314,fit
5,1281,1347,fit
5,1282,1893,fit
5,1283,298,fit
5,1284,749,fit
5,1288,1884,fit
5,1289,1397,fit
5,1290,1141,fit
5,1292,1985,fit
5,1293,578,fit
5,1294,1117,fit
5,1295,1120,fit
5,1297,1686,fit
5,1298,9,fit
5,1300,1927,fit
5,1301,577,fit
5,1303,347,fit
5,1304,367,fit
5,1309,1918,fit
5,1310,981,fit
5,1311,2023,fit
5,1315,1922,fit
5,1316,1431,fit
5,1318,672,fit
5,1319,1068,fit
5,1320,1571,fit
5,1321,154,fit
5,1323,1813,fit
5,1326,1396,fit
5,1327,1541,fit
5,1328,424,fit
5,1331,960,fit
5,1333,602,fit
5,1334,819,fit
5,1335,1307,fit
5,1336,1131,fit
5,1337,1819,fit
5,1338,732,fit
5,1339,275,fit
5,1340,1432,fit
5,1341,848,fit
5,1345,1527,fit
5,1346,549,fit
5,1348,1738,fit
5,1349,2007,fit
5,1351,1568,fit
5,1352,1076,fit
5,1354,442,fit
5,1355,1754,fit
5,1357,623,fit
5,1358,1391,fit
5,1360,566,fit
5,1361,890,fit
5,1364,1052,fit
5,1365,2026,fit
5,1367,1622,fit
5,1369,1560,fit
5,1372,1213,fit
5,1373,918,fit
5,1374,1798,fit
5,1375,1129,fit
5,1376,1127,fit
5,1380,0,fit
5,1381,1948,fit
5,1383,1562,fit
5,1385,993,fit
5,1386,359,fit
5,1387,862,fit
5,1388,651,fit
5,1389,2028,fit
5,1392,1748,fit
5,1393,1451,fit
5,1395,1150,fit
5,1396,124,fit
5,1397,1518,fit
5,1398,1903,fit
5,1399,1966,fit
5,1401,1939,fit
5,1403,1931,fit
5,1408,1899,fit
5,1410,517,fit
5,1412,155,fit
5,1413,844,fit
5,1414,1287,fit
5,1415,1921,fit
5,1416,646,fit
5,1417,1200,fit
5,1419,51,fit
5,1421,1454,fit
5,1423,1552,fit
5,1427,504,fit
5,1428,1060,fit
5,1429,153,fit
5,1431,1915,fit
5,1432,1231,fit
5,1433,1518,fit
5,1434,856,fit
5,1436,1420,fit
5,1437,338,fit
5,1438,125,fit
5,1439,657,fit
5,1440,147,fit
5,1442,1835,fit
5,1443,1464,fit
5,1444,403,fit
5,1446,127,fit
5,1447,996,fit
5,1448,863,fit
5,1451,776,fit
5,1452,898,fit
5,1453,983,fit
5,1454,2,fit
5,1457,1868,fit
5,1458,1048,fit
5,1460,760,fit
5,1462,1988,fit
5,1463,905,fit
5,1464,434,fit
5,1465,1694,fit
5,1467,1261,fit
5,1469,1176,fit
5,1471,1295,fit
5,1472,1361,fit
5,1476,877,fit
5,1479,1606,fit
5,1480,1830,fit
5,1481,1427,fit
5,1482,989,fit
5,1483,814,fit
5,1484,621,fit
5,1486,282,fit
5,1487,944,fit
5,1488,111,fit
5,1489,997,fit
5,1492,1866,fit
5,1493,325,fit
5,1494,1849,fit
5,1495,1542,fit
5,1497,1055,fit
5,1498,1060,fit
5,1499,92,fit
5,1500,312,fit
5,1502,886,fit
5,1505,727,fit
5,1506,1042,fit
5,1509,102,fit
5,1510,1306,fit
5,1512,93,fit
5,1514,1115,fit
5,1516,120,fit
5,1518,1439,fit
5,1520,1829,fit
5,1522,1949,fit
5,1524,59,fit
5,1525,1104,fit
5,1526,410,fit
5,1527,286,fit
5,1529,827,fit
5,1535,237,fit
5,1536,906,fit
5,1537,1843,fit
5,1538,313,fit
5,1543,1672,fit
5,1544,1565,fit
5,1548,548,fit
5,1552,870,fit
5,1553,1343,fit
5,1554,1265,fit
5,1556,1742,fit
5,1557,1420,fit
5,1558,199,fit
5,1561,1161,fit
5,1562,1203,fit
5,1563,1728,fit
5,1564,1014,fit
5,1565,290,fit
5,1567,169,fit
5,1571,92,fit
5,1572,1399,fit
5,1574,1502,fit
5,1575,1227,fit
5,1576,685,fit
5,1577,24,fit
5,1579,825,fit
5,1580,265,fit
5,1582,1855,fit
5,1583,880,fit
5,1585,1419,fit
5,1586,1776,fit
5,1588,1743,fit
5,1589,1155,fit
5,1590,1918,fit
5,1591,1350,fit
5,1592,924,fit
5,1595,1430,fit
5,1597,1095,fit
5,1598,1759,fit
5,1599,1135,fit
5,1600,62,fit
5,1601,1282,fit
5,1602,1766,fit
5,1605,307,fit
5,1606,1053,fit
5,1607,339,fit
5,1608,747,fit
5,1610,465,fit
5,1611,1735,fit
5,1612,471,fit
5,1613,193,fit
5,1616,1986,fit
5,1618,1019,fit
5,1620,1219,fit
5,1622,1018,fit
5,1623,1471,fit
5,1624,291,fit
5,1626,1096,fit
5,1627,1483,fit
5,1628,229,fit
5,1629,599,fit
5,1630,1194,fit
5,1631,1276,fit
5,1635,841,fit
5,1636,1005,fit
5,1637,23,fit
5,1638,1372,fit
5,1641,1050,fit
5,1643,162,fit
5,1644,1901,fit
5,1646,1802,fit
5,1648,70,fit
5,1649,1664,fit
5,1650,803,fit
5,1651,389,fit
5,1652,184,fit
5,1653,118,fit
5,1654,5,fit
5,1656,1061,fit
5,1657,1745,fit
5,1658,774,fit
5,1659,1488,fit
5,1662,1873,fit
5,1664,178,fit
5,1665,1657,fit
5,1667,1254,fit
5,1669,765,fit
5,1672,2016,fit
5,1674,874,fit
5,1675,1898,fit
5,1676,1091,fit
5,1677,1140,fit
5,1678,1991,fit
5,1679,1599,fit
5,1680,1862,fit
5,1681,1506,fit
5,1682,1167,fit
5,1683,969,fit
5,1684,426,fit
5,1687,897,fit
5,1688,315,fit
5,1690,1493,fit
5,1691,843,fit
5,1692,1689,fit
5,1693,620,fit
5,1695,1501,fit
5,1698,57,fit
5,1701,520,fit
5,1702,190,fit
5,1703,594,fit
5,1705,1043,fit
5,1707,1517,fit
5,1708,276,fit
5,1710,1121,fit
5,1711,790,fit
5,1712,341,fit
5,1713,1629,fit
5,1716,527,fit
5,1719,191,fit
5,1720,1362,fit
5,1722,1202,fit
5,1724,1642,fit
5,1725,313,fit
5,1726,783,fit
5,1727,903,fit
5,1728,1454,fit
5,1731,957,fit
5,1732,1463,fit
5,1733,668,fit
5,1734,240,fit
5,1735,1644,fit
5,1736,1124,fit
5,1737,636,fit
5,1738,676,fit
5,1739,593,fit
5,1740,1303,fit
5,1741,1465,fit
5,1744,2002,fit
5,1745,878,fit
5,1748,1270,fit
5,1750,853,fit
5,1751,428,fit
5,1754,1495,fit
5,1755,433,fit
5,1757,1774,fit
5,1760,1911,fit
5,1761,421,fit
5,1762,887,fit
5,1763,1941,fit
5,1764,602,fit
5,1767,82,fit
5,1768,1660,fit
5,1770,741,fit
5,1771,1039,fit
5,1774,1753,fit
5,1775,1555,fit
5,1776,1260,fit
5,1777,673,fit
5,1778,1,fit
5,1780,854,fit
5,1781,1072,fit
5,1783,480,fit
5,1787,1169,fit
5,1789,1516,fit
5,1791,1132,fit
5,1792,425,fit
5,1793,831,fit
5,1794,459,fit
5,1795,1723,fit
5,1796,1050,fit
5,1797,1797,fit
5,1799,1957,fit
5,1801,270,fit
5,1802,1042,fit
5,1804,1147,fit
5,1805,43,fit
5,1806,1640,fit
5,1807,1790,fit
5,1808,689,fit
5,1809,1003,fit
5,1810,1466,fit
5,1811,1842,fit
5,1812,185,fit
5,1816,1475,fit
5,1817,1310,fit
5,1818,793,fit
5,1820,901,fit
5,1821,1823,fit
5,1822,1324,fit
5,1823,1702,fit
5,1824,1162,fit
5,1826,1046,fit
5,1827,576,fit
5,1828,2000,fit
5,1829,1426,fit
5,1830,180,fit
5,1832,1612,fit
5,1833,85,fit
5,1834,200,fit
5,1837,965,fit
5,1839,667,fit
5,1841,151,fit
5,1842,842,fit
5,1843,1586,fit
5,1844,1375,fit
5,1845,575,fit
5,1847,530,fit
5,1849,1152,fit
5,1850,1390,fit
5,1852,1998,fit
5,1853,1097,fit
5,1854,335,fit
5,1856,699,fit
5,1857,1212,fit
5,1858,110,fit
5,1859,1266,fit
5,1861,1568,fit
5,1862,321,fit
5,1866,807,fit
5,1867,552,fit
5,1868,1037,fit
5,1870,929,fit
5,1871,207,fit
5,1872,1400,fit
5,1873,80,fit
5,1874,935,fit
5,1875,1968,fit
5,1878,756,fit
5,1880,811,fit
5,1882,168,fit
5,1886,675,fit
5,1888,327,fit
5,1889,1676,fit
5,1891,511,fit
5,1892,821,fit
5,1894,483,fit
5,1895,44,fit
5,1896,1479,fit
5,1897,94,fit
5,1899,837,fit
5,1900,73,fit
5,1901,655,fit
5,1902,108,fit
5,1903,1108,fit
5,1905,1910,fit
5,1906,1235,fit
5,1910,30,fit
5,1911,2008,fit
5,1913,1432,fit
5,1914,1459,fit
5,1915,1810,fit
5,1917,1803,fit
5,1918,1338,fit
5,1921,1764,fit
5,1922,29,fit
5,1923,1683,fit
5,1925,1241,fit
5,1928,833,fit
5,1929,939,fit
5,1930,910,fit
5,1931,705,fit
5,1932,1078,fit
5,1933,618,fit
5,1935,1626,fit
5,1936,733,fit
5,1938,1625,fit
5,1940,1085,fit
5,1943,1697,fit
5,1944,1551,fit
5,1945,1987,fit
5,1946,1361,fit
5,1947,1264,fit
5,1948,1494,fit
5,1949,1250,fit
5,1953,1008,fit
5,1956,1802,fit
5,1958,1916,fit
5,1961,103,fit
5,1962,36,fit
5,1965,1006,fit
5,1968,332,fit
5,1969,1072,fit
5,1970,570,fit
5,1971,225,fit
5,1972,255,fit
5,1973,1379,fit
5,1974,1383,fit
5,1975,131,fit
5,1976,469,fit
5,1978,82,fit
5,1979,1406,fit
5,1980,1538,fit
5,1981,1520,fit
5,1982,515,fit
5,1984,543,fit
5,1987,1925,fit
5,1988,559,fit
5,1993,1575,fit
5,1997,736,fit
5,1999,1613,fit
5,2000,1995,fit
5,2001,1906,fit
5,2002,31,fit
5,2006,20,fit
5,2007,1031,fit
5,2008,1807,fit
5,2010,32,fit
5,2011,1760,fit
5,2015,116,fit
5,2017,204,fit
5,2018,1179,fit
5,2019,1795,fit
5,2021,400,fit
5,2023,1554,fit
5,2025,555,fit
5,2027,67,fit
5,2028,1876,fit
5,2029,477,fit
5,2032,838,fit
5,2033,1029,fit
5,2034,1002,fit
5,2036,525,fit
5,2037,1944,fit
5,2038,597,fit
5,2040,1705,fit
5,2041,868,fit
5,2042,1680,fit
5,2044,264,fit
5,2045,1770,fit
5,2046,221,fit
5,2048,630,fit
5,2050,1138,fit
5,2051,1107,fit
5,2053,160,fit
5,2054,1742,fit
5,2056,521,fit
5,2057,605,fit
5,2060,972,fit
5,2062,1889,fit
5,2065,1433,fit
5,2068,686,fit
5,2069,1324,fit
5,2072,1688,fit
5,2073,1069,fit
5,2076,1337,fit
5,2077,789,fit
5,2078,450,fit
5,2081,1460,fit
5,2083,344,fit
5,2084,534,fit
5,2085,920,fit
5,2086,977,fit
5,2087,1598,fit
5,2089,554,fit
5,2090,330,fit
5,2091,555,fit
5,2092,328,fit
5,2094,138,fit
5,2099,976,fit
5,2100,188,fit
5,2103,1538,fit
5,2105,586,fit
5,2106,538,fit
5,2107,1339,fit
5,2110,49,fit
5,2111,565,fit
5,2112,881,fit
5,2116,1584,fit
5,2117,201,fit
5,2119,904,fit
5,2120,700,fit
5,2121,1882,fit
5,2124,1500,fit
5,2127,1576,fit
5,2128,1335,fit
5,2130,1890,fit
5,2131,1914,fit
5,2132,132,fit
5,2135,1617,fit
5,2137,137,fit
5,2139,616,fit
5,2140,1041,fit
5,2143,1619,fit
5,2147,1070,fit
5,2151,1005,fit
5,2153,458,fit
5,2154,76,fit
5,2156,1183,fit
5,2157,1325,fit
5,2158,1505,fit
5,2159,985,fit
5,2161,1569,fit
5,2162,806,fit
5,2163,1842,fit
5,2164,830,fit
5,2167,47,fit
5,2169,1529,fit
5,2172,798,fit
5,2173,635,fit
5,2174,1543,fit
5,2175,872,fit
5,2176,293,fit
5,2177,1508,fit
5,2178,452,fit
5,2180,358,fit
5,2181,510,fit
5,2183,941,fit
5,2184,1174,fit
5,2185,1592,fit
5,2186,101,fit
5,2188,357,fit
5,2189,1010,fit
5,2190,1425,fit
5,2191,721,fit
5,2192,1480,fit
5,2193,938,fit
5,2194,1581,fit
5,2199,1543,fit
5,2201,1432,fit
5,2202,1733,fit
5,2205,614,fit
5,2207,1217,fit
5,2208,1846,fit
5,2210,970,fit
5,2211,1665,fit
5,2212,1785,fit
5,2215,1194,fit
5,2216,974,fit
5,2218,1841,fit
5,2219,1234,fit
5,2220,1649,fit
5,2222,623,fit
5,2223,849,fit
5,2225,1559,fit
5,2226,75,fit
5,2227,1716,fit
5,2229,1448,fit
5,2230,545,fit
5,2231,666,fit
5,2232,621,fit
5,2233,512,fit
5,2234,362,fit
5,10,729,policy_validation
5,23,1441,policy_validation
5,29,701,policy_validation
5,34,1199,policy_validation
5,41,1671,policy_validation
5,50,213,policy_validation
5,52,1720,policy_validation
5,57,267,policy_validation
5,75,723,policy_validation
5,89,779,policy_validation
5,95,223,policy_validation
5,97,1476,policy_validation
5,109,130,policy_validation
5,111,1016,policy_validation
5,121,1112,policy_validation
5,129,1237,policy_validation
5,132,194,policy_validation
5,148,369,policy_validation
5,153,123,policy_validation
5,159,1422,policy_validation
5,162,742,policy_validation
5,165,182,policy_validation
5,173,528,policy_validation
5,175,1154,policy_validation
5,177,829,policy_validation
5,183,572,policy_validation
5,184,1932,policy_validation
5,191,773,policy_validation
5,203,308,policy_validation
5,211,1045,policy_validation
5,214,735,policy_validation
5,218,1371,policy_validation
5,235,329,policy_validation
5,249,820,policy_validation
5,250,1593,policy_validation
5,258,688,policy_validation
5,263,216,policy_validation
5,264,1415,policy_validation
5,266,1192,policy_validation
5,274,879,policy_validation
5,281,1847,policy_validation
5,284,1820,policy_validation
5,294,1384,policy_validation
5,298,625,policy_validation
5,299,835,policy_validation
5,306,41,policy_validation
5,307,1269,policy_validation
5,312,1900,policy_validation
5,324,1186,policy_validation
5,326,902,policy_validation
5,334,1408,policy_validation
5,342,671,policy_validation
5,359,961,policy_validation
5,363,157,policy_validation
5,372,1698,policy_validation
5,376,6,policy_validation
5,378,1727,policy_validation
5,380,369,policy_validation
5,388,486,policy_validation
5,396,1291,policy_validation
5,401,889,policy_validation
5,403,1558,policy_validation
5,413,923,policy_validation
5,414,656,policy_validation
5,418,223,policy_validation
5,420,1913,policy_validation
5,428,1673,policy_validation
5,429,663,policy_validation
5,446,1507,policy_validation
5,448,1253,policy_validation
5,450,1616,policy_validation
5,451,1990,policy_validation
5,452,1540,policy_validation
5,460,1415,policy_validation
5,462,523,policy_validation
5,471,1964,policy_validation
5,480,1128,policy_validation
5,488,1970,policy_validation
5,492,968,policy_validation
5,504,1736,policy_validation
5,514,1385,policy_validation
5,516,1863,policy_validation
5,518,461,policy_validation
5,531,141,policy_validation
5,538,1285,policy_validation
5,540,1579,policy_validation
5,544,3,policy_validation
5,552,1305,policy_validation
5,555,1874,policy_validation
5,556,684,policy_validation
5,562,144,policy_validation
5,566,1858,policy_validation
5,574,542,policy_validation
5,577,1704,policy_validation
5,586,1812,policy_validation
5,588,617,policy_validation
5,596,233,policy_validation
5,597,1564,policy_validation
5,598,1449,policy_validation
5,601,420,policy_validation
5,612,1327,policy_validation
5,617,1064,policy_validation
5,621,1958,policy_validation
5,623,1035,policy_validation
5,625,500,policy_validation
5,626,982,policy_validation
5,633,788,policy_validation
5,635,186,policy_validation
5,645,1160,policy_validation
5,649,1763,policy_validation
5,658,1727,policy_validation
5,668,364,policy_validation
5,682,1535,policy_validation
5,686,1952,policy_validation
5,693,1028,policy_validation
5,697,2005,policy_validation
5,709,1058,policy_validation
5,712,115,policy_validation
5,718,1687,policy_validation
5,720,930,policy_validation
5,721,1215,policy_validation
5,743,1435,policy_validation
5,746,48,policy_validation
5,753,710,policy_validation
5,755,771,policy_validation
5,759,1997,policy_validation
5,768,1144,policy_validation
5,773,763,policy_validation
5,779,1609,policy_validation
5,781,846,policy_validation
5,782,1081,policy_validation
5,792,68,policy_validation
5,809,942,policy_validation
5,821,684,policy_validation
5,825,1499,policy_validation
5,839,123,policy_validation
5,845,411,policy_validation
5,848,1441,policy_validation
5,860,28,policy_validation
5,866,1983,policy_validation
5,868,1021,policy_validation
5,879,1768,policy_validation
5,885,274,policy_validation
5,894,809,policy_validation
5,897,632,policy_validation
5,902,2021,policy_validation
5,908,794,policy_validation
5,910,1621,policy_validation
5,914,1579,policy_validation
5,917,1421,policy_validation
5,919,150,policy_validation
5,924,437,policy_validation
5,936,895,policy_validation
5,938,236,policy_validation
5,956,1351,policy_validation
5,978,799,policy_validation
5,989,610,policy_validation
5,992,1028,policy_validation
5,1001,1850,policy_validation
5,1035,1071,policy_validation
5,1040,1377,policy_validation
5,1042,1051,policy_validation
5,1044,467,policy_validation
5,1054,650,policy_validation
5,1065,1365,policy_validation
5,1079,323,policy_validation
5,1087,1311,policy_validation
5,1091,2012,policy_validation
5,1096,634,policy_validation
5,1100,1607,policy_validation
5,1104,1874,policy_validation
5,1108,495,policy_validation
5,1113,1775,policy_validation
5,1142,1637,policy_validation
5,1143,1275,policy_validation
5,1146,949,policy_validation
5,1156,336,policy_validation
5,1175,98,policy_validation
5,1176,60,policy_validation
5,1183,78,policy_validation
5,1185,1317,policy_validation
5,1187,1860,policy_validation
5,1190,604,policy_validation
5,1191,1240,policy_validation
5,1194,1570,policy_validation
5,1200,688,policy_validation
5,1203,701,policy_validation
5,1205,994,policy_validation
5,1230,1206,policy_validation
5,1238,1631,policy_validation
5,1239,1228,policy_validation
5,1240,260,policy_validation
5,1246,393,policy_validation
5,1249,2024,policy_validation
5,1260,1119,policy_validation
5,1272,302,policy_validation
5,1279,1976,policy_validation
5,1286,1646,policy_validation
5,1291,1079,policy_validation
5,1296,209,policy_validation
5,1299,173,policy_validation
5,1302,583,policy_validation
5,1305,1036,policy_validation
5,1306,1490,policy_validation
5,1308,311,policy_validation
5,1322,750,policy_validation
5,1325,1007,policy_validation
5,1330,1905,policy_validation
5,1342,1058,policy_validation
5,1343,1887,policy_validation
5,1363,857,policy_validation
5,1366,1591,policy_validation
5,1368,342,policy_validation
5,1377,163,policy_validation
5,1382,908,policy_validation
5,1390,479,policy_validation
5,1404,606,policy_validation
5,1406,1233,policy_validation
5,1407,1740,policy_validation
5,1420,509,policy_validation
5,1424,936,policy_validation
5,1435,1825,policy_validation
5,1445,1692,policy_validation
5,1455,1713,policy_validation
5,1456,1758,policy_validation
5,1459,1421,policy_validation
5,1461,1895,policy_validation
5,1466,719,policy_validation
5,1470,695,policy_validation
5,1473,311,policy_validation
5,1474,1662,policy_validation
5,1478,1449,policy_validation
5,1485,385,policy_validation
5,1496,1749,policy_validation
5,1504,351,policy_validation
5,1508,1698,policy_validation
5,1511,1151,policy_validation
5,1513,1528,policy_validation
5,1517,466,policy_validation
5,1519,243,policy_validation
5,1521,34,policy_validation
5,1528,1349,policy_validation
5,1530,1698,policy_validation
5,1532,1462,policy_validation
5,1533,1787,policy_validation
5,1539,1553,policy_validation
5,1540,443,policy_validation
5,1541,1484,policy_validation
5,1547,356,policy_validation
5,1550,1377,policy_validation
5,1551,1763,policy_validation
5,1555,535,policy_validation
5,1560,955,policy_validation
5,1569,60,policy_validation
5,1573,1869,policy_validation
5,1578,109,policy_validation
5,1587,1317,policy_validation
5,1604,1514,policy_validation
5,1617,1781,policy_validation
5,1621,245,policy_validation
5,1632,1299,policy_validation
5,1633,456,policy_validation
5,1634,1600,policy_validation
5,1642,1102,policy_validation
5,1647,91,policy_validation
5,1660,50,policy_validation
5,1663,63,policy_validation
5,1666,2024,policy_validation
5,1668,1110,policy_validation
5,1670,1958,policy_validation
5,1685,596,policy_validation
5,1686,1736,policy_validation
5,1694,404,policy_validation
5,1696,1333,policy_validation
5,1697,83,policy_validation
5,1700,1522,policy_validation
5,1717,14,policy_validation
5,1718,547,policy_validation
5,1721,1800,policy_validation
5,1729,516,policy_validation
5,1730,1172,policy_validation
5,1742,374,policy_validation
5,1746,1099,policy_validation
5,1752,1831,policy_validation
5,1756,1946,policy_validation
5,1758,815,policy_validation
5,1765,1932,policy_validation
5,1766,1880,policy_validation
5,1782,136,policy_validation
5,1784,839,policy_validation
5,1785,382,policy_validation
5,1788,1079,policy_validation
5,1790,243,policy_validation
5,1803,2032,policy_validation
5,1814,203,policy_validation
5,1838,430,policy_validation
5,1855,280,policy_validation
5,1863,1249,policy_validation
5,1884,1681,policy_validation
5,1885,1220,policy_validation
5,1898,553,policy_validation
5,1919,289,policy_validation
5,1924,429,policy_validation
5,1926,567,policy_validation
5,1937,580,policy_validation
5,1939,1134,policy_validation
5,1942,757,policy_validation
5,1950,1496,policy_validation
5,1955,172,policy_validation
5,1959,1086,policy_validation
5,1964,975,policy_validation
5,1983,560,policy_validation
5,1986,1928,policy_validation
5,1990,252,policy_validation
5,1991,1839,policy_validation
5,1992,8,policy_validation
5,1994,294,policy_validation
5,2004,104,policy_validation
5,2014,896,policy_validation
5,2016,1654,policy_validation
5,2020,1181,policy_validation
5,2026,1805,policy_validation
5,2030,1920,policy_validation
5,2039,1403,policy_validation
5,2055,871,policy_validation
5,2058,1428,policy_validation
5,2059,1692,policy_validation
5,2061,1763,policy_validation
5,2063,317,policy_validation
5,2066,1455,policy_validation
5,2067,1358,policy_validation
5,2074,677,policy_validation
5,2079,1545,policy_validation
5,2080,1749,policy_validation
5,2082,1253,policy_validation
5,2093,1648,policy_validation
5,2095,473,policy_validation
5,2096,1094,policy_validation
5,2102,1081,policy_validation
5,2104,1469,policy_validation
5,2113,1793,policy_validation
5,2114,866,policy_validation
5,2115,401,policy_validation
5,2125,1259,policy_validation
5,2134,1609,policy_validation
5,2138,916,policy_validation
5,2141,642,policy_validation
5,2142,1583,policy_validation
5,2149,1938,policy_validation
5,2160,852,policy_validation
5,2165,22,policy_validation
5,2170,1340,policy_validation
5,2179,1825,policy_validation
5,2182,2003,policy_validation
5,2196,988,policy_validation
5,2200,1278,policy_validation
5,2203,1000,policy_validation
5,2213,1206,policy_validation
5,2217,588,policy_validation
5,2224,1166,policy_validation
5,2235,717,policy_validation
5,4,953,outer_test
5,6,1977,outer_test
5,7,431,outer_test
5,28,377,outer_test
5,31,38,outer_test
5,32,737,outer_test
5,45,77,outer_test
5,55,1504,outer_test
5,56,142,outer_test
5,61,454,outer_test
5,69,753,outer_test
5,71,1180,outer_test
5,72,152,outer_test
5,76,1026,outer_test
5,79,692,outer_test
5,80,912,outer_test
5,83,38,outer_test
5,84,1940,outer_test
5,85,1402,outer_test
5,86,506,outer_test
5,94,324,outer_test
5,99,1477,outer_test
5,100,746,outer_test
5,102,1509,outer_test
5,105,1984,outer_test
5,110,1717,outer_test
5,124,1263,outer_test
5,125,1376,outer_test
5,128,40,outer_test
5,133,823,outer_test
5,149,603,outer_test
5,152,637,outer_test
5,155,888,outer_test
5,158,845,outer_test
5,169,1875,outer_test
5,171,206,outer_test
5,174,564,outer_test
5,176,698,outer_test
5,178,730,outer_test
5,186,1674,outer_test
5,187,1833,outer_test
5,188,45,outer_test
5,190,1981,outer_test
5,193,786,outer_test
5,212,1392,outer_test
5,215,1741,outer_test
5,216,1142,outer_test
5,220,1209,outer_test
5,228,1714,outer_test
5,229,1684,outer_test
5,230,1214,outer_test
5,232,1556,outer_test
5,233,1290,outer_test
5,241,694,outer_test
5,246,1243,outer_test
5,253,502,outer_test
5,254,600,outer_test
5,261,84,outer_test
5,269,1498,outer_test
5,286,1865,outer_test
5,287,644,outer_test
5,291,834,outer_test
5,293,892,outer_test
5,295,1954,outer_test
5,301,2031,outer_test
5,311,1960,outer_test
5,317,1456,outer_test
5,322,1170,outer_test
5,325,540,outer_test
5,328,1610,outer_test
5,329,1669,outer_test
5,332,1747,outer_test
5,344,334,outer_test
5,353,1258,outer_test
5,360,84,outer_test
5,361,492,outer_test
5,386,1515,outer_test
5,402,1274,outer_test
5,406,813,outer_test
5,409,89,outer_test
5,410,725,outer_test
5,415,253,outer_test
5,416,519,outer_test
5,419,441,outer_test
5,421,958,outer_test
5,422,482,outer_test
5,424,1434,outer_test
5,430,1001,outer_test
5,435,1298,outer_test
5,444,1503,outer_test
5,449,279,outer_test
5,456,112,outer_test
5,457,1450,outer_test
5,465,718,outer_test
5,470,1381,outer_test
5,481,189,outer_test
5,482,268,outer_test
5,484,1883,outer_test
5,486,487,outer_test
5,487,1721,outer_test
5,491,882,outer_test
5,495,1054,outer_test
5,508,1806,outer_test
5,510,366,outer_test
5,513,1323,outer_test
5,526,1611,outer_test
5,536,1679,outer_test
5,537,674,outer_test
5,545,792,outer_test
5,548,900,outer_test
5,582,427,outer_test
5,587,768,outer_test
5,589,337,outer_test
5,593,305,outer_test
5,602,1446,outer_test
5,606,422,outer_test
5,607,1701,outer_test
5,609,1756,outer_test
5,618,664,outer_test
5,624,392,outer_test
5,634,345,outer_test
5,640,1994,outer_test
5,642,1098,outer_test
5,643,2015,outer_test
5,657,1047,outer_test
5,659,850,outer_test
5,676,1304,outer_test
5,677,1106,outer_test
5,687,800,outer_test
5,694,1601,outer_test
5,700,230,outer_test
5,703,1587,outer_test
5,705,300,outer_test
5,708,973,outer_test
5,723,1929,outer_test
5,727,202,outer_test
5,735,226,outer_test
5,736,743,outer_test
5,737,316,outer_test
5,740,1838,outer_test
5,744,1784,outer_test
5,747,669,outer_test
5,749,850,outer_test
5,757,1816,outer_test
5,765,1635,outer_test
5,767,1947,outer_test
5,783,1999,outer_test
5,785,258,outer_test
5,791,187,outer_test
5,801,1732,outer_test
5,803,1761,outer_test
5,804,242,outer_test
5,806,55,outer_test
5,812,624,outer_test
5,813,1283,outer_test
5,818,474,outer_test
5,826,26,outer_test
5,828,1536,outer_test
5,834,992,outer_test
5,836,1238,outer_test
5,838,1667,outer_test
5,852,2018,outer_test
5,856,350,outer_test
5,858,808,outer_test
5,859,715,outer_test
5,863,122,outer_test
5,869,1531,outer_test
5,886,1811,outer_test
5,889,1122,outer_test
5,890,241,outer_test
5,903,1641,outer_test
5,915,1348,outer_test
5,916,1407,outer_test
5,921,687,outer_test
5,927,855,outer_test
5,934,1273,outer_test
5,935,412,outer_test
5,946,681,outer_test
5,950,284,outer_test
5,951,921,outer_test
5,952,1935,outer_test
5,953,1326,outer_test
5,954,629,outer_test
5,955,1009,outer_test
5,958,1149,outer_test
5,961,1410,outer_test
5,967,709,outer_test
5,970,69,outer_test
5,971,1852,outer_test
5,972,1577,outer_test
5,979,894,outer_test
5,985,1789,outer_test
5,986,780,outer_test
5,994,1875,outer_test
5,1000,631,outer_test
5,1003,1103,outer_test
5,1005,792,outer_test
5,1008,161,outer_test
5,1011,497,outer_test
5,1013,1130,outer_test
5,1019,1624,outer_test
5,1022,818,outer_test
5,1025,1894,outer_test
5,1028,1252,outer_test
5,1030,231,outer_test
5,1032,248,outer_test
5,1037,551,outer_test
5,1038,417,outer_test
5,1039,1595,outer_test
5,1046,2029,outer_test
5,1047,1130,outer_test
5,1049,1751,outer_test
5,1052,1330,outer_test
5,1053,1971,outer_test
5,1059,1907,outer_test
5,1064,33,outer_test
5,1068,1897,outer_test
5,1074,1467,outer_test
5,1077,1413,outer_test
5,1078,1472,outer_test
5,1085,979,outer_test
5,1095,828,outer_test
5,1102,74,outer_test
5,1103,273,outer_test
5,1107,1547,outer_test
5,1117,917,outer_test
5,1120,1821,outer_test
5,1128,1312,outer_test
5,1130,1369,outer_test
5,1133,129,outer_test
5,1140,322,outer_test
5,1144,934,outer_test
5,1152,1526,outer_test
5,1155,1663,outer_test
5,1158,934,outer_test
5,1171,962,outer_test
5,1174,1357,outer_test
5,1180,90,outer_test
5,1182,1105,outer_test
5,1184,557,outer_test
5,1193,1635,outer_test
5,1197,1352,outer_test
5,1216,181,outer_test
5,1219,1772,outer_test
5,1222,1185,outer_test
5,1229,406,outer_test
5,1234,1696,outer_test
5,1237,513,outer_test
5,1251,1106,outer_test
5,1253,859,outer_test
5,1254,1032,outer_test
5,1255,999,outer_test
5,1259,320,outer_test
5,1265,1020,outer_test
5,1273,1363,outer_test
5,1285,1834,outer_test
5,1287,197,outer_test
5,1307,659,outer_test
5,1312,529,outer_test
5,1313,263,outer_test
5,1314,1196,outer_test
5,1317,1796,outer_test
5,1324,1912,outer_test
5,1329,1827,outer_test
5,1332,1292,outer_test
5,1344,1477,outer_test
5,1347,143,outer_test
5,1350,381,outer_test
5,1353,21,outer_test
5,1356,107,outer_test
5,1359,1618,outer_test
5,1362,1550,outer_test
5,1370,800,outer_test
5,1371,840,outer_test
5,1378,1567,outer_test
5,1379,1175,outer_test
5,1384,1467,outer_test
5,1391,444,outer_test
5,1394,524,outer_test
5,1400,1191,outer_test
5,1402,451,outer_test
5,1405,1015,outer_test
5,1409,135,outer_test
5,1411,176,outer_test
5,1418,1801,outer_test
5,1422,1418,outer_test
5,1425,1268,outer_test
5,1426,1111,outer_test
5,1430,984,outer_test
5,1441,1318,outer_test
5,1449,1859,outer_test
5,1450,105,outer_test
5,1468,948,outer_test
5,1475,937,outer_test
5,1477,2018,outer_test
5,1490,1137,outer_test
5,1491,407,outer_test
5,1501,544,outer_test
5,1503,971,outer_test
5,1507,709,outer_test
5,1515,1153,outer_test
5,1523,1737,outer_test
5,1531,1845,outer_test
5,1534,149,outer_test
5,1542,1954,outer_test
5,1545,1341,outer_test
5,1546,1590,outer_test
5,1549,508,outer_test
5,1559,1561,outer_test
5,1566,585,outer_test
5,1568,417,outer_test
5,1570,1093,outer_test
5,1581,1940,outer_test
5,1584,117,outer_test
5,1593,1999,outer_test
5,1594,964,outer_test
5,1596,1650,outer_test
5,1603,762,outer_test
5,1609,907,outer_test
5,1614,1198,outer_test
5,1615,381,outer_test
5,1619,112,outer_test
5,1625,787,outer_test
5,1639,1762,outer_test
5,1640,1984,outer_test
5,1645,1038,outer_test
5,1655,579,outer_test
5,1661,1669,outer_test
5,1671,1226,outer_test
5,1673,1878,outer_test
5,1689,1328,outer_test
5,1699,1623,outer_test
5,1704,1116,outer_test
5,1706,531,outer_test
5,1709,1844,outer_test
5,1714,704,outer_test
5,1715,1902,outer_test
5,1723,1461,outer_test
5,1743,287,outer_test
5,1747,600,outer_test
5,1749,16,outer_test
5,1753,654,outer_test
5,1759,370,outer_test
5,1769,1330,outer_test
5,1772,1461,outer_test
5,1773,912,outer_test
5,1779,1067,outer_test
5,1786,1717,outer_test
5,1798,2009,outer_test
5,1800,1684,outer_test
5,1813,1083,outer_test
5,1815,1924,outer_test
5,1819,107,outer_test
5,1825,875,outer_test
5,1831,1352,outer_test
5,1835,859,outer_test
5,1836,738,outer_test
5,1840,372,outer_test
5,1846,10,outer_test
5,1848,214,outer_test
5,1851,1429,outer_test
5,1860,1945,outer_test
5,1864,1062,outer_test
5,1865,563,outer_test
5,1869,1073,outer_test
5,1876,455,outer_test
5,1877,95,outer_test
5,1879,167,outer_test
5,1881,775,outer_test
5,1883,1386,outer_test
5,1887,1243,outer_test
5,1890,1044,outer_test
5,1893,1981,outer_test
5,1904,824,outer_test
5,1907,1164,outer_test
5,1908,1690,outer_test
5,1909,1852,outer_test
5,1912,355,outer_test
5,1916,1143,outer_test
5,1920,592,outer_test
5,1927,1424,outer_test
5,1934,1159,outer_test
5,1941,1989,outer_test
5,1951,1204,outer_test
5,1952,1726,outer_test
5,1954,1539,outer_test
5,1957,1088,outer_test
5,1960,649,outer_test
5,1963,463,outer_test
5,1966,1965,outer_test
5,1967,613,outer_test
5,1977,360,outer_test
5,1985,1492,outer_test
5,1989,2004,outer_test
5,1995,1917,outer_test
5,1996,56,outer_test
5,1998,928,outer_test
5,2003,1248,outer_test
5,2005,865,outer_test
5,2009,215,outer_test
5,2012,1590,outer_test
5,2013,1582,outer_test
5,2022,96,outer_test
5,2024,1033,outer_test
5,2031,574,outer_test
5,2035,1497,outer_test
5,2043,468,outer_test
5,2047,590,outer_test
5,2049,1482,outer_test
5,2052,1232,outer_test
5,2064,1708,outer_test
5,2070,1907,outer_test
5,2071,1221,outer_test
5,2075,943,outer_test
5,2088,1658,outer_test
5,2097,1630,outer_test
5,2098,1054,outer_test
5,2101,619,outer_test
5,2108,1597,outer_test
5,2109,220,outer_test
5,2118,1336,outer_test
5,2122,1696,outer_test
5,2123,1833,outer_test
5,2126,1572,outer_test
5,2129,2025,outer_test
5,2133,423,outer_test
5,2136,1778,outer_test
5,2144,860,outer_test
5,2145,1521,outer_test
5,2146,1077,outer_test
5,2148,399,outer_test
5,2150,423,outer_test
5,2152,608,outer_test
5,2155,1284,outer_test
5,2166,785,outer_test
5,2168,1773,outer_test
5,2171,309,outer_test
5,2187,558,outer_test
5,2195,1891,outer_test
5,2197,387,outer_test
5,2198,1395,outer_test
5,2204,1870,outer_test
5,2206,295,outer_test
5,2209,1487,outer_test
5,2214,1737,outer_test
5,2221,166,outer_test
5,2228,1440,outer_test
